ticker,empresa,mint_xstocks,mint_ondo,vol24h_xstocks,vol24h_ondo,cotiz_bps,ganador,nota,categoria,tipo,rt100_bps_xstocks,rt100_bps_ondo,xs_filtro_06oct,liq_jup_xstocks,liq_jup_ondo,cg_vol24h_todas_redes_xstocks,cg_vol24h_todas_redes_ondo
SPCX,SpaceX,Xs3oZwbHvqis4NYcf4YKWmEia2eC84wSiVrcYcTqpH8,wzAyQTorWyoVXuJKj2x8EqKEGJpS13z6EWE9z5Aondo,16043806.31,4624.36,xs:23.7|ondo:34.2,xstocks,,ambos,Stock,23.7,34.2,PASS,3947757,50,18619138,2616817
NVDA,NVIDIA,Xsc9qvGR1efVDFGLrVsmkzv3qi45LTBjeUKSPmx9qEh,gEGtLTPNQ7jcg25zTetkbmF7teoDLcrfTnQfmn2ondo,13693898.34,6099.88,xs:20.6|ondo:34.7,xstocks,,ambos,Stock,20.6,34.7,PASS,4658827,2671,11875070,1209894
GOOGL,Alphabet Class A,XsCPL9dNWBMvFtTmwcCA5v3xWPSMEBCszbQdiLLq6aN,bbahNA5vT9WJeYft8tALrH1LXWffjwqVoUbqYa1ondo,13443434.8,111.58,xs:26.9|ondo:35.3,xstocks,,ambos,Stock,26.9,35.3,PASS,1296032,36,11533441,10252771
SPY,SPDR S&P 500 ETF,XsoCS1TfEyfFhfvj8EtZ528L3CaKBDBRqRapnBbDF2W,k18WJUULWheRkSpSquYGdNNmtuE2Vbw1hpuUi92ondo,8705304.58,6620.29,xs:20.6|ondo:32.8,xstocks,,ambos,ETF,20.6,32.8,PASS,4799672,9456,9256937,2165518
CRCL,Circle Internet Group,XsueG8BtpquVJX9LVLLEGuViXUungE6WmK5YZ3p3bd1,6xHEyem9hmkGtVq6XGCiQUGpPsHBaoYuYdFNZa5ondo,3916663.43,2867.56,xs:28.8|ondo:56.1,xstocks,,ambos,Stock,28.8,56.1,PASS,1661707,179,10571812,1404857
GLD,SPDR Gold Shares,Xsv9hRk1z5ystj9MhnA7Lq4vjSsLwzL2nxrwmwtD3re,hWfiw4mcxT8rnNFkk6fsCQSxoxgZ9yVhB6tyeVcondo,3243605.88,199.97,xs:21.9|ondo:33.0,xstocks,,ambos,ETF,21.9,33.0,PASS,770683,1307,6063976,1093515
TSLA,Tesla,XsDoVfqeBukxuZHWhdvWHBhgEHjGNst4MLodqsJHzoB,KeGv7bsfR4MheC1CkmnAVceoApjrkvBhHYjWb67ondo,3203672.22,261.56,xs:30.1|ondo:33.8,xstocks,,ambos,Stock,30.1,33.8,PASS,1590942,0,6476604,2917757
MSFT,Microsoft,XspzcW1PRtgf6Wj92HCiZdjzKCyFekVD8P5Ueh3dRMX,FRmH6iRkMr33DLG6zVLR7EM4LojBFAuq6NtFzG6ondo,2360586.71,366.6,xs:29.2|ondo:32.4,xstocks,,ambos,Stock,29.2,32.4,PASS,912548,118,1236138,1837183
MSTR,MicroStrategy,XsP7xzNPvEHS1m6qfanPUGjNmdnmsLKEoNAnHjdxxyZ,FSz4ouiqXpHuGPcpacZfTzbMjScoj5FfzHkiyu2ondo,1863146.93,5247.19,xs:30.0|ondo:67.4,xstocks,,ambos,Stock,30.0,67.4,PASS,1026036,0,2404826,2673505
META,Meta Platforms,Xsa62P5mvPszXL1krVUnU5ar38bBSVcWAB6fmPCo5Zu,fDxs5y12E7x7jBwCKBXGqt71uJmCWsAQ3Srkte6ondo,1408585.82,161.32,xs:30.7|ondo:37.0,xstocks,,ambos,Stock,30.7,37.0,PASS,637645,5,4849074,2005281
AMZN,Amazon,Xs3eBt7uRfJX8QUs4suhyU8p2M6DoUDrJyWBa8LLZsg,14Tqdo8V1FhzKsE3W2pFsZCzYPQxxupXRcqw9jv6ondo,989878.55,375.77,xs:40.4|ondo:35.4,xstocks,,ambos,Stock,40.4,35.4,PASS,364212,188,5361798,1187445
AAPL,Apple,XsbEhLAtcf6HdfpFZ5xEMdqW8nfAvcsP5bdudRLJzJp,123mYEnRLM2LLYsJW3K6oyYh8uP1fngj732iG638ondo,744605.68,1017.02,xs:41.5|ondo:36.7,xstocks,,ambos,Stock,41.5,36.7,PASS,631538,938,3781259,1684907
MCD,McDonald's,XsqE9cRRpzxcGKDXj1BJ7Xmg4GRhZoyY1KpmGSxAWT2,EUbJjmDt8JA222M91bVLZs211siZ2jzbFArH9N3ondo,684395.52,11.23,xs:27.4|ondo:32.8,xstocks,,ambos,Stock,27.4,32.8,PASS,314264,102,1100052,309183
COIN,Coinbase,Xs7ZdzSHLU9ftNJsii5fCeJhoRWSC32SQGzGQtePxNu,5u6KDiNJXxX4rGMfYT4BApZQC5CuDNrG6MHkwp1ondo,653906.69,40.24,xs:41.5|ondo:56.3,xstocks,,ambos,Stock,41.5,56.3,PASS,686824,0,3424784,1968296
HOOD,Robinhood Markets,XsvNBAYkrDRNhA7wPHQfX3ZUXZyZLdnCQDfHZ56bzpg,BVdXGvmgi6A9oAiwWvBvP76fyTqcCNRJMM7zMN6ondo,496074.86,0,xs:41.4|ondo:61.7,xstocks,,ambos,Stock,41.4,61.7,PASS,559676,0,2198669,1503254
QQQ,Invesco QQQ,Xs8S1uUs1zvS2p7iwtsG3b6fkhpvmwz4GYU3gWAmWHZ,HrYNm6jTQ71LoFphjVKBTdAE4uja7WsmLG8VxB8ondo,495106.91,4777.85,xs:23.6|ondo:32.9,xstocks,,ambos,ETF,23.6,32.9,PASS,2128412,259,621214,1705609
GME,GameStop,Xsf9mBktVB9BSU5kf4nHxPq5hCBJ2j2ui3ecFGxPRGc,aznKt8v32CwYMEcTcB4bGTv8DXWStCpHrcCtyy7ondo,377281.51,1721.14,xs:26.7|ondo:63.5,xstocks,,ambos,Stock,26.7,63.5,PASS,572038,20,133014,493414
PLTR,Palantir Technologies,XsoBhf2ufR8fTyNSjqfU71DYGaE6Z3SUGAidpzriAA4,HfsnTS5qtdStwec9DfBrunRqnAMYMMz1kjv9Hu9ondo,254125.75,681.39,xs:51.4|ondo:39.2,xstocks,,ambos,Stock,51.4,39.2,PASS,329008,125,152996,963732
STRC,Strategy STRC Preferred,Xs78JED6PFZxWc2wCEPspZW9kL3Se5J7L5TChKgsidH,y6kSRF4i9tfMMjZziPHtQE1PeUS6bWEHTzZMFgXondo,200180.01,4.97,xs:39.1|ondo:36.1,xstocks,,ambos,Stock,39.1,36.1,PASS,349465,0,153992,783030
KO,Coca-Cola,XsaBXg8dU5cPM6ehmVctMkVqoiRG2ZjMo1cyBJ3AykQ,e6G4pfFcrdKxJuZ4YXixRFfMbpMvgXG2Mjcus71ondo,80264.49,47.72,xs:37.5|ondo:32.2,xstocks,,ambos,Stock,37.5,32.2,PASS,91120,285,79078,548213
INTC,Intel,XshPgPdXFRWB8tP1j82rebb2Q9rPgGX37RuqzohmArM,cJpUMp5R7rZ6fGeLHbHhrRuJzK9mkyKDjZqNpT3ondo,66737.67,2719.99,xs:52.2|ondo:51.6,xstocks,,ambos,Stock,52.2,51.6,PASS,62548,80,254537,1074260
JD,JD.com,XstnmTaJXkobEbbs7AgmGLBsBeWyHTSJAFcJ6BF6ycs,E1aUS5nyv7kaBzdQzPVJW5zfaMgoUJpKYzdnFS2ondo,0,15726.35,xs:sin_ruta|ondo:53.5,ondo,xStocks falla filtros 06-oct; Ondo podría sumar esta empresa,ambos,Stock,,53.5,FAIL,0,0,,180674
BABA,Alibaba,XsJBX1kSf58ymLVKFSm2MkbLtsPiVRMWTvkvF7TSiVT,1zvb9ELBFShBCWKEk5jRTJAaPAwtVt7quEXx1X4ondo,0,15725.63,xs:sin_ruta|ondo:55.3,ondo,xStocks falla filtros 06-oct; Ondo podría sumar esta empresa,ambos,Stock,,55.3,FAIL,0,858,,2095582
NBIS,Nebius Group,Xsii5eERa2sKFyTHQqdYxpxL5xoUSLVurzHeqBEMBho,DiRshqNDE68bWbGdLHm1GwQ76MvWQG3af6w1NdQondo,0,13013.34,xs:sin_ruta|ondo:46.1,ondo,xStocks falla filtros 06-oct; Ondo podría sumar esta empresa,ambos,Stock,,46.1,FAIL,0,167,,2150376
SLV,iShares Silver Trust,XsxAd6okt8y1RRK6gNg7iJaqiWNiq5Md5EDf3ZrF2dm,iy11ytbSGcUnrjE6Lfv78TFqxKyUESfku1FugS9ondo,2765.11,12399.36,xs:sin_ruta|ondo:52.0,ondo,xStocks falla filtros 06-oct; Ondo podría sumar esta empresa,ambos,ETF,,52.0,FAIL,502,45424,4010.34,2113696
UBER,Uber,XsAsZLF4MmsvS1sDxRMrUz7REjHfwbC9UAMXSRBqgEB,KJNeFW3kk3ycPjXpC6cbuyckjeYHacc2ekhtAi5ondo,10.89,10071.01,xs:sin_ruta|ondo:35.7,ondo,,ambos,Stock,,35.7,PASS,737,0,9.63,1445977
PYPL,PayPal,XshWQWYVp5ff8CrAEsGmLVKD47nBWi3Ygn5v8wXK27G,hM7B3UQTTR81mS27SxDDPzBbjejmo8fnpFjzgv9ondo,0,9987.08,xs:sin_ruta|ondo:42.0,ondo,xStocks falla filtros 06-oct; Ondo podría sumar esta empresa,ambos,Stock,,42.0,FAIL,0,0,151.78,162195
IREN,Iren,Xshh1dRsnxatP45yBfrzU9MrvrFCvxHQGTrWjgdA81E,13QHuepdhtJ3urNsV9i1hdL8nQoca2G7ZaLzb5FYondo,0,9716.83,xs:sin_ruta|ondo:39.4,ondo,xStocks falla filtros 06-oct; Ondo podría sumar esta empresa,ambos,Stock,,39.4,FAIL,0,131,,1207730
TSM,Taiwan Semiconductor Manufacturing,XsafvsGtzFqqHgTnA3aPC83EAMkacU5mcGtcSayhpVV,keybg184d4vyXeQdFqs4o99YsMg7xBthxTJ6Ky3ondo,8365.48,2664.25,xs:235.0|ondo:37.9,xstocks,ojo: el costo ida y vuelta favorece a ondo,ambos,Stock,235.0,37.9,FAIL,40614,50,7078.53,831202
V,Visa,XsqgsbXwWogGJsNcVZ3TyVouy2MbTkfCFhCGGGcQZ2p,kxEW4oJL75K37VeXaZF1ynbHQATQwhECQKN1374ondo,45.67,6078.03,xs:sin_ruta|ondo:46.3,ondo,xStocks falla filtros 06-oct; Ondo podría sumar esta empresa,ambos,Stock,,46.3,FAIL,406,103,83.3,6222.16
SKHY,SK Hynix,XsnhgGRQwhExfS2bmWzR6EYddKGPRGDEjeJsatkmKqU,Huyb2fyDDjSuDKCRWsN9ci2rmcgPo6NFiLbx9ZDondo,1156.62,5747.65,xs:86.9|ondo:56.3,ondo,xStocks falla filtros 06-oct; Ondo podría sumar esta empresa,ambos,Stock,86.9,56.3,FAIL,2502,95,61353,1187927
NOW,ServiceNow,XsBnEFd2EtpwBRNVfN8qLZcVUnuqXRaGCSEEFChLfxL,G7pTVoSECz5RQWubEnTP7AC83KHUsSyoiqYR1R2ondo,0,5537.69,xs:sin_ruta|ondo:34.7,ondo,xStocks falla filtros 06-oct; Ondo podría sumar esta empresa,ambos,Stock,,34.7,FAIL,0,3,,711415
NFLX,Netflix,XsEH7wWfJJu2ZT3UCFeVfALnVA6CP5ur7Ee11KmzVpL,g4KnPrxPLeeKkwvDmZFMtYQPM64eHeShbD55vK6ondo,5454.49,321.09,xs:35.2|ondo:32.5,xstocks,,ambos,Stock,35.2,32.5,PASS,10623,0,6001.52,1518854
AVGO,Broadcom,XsgSaSvNSqLTtFuyWPBhK9196Xb9Bbdyjj4fH3cPJGo,1FWZtdWN7y38BSXGzbs8D6Shk88oL9atDNgbVz9ondo,5345.39,74.27,xs:222.1|ondo:39.0,xstocks,ojo: el costo ida y vuelta favorece a ondo,ambos,Stock,222.1,39.0,PASS,68349,251,63862,3109034
TQQQ,ProShares UltraPro QQQ,XsjQP3iMAaQ3kQScQKthQpx9ALRbjKAjQtHg6TFomoc,14W1itEkV7k1W819mLSknFTaMmkCtPokbF2tRkPUondo,4740.43,4.9,xs:56.3|ondo:39.4,excluir,ETF apalancado/inverso: se excluye por nuestros filtros,ambos,ETF,56.3,39.4,FAIL,52538,0,20263,912203
SOXX,iShares Semiconductor ETF,XsEsHeiNZf88sABxu74TPuXbQThdaQGdzPVZUBicjtQ,EN5pHc1LccUSojxb7kkyQi7v7iJN5RpDq6qz3DHondo,0,3455.15,xs:sin_ruta|ondo:44.9,ondo,xStocks falla filtros 06-oct; Ondo podría sumar esta empresa,ambos,ETF,,44.9,FAIL,0,0,,165249
CRDO,Credo Technology Group Holding,XsPZqWN9qCGwwasxuo3zSEnM6vQbBJ9imktKjUeBMyF,d4Rc6KvP3nQT8zC86Z31zM1DJCSfUD6y424cKnZondo,0,3342.57,xs:sin_ruta|ondo:49.4,ondo,xStocks falla filtros 06-oct; Ondo podría sumar esta empresa,ambos,Stock,,49.4,FAIL,0,25,,859961
APLD,Applied Digital,Xs2ZEuDVSQkNnXHqfqEYKVShLHpecyKfdfpEYwiHtQE,B6WqvLGXdGqpw7qgxeb5EGiRZEYo2apWpQybjYuondo,0,3026.48,xs:sin_ruta|ondo:43.4,ondo,xStocks falla filtros 06-oct; Ondo podría sumar esta empresa,ambos,Stock,,43.4,FAIL,0,0,,377587
BMNR,BitMine Immersion Technologies,XsrBCwaH8c46xiqXBChzobgufRKxQxAWUWbndgBNzFn,MYXqkDYbzr7vjXAz2BapR4AiYRXzoikGirrLoRzondo,2509.71,1999.76,xs:sin_ruta|ondo:55.1,ondo,xStocks con más volumen pero sin cotización ahora; se elige Ondo; xStocks falla filtros 06-oct; Ondo podría sumar esta empresa,ambos,Stock,,55.1,FAIL,2226,0,1419.78,1341900
SMCI,Super Micro Computer,XsMxAoJP47FQGLsVUvSS2QfBaHdNsd7DRU6nWRL8RSa,jLca79XzcewRuBZyaJxVxuKpUHcEix1X4CP1RP9ondo,0,2196.37,xs:sin_ruta|ondo:47.3,ondo,xStocks falla filtros 06-oct; Ondo podría sumar esta empresa,ambos,Stock,,47.3,FAIL,3,0,,542049
LLY,Eli Lilly,Xsnuv4omNoHozR6EEW5mXkw8Nrny5rB3jVfLqi6gKMH,eGGxZwNSfuNKRqQLKaz2hc4QkA2mau7skyxPdj7ondo,211.1,1930.83,xs:304.4|ondo:40.4,ondo,,ambos,Stock,304.4,40.4,PASS,14480,45,32704,1407243
MRVL,Marvell Technology,XsuxRGDzbLjnJ72v74b7p9VY6N66uYgTCyfwwRjVCJA,FovBwhoV5KQjZCdhoM6jgXYwXLX3F8vgAfvmLH7ondo,1622.33,11.33,xs:86.4|ondo:42.3,xstocks,ojo: el costo ida y vuelta favorece a ondo,ambos,Stock,86.4,42.3,FAIL,1837,43,40530,4134804
PEP,PepsiCo,Xsv99frTRUeornyvCfvhnDesQDWuvns1M852Pez91vF,gud6b3fYekjhMG5F818BALwbg2vt4JKoow59Md9ondo,1579.04,96.6,xs:81.6|ondo:34.3,xstocks,ojo: el costo ida y vuelta favorece a ondo,ambos,Stock,81.6,34.3,PASS,73,0,28145,121903
WMT,Walmart,Xs151QeqTCiuKtinzfRATnUESM2xTU6V9Wy8Vy538ci,LZddqAqKqJW9oMZSjTxCUmbmzBRQtv9gMkD9hZ3ondo,1564.46,38.28,xs:90.4|ondo:37.5,xstocks,ojo: el costo ida y vuelta favorece a ondo,ambos,Stock,90.4,37.5,PASS,6992,0,1094.29,1176863
FCX,Freeport-McMoRan,XsT9Z9BYM5Bp2JAuKVgw1XLdENGyvQwC5C2gAuzeKyY,CY8ttw5rYCT6fFBJwqXofefqa7Ji9E8zfLmhRLmondo,0,1242.9,xs:sin_ruta|ondo:113.1,ondo,xStocks falla filtros 06-oct; Ondo podría sumar esta empresa,ambos,Stock,,113.1,FAIL,0,0,,158868
NVO,Novo Nordisk,XsfAzPzYrYjd4Dpa9BU3cusBsvWfVB9gBcyGC87S57n,GeV7S8vjP8qdYZpdGv2Xi6e7MUMCk8NAAp2z7g5ondo,1117.76,79.69,xs:107.6|ondo:33.7,xstocks,ojo: el costo ida y vuelta favorece a ondo,ambos,Stock,107.6,33.7,PASS,1414,0,2625.8,1108514
ORCL,Oracle,XsjFwUPiLofddX5cWFHW35GCbXcSu1BCUGfxoQAQjeL,GmDADFpfwjfzZq9MfCafMDTS69MgVjtzD7Fd9a4ondo,1014.98,523.83,xs:92.2|ondo:42.0,xstocks,ojo: el costo ida y vuelta favorece a ondo,ambos,Stock,92.2,42.0,PASS,4325,1,1536.91,1151558
PFE,Pfizer,XsAtbqkAP1HJxy7hFDeq7ok6yM43DQ9mQ1Rh861X8rw,Gwh9fPsX1qWATXy63vNaJnAFfwebWQtZaVmPko6ondo,1000.16,0,xs:sin_ruta|ondo:38.2,ondo,xStocks con más volumen pero sin cotización ahora; se elige Ondo; xStocks falla filtros 06-oct; Ondo podría sumar esta empresa,ambos,Stock,,38.2,FAIL,5,0,358.37,51.51
PALL,abrdn Physical Palladium Shares ETF,XsTTtPA5V19YwHKDv4xeVXNM6kdsQNJvg3MyWkRUckt,P7hTXnKk2d2DyqWnefp5BSroE1qjjKpKxg9SxQqondo,999.87,13.22,xs:sin_ruta|ondo:97.4,ondo,xStocks con más volumen pero sin cotización ahora; se elige Ondo; xStocks falla filtros 06-oct; Ondo podría sumar esta empresa,ambos,ETF,,97.4,FAIL,0,0,2164.3,294.93
MP,MP Materials,XsFARXCfXKCdu6BxV2WACBt3Dk88nxLujoqPzyyBib9,XwFm5GiKPVTvPiEbQpdc6vJbFEpsUXRMf6TcSxnondo,0,989.55,xs:sin_ruta|ondo:39.9,ondo,xStocks falla filtros 06-oct; Ondo podría sumar esta empresa,ambos,Stock,,39.9,FAIL,0,0,,981584
COPX,Global X Copper Miners ETF,XsybfiKkD4UmjkAGT2uR8X2sq9AWFtvGJM2KTffoALZ,X7j77hTmjZJbepkXXBcsEapM8qNgdfihkFj6CZ5ondo,0,939.66,xs:sin_ruta|ondo:60.8,ondo,xStocks falla filtros 06-oct; Ondo podría sumar esta empresa,ambos,ETF,,60.8,FAIL,0,1546,1067.85,861342
MU,Micron Technology,XsQLZycSZ7QnBBdBXQaTbQdiUcbRqjNJgyBGAMzhHav,Fz9edBpaURPPzpKVRR1A8PENYDEgHqwx5D5th28ondo,437.93,916.71,xs:80.0|ondo:44.4,ondo,xStocks falla filtros 06-oct; Ondo podría sumar esta empresa,ambos,Stock,80.0,44.4,FAIL,989,1740,18842.93,5091459
UNH,UnitedHealth,XszvaiXGPwvk2nwb3o9C1CX4K6zH8sez11E6uyup6fe,kPBGL8vAwKN3UGmr9cjkM2dU79SC3nzTC9yu7F8ondo,847.26,0,xs:sin_ruta|ondo:44.1,ondo,xStocks con más volumen pero sin cotización ahora; se elige Ondo,ambos,Stock,,44.1,PASS,6822,0,22147,690520
XOM,Exxon Mobil,XsaHND8sHyfMfsWPj6kSdd5VwvCayZvjYgKmmcNL5qh,qCYD74QnXzd9pzv6pGHQKJVwoibL6sNcPQDnpDiondo,804.76,0,xs:190.6|ondo:68.6,xstocks,ojo: el costo ida y vuelta favorece a ondo,ambos,Stock,190.6,68.6,PASS,12022,0,1388.74,1300761
GFS,GlobalFoundries,XsrTYnfAtuMDpQQgZtpQZreJWtjaRnRCTBeekcQi8AS,etnBzce6pkJq67QUv78PefkVyCEaA6YBE4hvx1Gondo,0,718.68,xs:sin_ruta|ondo:70.5,ondo,xStocks falla filtros 06-oct; Ondo podría sumar esta empresa,ambos,Stock,,70.5,FAIL,0,0,,161263
CBRS,Cerebras Systems,Xstq9oUsBPd8LSyivHhnt8P8t9xK5RYoM9P6izLczvm,c7KEKjzaTQYpTrHM2db8yq3bikPpcXrHgBV8Qcgondo,0,692.96,xs:sin_ruta|ondo:46.7,ondo,xStocks falla filtros 06-oct; Ondo podría sumar esta empresa,ambos,Stock,,46.7,FAIL,0,0,,150142
AMD,AMD,XsXcJ6GZ9kVnjqGsjBnktRcuwMBmvKWh8S93RefZ1rF,14diAn5z8kjrKwSC8WLqvBqqe5YmihJhjxRxd8Z6ondo,613.42,659.78,xs:-2.3|ondo:38.7,ondo,ojo: el costo ida y vuelta favorece a xstocks,ambos,Stock,-2.3,38.7,PASS,16488,1156,297903,1875220
MRNA,Moderna,XsViHjyRbiSBskjizb1gszGTmZqtAH8TuqwJ7sB5AcP,14VP7DvCAdBCc5XGNZkPt6zhtPzJrWWS64Koxtxyondo,0.28,574.53,xs:sin_ruta|ondo:64.8,ondo,xStocks falla filtros 06-oct; Ondo podría sumar esta empresa,ambos,Stock,,64.8,FAIL,0,177,33087,576958
QCOM,Qualcomm,XsUUG8bjFN2KvzLTpzavvEKdAjMAeLTZiTeAQJ9uhvB,hrmX7MV5hifoaBVjnrdpz698yABxrbBNAcWtWo9ondo,0,510.99,xs:sin_ruta|ondo:37.0,ondo,xStocks falla filtros 06-oct; Ondo podría sumar esta empresa,ambos,Stock,,37.0,FAIL,0,100,,588400
RTX,RTX,XsN53tgjZA4QU8iuedPNHxxCbDqKcJqbrT1f8jBXzdC,12BvLZtzjdssAycxPeBQUjukhmgQpULAvy6SroYdondo,499.87,0,xs:sin_ruta|ondo:63.5,ondo,xStocks con más volumen pero sin cotización ahora; se elige Ondo; xStocks falla filtros 06-oct; Ondo podría sumar esta empresa,ambos,Stock,,63.5,FAIL,0,0,,623.26
RKLB,Rocket Lab,XsKSh3QDynp6oms9yHjZXbZo3pKzUBoqUFKPHS2g9Bh,E9VQY3VnrpVSekFByzRmfeK1kxgM3UiKCoVVbdUondo,0,497.35,xs:sin_ruta|ondo:42.6,ondo,xStocks falla filtros 06-oct; Ondo podría sumar esta empresa,ambos,Stock,,42.6,FAIL,0,0,,184243
USO,United States Oil Fund,XsXJBom7kFSxA6hc2ArzUwe6o6zyRU1AdHTfvev1HkG,rpydAzWdCy85HEmoQkH5PVxYtDYQWjmLxgHHadxondo,0,484.68,xs:sin_ruta|ondo:42.5,ondo,xStocks falla filtros 06-oct; Ondo podría sumar esta empresa,ambos,ETF,,42.5,FAIL,0,130,,739146
AXTI,AXT,XswiwGt897dzZU8eHoojgUu2ka34brmPGvWeVHcHho9,Z1K14ngynqmrmfRSC2dRZGs1ghmnDKiiahjaM2condo,0,365.97,xs:sin_ruta|ondo:53.8,ondo,xStocks falla filtros 06-oct; Ondo podría sumar esta empresa,ambos,Stock,,53.8,FAIL,0,0,,169663
VTI,Vanguard Total Stock Market ETF,XsssYEQjzxBCFgvYFFNuhJFBeHNdLWYeUSP8F45cDr9,jCCU4GwukjNxAXJowG2S4KCrr5g6YyUB61WHYvGondo,299.92,9.8,xs:sin_ruta|ondo:38.4,ondo,xStocks con más volumen pero sin cotización ahora; se elige Ondo; xStocks falla filtros 06-oct; Ondo podría sumar esta empresa,ambos,ETF,,38.4,FAIL,978,0,20073,2929.27
AAOI,Applied Optoelectronics,XsGHwSbPaUJu6r5dtJLHXkXenPgCQf4Sx2hb4e2sbCZ,YuFZvc8JCN3a6BUAqwnbY4AnhuVEXD4V7QnBTmwondo,0,230.88,xs:sin_ruta|ondo:47.1,ondo,xStocks falla filtros 06-oct; Ondo podría sumar esta empresa,ambos,Stock,,47.1,FAIL,0,0,,429081
UUUU,Energy Fuels,XsYHvpLWfTfqdLkPbCc4eUT21eH521BRTXBypgzpEDH,ey16y4Bk92zmPSvbRznuv3RioAXbVreBkQxrKGDondo,0,227.82,xs:sin_ruta|ondo:40.7,ondo,xStocks falla filtros 06-oct; Ondo podría sumar esta empresa,ambos,Stock,,40.7,FAIL,0,0,,393.42
F,Ford Motor,XsBNJXGu68cBH5hgFxdqZkeh8cMQv32jeEtZtYTYvfS,5hT2o25X9tGXipwhLckaUdgnxrZ6Y8eiUwdhpLeondo,0,221.56,xs:sin_ruta|ondo:47.5,ondo,xStocks falla filtros 06-oct; Ondo podría sumar esta empresa,ambos,Stock,,47.5,FAIL,2,0,,380.59
SHOP,Shopify,XsRN7n3AZDs577pgQSGbrbgznY5T9xERcjr4dK6vHnX,ivdDracs2s7jCP698dJXKSEQdVrNj9hasJL1Uq1ondo,0,221.01,xs:sin_ruta|ondo:40.7,ondo,xStocks falla filtros 06-oct; Ondo podría sumar esta empresa,ambos,Stock,,40.7,FAIL,0,0,,1390387
ONDS,Ondas Holdings,Xsgc9YTqdAH1GzDLBGQcScCMgkKsVBn4hBmqtNRospY,7qy1j4Mechfyr6uAST3djH4vk4kiEYC2cjEytXdondo,0,210.63,xs:sin_ruta|ondo:49.7,ondo,xStocks falla filtros 06-oct; Ondo podría sumar esta empresa,ambos,Stock,,49.7,FAIL,0,2,,1126426
HUBB,Hubbell,XsCz2AUyFUuadE9zxfs7ywkbMvaQNeVTeNBK15L43Qc,ZmiDoowvkpp1Qgx4mmY3qtsHbNV1oE12ApKCbZNondo,0,205.74,xs:sin_ruta|ondo:293.9,ondo,xStocks falla filtros 06-oct; Ondo podría sumar esta empresa,ambos,Stock,,293.9,FAIL,0,0,,914.94
HIMS,Hims & Hers Health,XsprHSJzwz3qmHcEf7j7WcUk6hMUL4sPLuAdWaSY1oh,bdh3njeo19d2TBLAKTGvCWdSoArfVw8uZBAJHY4ondo,0,205.45,xs:sin_ruta|ondo:49.8,ondo,xStocks falla filtros 06-oct; Ondo podría sumar esta empresa,ambos,Stock,,49.8,FAIL,0,595,,1698381
IWM,iShares Russell 2000 ETF,XsbELVbLGBkn7xfMfyYuUipKGt1iRUc2B7pYRvFTFu3,dvj2kKFSyjpnyYSYppgFdAEVfgjMEoQGi9VaV23ondo,0,199.55,xs:sin_ruta|ondo:35.2,ondo,xStocks falla filtros 06-oct; Ondo podría sumar esta empresa,ambos,ETF,,35.2,FAIL,152,0,281.44,198.75
ALAB,Astera Labs,XsuJLDjTibUFnh1gNgnXeDSjQTVffnaWFKzUht5rVvc,cskxd6aqyqJMYgLZmFYfYecWkjasRJDEtm1QVxsondo,0,198.99,xs:sin_ruta|ondo:52.4,ondo,xStocks falla filtros 06-oct; Ondo podría sumar esta empresa,ambos,Stock,,52.4,FAIL,0,10,,153631
GD,General Dynamics,Xsgk6nv6V81zQms4mcvUiEtLDdVueXfWPRCaxayqkSN,hESwwvKsJH4p7Xib5rrM921Ng19cwcQGtxyrgSJondo,0,170.91,xs:sin_ruta|ondo:95.7,ondo,xStocks falla filtros 06-oct; Ondo podría sumar esta empresa,ambos,Stock,,95.7,FAIL,0,0,,178.66
NKE,Nike,XsGYpMvKbVt6ViHqRd7cF3s746dAMFBQWcC49hB9VVP,g646pcdG2Rt5DH9WZzL7VVnVDWCCMTTrnktwE74ondo,0,170.25,xs:sin_ruta|ondo:36.0,ondo,xStocks falla filtros 06-oct; Ondo podría sumar esta empresa,ambos,Stock,,36.0,FAIL,0,18,,166758
PPLT,abrdn Physical Platinum Shares ETF,Xst6eFD4YT6sz9RLMysN9SyvaZWtraSdVJQGu5ZkAme,DwRtkbsaQMGAS3oMeEGYh6M5vH4X9WECsQgqHjAondo,0,147.58,xs:sin_ruta|ondo:70.2,ondo,xStocks falla filtros 06-oct; Ondo podría sumar esta empresa,ambos,ETF,,70.2,FAIL,0,0,689.25,151.43
DELL,Dell Technologies,Xsu7Tc5J2fVUE4H5vYAiSr34cvLJeCsYPMjAYnayQn6,cFDP5SsUBeKrV1RkKHdaofHBSfRW8cBd7DiaPTSLAon,0,116.17,xs:sin_ruta|ondo:37.5,ondo,xStocks falla filtros 06-oct; Ondo podría sumar esta empresa,ambos,Stock,,37.5,FAIL,0,0,,197950
EQIX,Equinix,XsBo6pg8N9kk7YnL69NnBBSZBWDkF1gHWjTAXpYuAVo,aheEdmuryJU8ymy8LjYheZH5i2BW1UMsfuWQKD2ondo,0,112.34,xs:sin_ruta|ondo:250.9,ondo,xStocks falla filtros 06-oct; Ondo podría sumar esta empresa,ambos,Stock,,250.9,FAIL,0,0,,158351
ADI,Analog Devices,Xs3CytsvJshAYy1TQjq2o2yVWCyEGinNpvkB6f3Qs31,LmTMwmZLNZszn3qpjmnbhfP12U4qWDivaEBwSBSondo,0,104.81,xs:sin_ruta|ondo:107.6,ondo,xStocks falla filtros 06-oct; Ondo podría sumar esta empresa,ambos,Stock,,107.6,FAIL,0,0,,164835
CSCO,Cisco Systems,Xsr3pdLQyXvDJBFgpR5nexCEZwXvigb8wbPYp4YoNFf,7DWcZE1uVc8m2mf9pV8KNov28ET7HsvHkhrhgr9ondo,34.15,102.58,xs:sin_ruta|ondo:60.8,ondo,xStocks falla filtros 06-oct; Ondo podría sumar esta empresa,ambos,Stock,,60.8,FAIL,344,108,43893,333792
PG,Procter & Gamble,XsYdjDjNUygZ7yGKfQaB6TxLh2gC6RRjzLtLAGJrhzV,GZ8v4NdSG7CTRZqHMgNsTPRULeVi8CpdWd9wZY8ondo,0.61,101.76,xs:174.5|ondo:54.0,ondo,xStocks falla filtros 06-oct; Ondo podría sumar esta empresa,ambos,Stock,174.5,54.0,FAIL,1374,0,17387.33,136784
SNDK,SanDisk,Xswbpc8UqU6e1j9QZEWCjBMjyvz4twqD7PCy6j2e7jj,EJmUVvDqAdfH5zEohkdS4234bi3c6iunqEMobjmondo,100.86,16.59,xs:sin_ruta|ondo:56.1,ondo,xStocks con más volumen pero sin cotización ahora; se elige Ondo,ambos,Stock,,56.1,PASS,266,102,269852,3450635
ANET,Arista Networks,XsrsM2RgtYxXqxmy4iWgxQJUkkHG1U5wzi74sVNUW8m,Cq6QtvHpXbJWtFaiMhUDtHy8YVZ95gcD1oZ1cohondo,0,99.99,xs:sin_ruta|ondo:81.2,ondo,xStocks falla filtros 06-oct; Ondo podría sumar esta empresa,ambos,Stock,,81.2,FAIL,2,0,,559381
APH,Amphenol,XsvqNba1k4wF5ZEZ6Nrx8AXUDkKzAFuj4HaVDEemyYH,fFTZ9Jckm2X811mdqRBS4ckMz5bRAJVjH4Jwofwondo,0,99.98,xs:sin_ruta|ondo:39.0,ondo,xStocks falla filtros 06-oct; Ondo podría sumar esta empresa,ambos,Stock,,39.0,FAIL,0,0,,100.34
HPE,Hewlett Packard Enterprise,Xszp97B7zgeyNUFkymHdxXp3Y5KTZ1rzd2bAL9TW34t,axbgKgUMscTJ34DjA69kBJuf6UYq4Pzb8B8numYondo,0,99.98,xs:sin_ruta|ondo:51.6,ondo,xStocks falla filtros 06-oct; Ondo podría sumar esta empresa,ambos,Stock,,51.6,FAIL,0,0,,757.79
LITE,Lumentum Holdings,XsexQ9qqNbDkLE6XwCN9ceVhLo8Lxc7UheVR6eBkKyo,YrquZHx3f6sXsnZZAQiVsyQfvHwLmn2XTkDiZ1uondo,0,99.98,xs:sin_ruta|ondo:50.2,ondo,xStocks falla filtros 06-oct; Ondo podría sumar esta empresa,ambos,Stock,,50.2,FAIL,1,0,,1004665
TXN,Texas Instruments,XsU4fHhJEFcrwNh4RYuHmWdaoCfsrWKEm4UEs3zTJwH,81xLFvCzFaUM3KDxSHC75pXu3RPCeSeCbmGBY8aondo,0,99.98,xs:sin_ruta|ondo:69.6,ondo,xStocks falla filtros 06-oct; Ondo podría sumar esta empresa,ambos,Stock,,69.6,FAIL,0,0,,153261
WCC,WESCO International,Xspj4rFiCCXJyymfNgkwBG9AXZbyp69HGyHwfz6WHTE,m3m2HAANsAf2Y3BkdBixDgtrrFHnZDp4NqVh9obondo,0,99.98,xs:sin_ruta|ondo:681.7,ondo,xStocks falla filtros 06-oct; Ondo podría sumar esta empresa,ambos,Stock,,681.7,FAIL,0,0,,99.35
EWY,iShares MSCI South Korea ETF,XswenHXJtDWYMh89uRYx2tZcABxwXSn7j3jidDPS1Yo,C8pSaSgjkiTWixS3GM6Hxd6HKnKrgAbY9WDgfVeondo,0,99.78,xs:sin_ruta|ondo:49.8,ondo,xStocks falla filtros 06-oct; Ondo podría sumar esta empresa,ambos,ETF,,49.8,FAIL,0,0,,728476
TER,Teradyne,Xsbe4fwmjVQEWEPkzfyxqNdPUUK7X9dKfTJrZdDbNgx,ahvtJqt6pkzjnYTMaCKrvjPQszSKyWraiXKvuWKondo,0,99.48,xs:sin_ruta|ondo:52.0,ondo,xStocks falla filtros 06-oct; Ondo podría sumar esta empresa,ambos,Stock,,52.0,FAIL,0,0,,126.02
JPM,JPMorgan Chase,XsMAqkcKsUewDrzVkait4e5u4y8REgtyS7jWgCpLV2C,E5Gczsavxcomqf6Cw1sGCKLabL1xYD2FzKxVoB4ondo,94.77,79.95,xs:sin_ruta|ondo:52.2,ondo,xStocks con más volumen pero sin cotización ahora; se elige Ondo; xStocks falla filtros 06-oct; Ondo podría sumar esta empresa,ambos,Stock,,52.2,FAIL,723,28,469.81,658227
LMT,Lockheed,XssULacY8D3z3a8HoQuLid8wdJHcZLGpSST9MkNFzox,EoReHwUnGGekbXFHLj5rbCVKiwWqu32GrETMfw4ondo,0,94.48,xs:sin_ruta|ondo:42.0,ondo,xStocks falla filtros 06-oct; Ondo podría sumar esta empresa,ambos,Stock,,42.0,FAIL,0,0,,135626
URA,Global X Uranium ETF,Xsq9sEQjYiUTSZ55RrbHAzVfz8HotwFGrqgxkgiv4LB,EvzskrQ3vUUkiMGG1DzfSDyG6H2WCMy3v9G8fzzondo,0,64.63,xs:sin_ruta|ondo:36.0,ondo,xStocks falla filtros 06-oct; Ondo podría sumar esta empresa,ambos,ETF,,36.0,FAIL,29,0,1.001,146759
CEG,Constellation Energy,Xssu2cDLdZXZYrq17frTVrb3meumRCAzEf7pXyxoWVN,7NWHifsBnn9DimUeNnsHdEXkTZhXmJTiXxcCngBondo,0,64.1,xs:sin_ruta|ondo:52.7,ondo,xStocks falla filtros 06-oct; Ondo podría sumar esta empresa,ambos,Stock,,52.7,FAIL,1,0,1078.14,155464
AMC,AMC Entertainment,XsEkwEYVKnvqVF3sxsimXVEEB17jdT9pVA6SP3NBEYe,C9xNaNujcF1a5fidWAAFReFYqhLRVbyk4yPyGqzondo,0,63.39,xs:sin_ruta|ondo:74.3,ondo,xStocks falla filtros 06-oct; Ondo podría sumar esta empresa,ambos,Stock,,74.3,FAIL,0,1,,207.41
JNJ,Johnson & Johnson,XsGVi5eo1Dh2zUpic4qACcjuWGjNv8GCt3dm5XcX6Dn,KUXt7LzHWSQXp5eyqMZRxWjAP6yM8BUh4LRHwiwondo,0,60.26,xs:sin_ruta|ondo:37.6,ondo,xStocks falla filtros 06-oct; Ondo podría sumar esta empresa,ambos,Stock,,37.6,FAIL,24,0,530.76,490.21
USAR,USA Rare Earth,XsJJneENiaBPqqcdK1gMsfwi9cbw111azigzRYHoctX,aA1dRckexLmQyppFoWmjKDFjrNFUsZeGzZ7L5xpondo,0,52.68,xs:sin_ruta|ondo:66.8,ondo,xStocks falla filtros 06-oct; Ondo podría sumar esta empresa,ambos,Stock,,66.8,FAIL,0,0,,150658
CAT,Caterpillar,XsRvd1meWQ9kW1SrZPa1jokQqmBoPWWjd6wGTgdp5E6,AErxJJxGbc9cZzZoZepN62BNfg5RXns8tmEc3Zpondo,0,49.15,xs:sin_ruta|ondo:121.0,ondo,xStocks falla filtros 06-oct; Ondo podría sumar esta empresa,ambos,Stock,,121.0,FAIL,0,0,,159509
LRCX,Lam Research,XsSN912SN4Whn2xn59vWZHt1uLbw9WnoNGp5MigmHFf,wFJoeEYpKg9oRhyJy6BWTT3J95gmXBLvoeikDQNondo,0,44.91,xs:sin_ruta|ondo:89.8,ondo,xStocks falla filtros 06-oct; Ondo podría sumar esta empresa,ambos,Stock,,89.8,FAIL,0,0,,994143
GE,General Electric,XsfsBjSZoXXKJsxoSt8TyLYsjhBAKFaDPZTCQbFRirP,aTBfDuLRqYHBiG82bHA7DzwjSDTFre2dRtGH3S5ondo,0,42.97,xs:sin_ruta|ondo:50.7,ondo,xStocks falla filtros 06-oct; Ondo podría sumar esta empresa,ambos,Stock,,50.7,FAIL,0,0,,152520
CRWD,CrowdStrike,Xs7xXqkcK7K8urEqGg52SECi79dRp2cEKKuYjUePYDw,cdKfoNjbXgnSuxvoajhtH3uixfZhq1YXhQsS1Rwondo,36.94,9.8,xs:sin_ruta|ondo:45.5,ondo,xStocks con más volumen pero sin cotización ahora; se elige Ondo; xStocks falla filtros 06-oct; Ondo podría sumar esta empresa,ambos,Stock,,45.5,FAIL,48,17,18867.89,4769.88
APP,AppLovin,XsPdAVBi8Zc1xvv53k4JcMrQaEDTgkGqKYeh7AYgPHV,14Z8rQQe2Aza33YgEUmj3g3QGNz8DXLiFPuCnsD1ondo,36.11,0,xs:sin_ruta|ondo:49.8,ondo,xStocks con más volumen pero sin cotización ahora; se elige Ondo; xStocks falla filtros 06-oct; Ondo podría sumar esta empresa,ambos,Stock,,49.8,FAIL,34,0,329.73,11448.77
SOFI,SoFi Technologies,Xsipo31rLh5EqPMR2cArn6kVPAD83C6rxbmCrT9Wu5u,mqL8yXQpeSvc7NgrAtLLPtRvUiWyLoG5RWLv16iondo,0,32.61,xs:sin_ruta|ondo:43.8,ondo,xStocks falla filtros 06-oct; Ondo podría sumar esta empresa,ambos,Stock,,43.8,FAIL,0,0,,151834
MA,Mastercard,XsApJFV9MAktqnAc6jqzsHVujxkGm9xcSUffaBoYLKC,EsVHcyRxXFJCLMiuYLWhoDygrNe1BJGpYeZ17X7ondo,30.76,0,xs:385.9|ondo:52.0,xstocks,ojo: el costo ida y vuelta favorece a ondo,ambos,Stock,385.9,52.0,FAIL,244,0,21253,1575303
CVNA,Carvana,Xs8YT2AdFmjuG2HFjcvVTpXPwneiKNHMrR49muHY7z9,FGmUDXqA3AbWfo5b3NUcsvwoUFCF4tr9ea6uercondo,0,29.73,xs:sin_ruta|ondo:169.0,ondo,xStocks falla filtros 06-oct; Ondo podría sumar esta empresa,ambos,Stock,,169.0,FAIL,0,0,,29.49
MARA,MARA Holdings,XsguBZPkM9BDmxspmWe29EmrYZBv21ENcC27Pqh7grB,ETCJUmuhs5aY62xgEVWCZ5JR8KPdeXUaJz3LuC5ondo,0,27.77,xs:sin_ruta|ondo:54.2,ondo,xStocks falla filtros 06-oct; Ondo podría sumar esta empresa,ambos,Stock,,54.2,FAIL,0,91,23.3,1162092
ONTO,Onto Innovation,Xsu33VJj7s2tMUZfAQ8bbGgpDEnfXdCsKHSC4p6C5tS,aHFrgfBHMGEScG8j64cN324jeoQ4EVXLmiHxtuPondo,0,20.12,xs:sin_ruta|ondo:758.8,ondo,xStocks falla filtros 06-oct; Ondo podría sumar esta empresa,ambos,Stock,,758.8,FAIL,0,0,,10.05
LUNR,Intuitive Machines,XsBHq5npA7gUemYgFkzHvpWznPvybEUmyuz3o3Dim11,DiDWPZ7vQXfpaeQ8BX68XuDYeiQLv7diDxdeUpaondo,0,19.96,xs:sin_ruta|ondo:66.5,ondo,xStocks falla filtros 06-oct; Ondo podría sumar esta empresa,ambos,Stock,,66.5,FAIL,0,0,,187857
BIDU,Baidu,XsnStpqwfPD5mC1KRVrJ3w6kxEYVkUQivDHBSEr4uxf,54CoRF2FYMZNJg9tS36xq5BUcLZ7rju1r59jGc2ondo,0,19.94,xs:sin_ruta|ondo:73.7,ondo,xStocks falla filtros 06-oct; Ondo podría sumar esta empresa,ambos,Stock,,73.7,FAIL,0,0,,974083
AMAT,Applied Materials,XsQZdaWUAGC4R3fgD2N1fupKvJfJq6YM51ccnsLUWFA,7eRX747PSbVtGVx3qD5UFdkNM2BfTy86ikUiCMhondo,0,19.92,xs:sin_ruta|ondo:66.0,ondo,xStocks falla filtros 06-oct; Ondo podría sumar esta empresa,ambos,Stock,,66.0,FAIL,1,0,,652425
HUT,Hut 8,XsG5QyZTQnVSpsXRpD92K5ZGoxXjsmfTyx7fW7r18DV,f7iz4BQsnjw95EUyFiBKAnKgo7oBrycfzQdtmDwondo,0,19.87,xs:sin_ruta|ondo:86.8,ondo,xStocks falla filtros 06-oct; Ondo podría sumar esta empresa,ambos,Stock,,86.8,FAIL,0,0,20.02,10827.71
GEV,GE Vernova,XswXzAsMV9kebQjCVtr1btvrQgQ7C4C9kKgH4QYAVzw,CgZSv89BL58ybWfWobANKEU8nV9jYfFw23G2DZEondo,0,19.86,xs:sin_ruta|ondo:51.0,ondo,xStocks falla filtros 06-oct; Ondo podría sumar esta empresa,ambos,Stock,,51.0,FAIL,0,0,,185917
VICR,Vicor,XsrdBxdbyFTuZzQLs6isMzWAFiLVHdAzBA3mx5zVoyN,f9nfUo4SdhCGfHmm81m3ArgDsatwo2jLjEcgCcYondo,0,19.79,xs:sin_ruta|ondo:155.8,ondo,xStocks falla filtros 06-oct; Ondo podría sumar esta empresa,ambos,Stock,,155.8,FAIL,0,0,,378.98
ADBE,Adobe,XsDZMGEU8zadWFCkTtPBoPWYcUX3JHVmghnwf2Mve2q,12Rh6JhfW4X5fKP16bbUdb4pcVCKDHFB48x8GG33ondo,0,19.37,xs:sin_ruta|ondo:42.2,ondo,xStocks falla filtros 06-oct; Ondo podría sumar esta empresa,ambos,Stock,,42.2,FAIL,1,0,25.6,998590
OPEN,Opendoor Technologies,XsGtpmjhmC8kyjVSWL4VicGu36ceq9u55PTgF8bhGv6,ou1uE526v7zmUYP2qCb2LJgfXAyWAtWS9SETtr8ondo,16.68,0,xs:sin_ruta|ondo:83.5,ondo,xStocks con más volumen pero sin cotización ahora; se elige Ondo; xStocks falla filtros 06-oct; Ondo podría sumar esta empresa,ambos,Stock,,83.5,FAIL,0,0,579.74,34.12
CVX,Chevron,XsNNMt7WTNA2sV3jrb1NNfNgapxRF5i4i6GcnTRRHts,7tgKziACteG26VjV5xKufojKxwTgCFyTwmWUmz5ondo,4.06,15.52,xs:sin_ruta|ondo:124.6,ondo,xStocks falla filtros 06-oct; Ondo podría sumar esta empresa,ambos,Stock,,124.6,FAIL,2847,54,704.92,1117011
BAC,Bank of America,XswsQk4duEQmCbGzfqUUWYmi7pV7xpJ9eEmLHXCaEQP,Wk8gC6iTNp8dqd4ghkJ3h1giiUnyhykwHh7tYWjondo,0,15.24,xs:sin_ruta|ondo:44.1,ondo,xStocks falla filtros 06-oct; Ondo podría sumar esta empresa,ambos,Stock,,44.1,FAIL,810,50,70.98,153495
MTSI,MACOM Technology Solutions Holdings,XsGkSoEbLmqH2GCixj1MdGYHDbRaJdgnnDPrYhMuLxA,dAc8yWUrVra9v2PGsn3LT18oybsM62ysQ4ikWcpondo,0,15.08,xs:sin_ruta|ondo:318.2,ondo,xStocks falla filtros 06-oct; Ondo podría sumar esta empresa,ambos,Stock,,318.2,FAIL,0,0,,10806.59
ASML,ASML Holding NV,XshuHQ6o6SVpUNawvnnTMxsZ4tacZsNgVCLorv7TkFq,1eLZPRsn8bAKmoxsqDMH9Q2m2k7GMNp6RLSQGm8ondo,0,11.51,xs:sin_ruta|ondo:44.1,ondo,xStocks falla filtros 06-oct; Ondo podría sumar esta empresa,ambos,Stock,,44.1,FAIL,114,144,205.03,1503082
SOXS,Direxion Daily Semi Bear 3X ETF,XsCucuUESBi3ZjRxmjwUzGYuf6ZrtZDUvK6XhRA4RR3,ivnSAcjCqEtWYTKFbqYe8YoqRZqCBfT4BGP5G1nondo,0,10.62,xs:sin_ruta|ondo:48.7,excluir,ETF apalancado/inverso: se excluye por nuestros filtros; xStocks falla filtros 06-oct; Ondo podría sumar esta empresa,ambos,ETF,,48.7,FAIL,0,0,,155640
ARM,Arm Holdings plc,XswUFSYE5CWsZM3X3yo6e2pZvxcAzx912DonGvgUFka,15SsCZqCsM9fZGhTmP4rdJTPT9WGZKazDSsgeQ8ondo,0,10.23,xs:sin_ruta|ondo:43.7,ondo,xStocks falla filtros 06-oct; Ondo podría sumar esta empresa,ambos,Stock,,43.7,FAIL,0,0,,462042
APO,Apollo Global Management,XsosRSUc3n5pod3YNNyQ7go6811xWYd3YME2uEQohEx,14VXAhoa1R74vi1ZuiQyGLJrnDMfoFBPJSCpGVz3ondo,0,10.0,xs:sin_ruta|ondo:156.5,ondo,xStocks falla filtros 06-oct; Ondo podría sumar esta empresa,ambos,Stock,,156.5,FAIL,0,0,,9.81
RMBS,Rambus,Xs3VjsfwrH9mnKLo1z3TJqwtPjAEsHYBNsuzuZj76i5,jjnSEAsi8UbCez7x9XCbWntLWRHBdc2tWSdC3uoondo,0,10.0,xs:sin_ruta|ondo:133.1,ondo,xStocks falla filtros 06-oct; Ondo podría sumar esta empresa,ambos,Stock,,133.1,FAIL,0,0,,10.05
RDDT,Reddit,XsXEEJX7WoXfre8ZqYx1M1yXnEwd1Ww3YhvfESA2DzE,HXFrTf9v9NdjGUTnx4sojR3Cf92hoBsQFUxKTN7ondo,0,9.97,xs:sin_ruta|ondo:60.4,ondo,xStocks falla filtros 06-oct; Ondo podría sumar esta empresa,ambos,Stock,,60.4,FAIL,0,0,,214247
KLAC,KLA,Xsw2uU1i8tHjbgstUbtt3m6kg7BS7AgG5aj8z7ddmmN,149o8ppQf9SzKCKXZ4v3dzHkwumvtQSRzSEkr29uondo,0,9.95,xs:sin_ruta|ondo:78.9,ondo,xStocks falla filtros 06-oct; Ondo podría sumar esta empresa,ambos,Stock,,78.9,FAIL,4,0,,2903.28
PWR,Quanta Services,XsLR2VCGNzYVLfJGEwwNZsRYDZBGyBnoQH5rPGvwodA,f1yQz2fo7S24NqrsfaWDkmQ8xoa8yU72c9rEEBdondo,0,9.92,xs:sin_ruta|ondo:168.7,ondo,xStocks falla filtros 06-oct; Ondo podría sumar esta empresa,ambos,Stock,,168.7,FAIL,0,0,,3458.78
COP,ConocoPhillips,Xs58CxmUcgT17reeVV64se747XuRfjsJQnpb8DX9TDq,X68p9qTpEMkR1TLpXUP2ZJo8PG4Qge2Y2ZLdjA2ondo,0,9.91,xs:sin_ruta|ondo:278.4,ondo,xStocks falla filtros 06-oct; Ondo podría sumar esta empresa,ambos,Stock,,278.4,FAIL,0,0,,547200
EWJ,iShares MSCI Japan ETF,XsaXKP7GaPDA3bLwtuFoZ2oGsaukfeS1v2U1xUeqwrp,C6c7VcxuUYcV5YTsky5HM4PUmfwHTwsDD5DNwwPondo,0,9.8,xs:sin_ruta|ondo:108.1,ondo,xStocks falla filtros 06-oct; Ondo podría sumar esta empresa,ambos,ETF,,108.1,FAIL,0,0,,34.35
ABT,Abbott,XsHtf5RpxsQ7jeJ9ivNewouZKJHbPxhPoEy6yYvULr7,129gRoHKhVg7CvPMrqVsEB4uYZo6zV4yDZX6NBg9ondo,0,9.76,xs:sin_ruta|ondo:171.3,ondo,xStocks falla filtros 06-oct; Ondo podría sumar esta empresa,ambos,Stock,,171.3,FAIL,376,0,25572,92352
GNRC,Generac Holdings,XsAiJ9xc1eBoVEz4npaJqySHLrpCoyo1oFfJJpYSXPW,eqzwohR9oCR6sravF4y5HyUwyvCDbnfSYqiiFrXondo,0,9.66,xs:sin_ruta|ondo:130.5,ondo,xStocks falla filtros 06-oct; Ondo podría sumar esta empresa,ambos,Stock,,130.5,FAIL,0,0,,9.73
WULF,Terawulf,XsuwUbQSzCJN2wZabD1Gxf1MER2Ypa7hMzVMYB2WawJ,exYfSJt6Fgfhfnp3bAD4roYy97hLF9npjYaLyEXondo,0,9.59,xs:sin_ruta|ondo:58.7,ondo,xStocks falla filtros 06-oct; Ondo podría sumar esta empresa,ambos,Stock,,58.7,FAIL,0,0,16900.34,7191.83
STLD,Steel Dynamics,Xsw7mKDicsyZ7dgSMfFxhX5nbgat3uG9V1nCxDy6Gvp,n7DwzSkv1SBkcA9qj8LU9sZ9sRn72Z6spU2w2b9ondo,0,9.52,xs:sin_ruta|ondo:47.8,ondo,xStocks falla filtros 06-oct; Ondo podría sumar esta empresa,ambos,Stock,,47.8,FAIL,0,0,,9.53
CMG,Chipotle,XsR1ktNCRYDoDNxhaSxF6NX2HyT4ACSQBgPRLpXTWmm,5owVsVFSHACQuippFYdLp3qWRobp2EGcwxMmsr6ondo,0,7.5,xs:sin_ruta|ondo:44.0,ondo,xStocks falla filtros 06-oct; Ondo podría sumar esta empresa,ambos,Stock,,44.0,FAIL,0,0,,140498
BA,Boeing,XsBcnKnZMsPaerLiUQ4eMFy4Fjysot4RugYXYDjiqCP,1YVZ4LGpq8CAhpdpm3mgy7GgPb83gJczCpxLUQ3ondo,0,6.14,xs:sin_ruta|ondo:66.4,ondo,,ambos,Stock,,66.4,PASS,0,0,,772733
BTGO,BitGo Holdings,XsvHMmbDcd14DHHW16PkxPGW7ks77ehxUv1E9Zmxgj4,bgJWGuQxyoyFeXwzYZKBmoujVdatGFYPNFnv1a6ondo,0,5.0,xs:sin_ruta|ondo:213.6,ondo,xStocks falla filtros 06-oct; Ondo podría sumar esta empresa,ambos,Stock,,213.6,FAIL,0,0,79.97,976.52
DRS,Leonardo DRS,Xsf3NfLggzL9WXy4yaxJB3866ehq7y7sQxohwAkNiEu,gtKc3PtKfUH7vbvYLJ1HCRXCpQK1Wpgevn8e6gUondo,0,5.0,xs:sin_ruta|ondo:46.6,ondo,xStocks falla filtros 06-oct; Ondo podría sumar esta empresa,ambos,Stock,,46.6,FAIL,0,0,,105.49
RIVN,Rivian Automotive,XsoxDMY8s3ZV7zD4Yd87wAvURyxA8VXkd7w6HNuQkzj,AXRsYFt7TXNQ3DcY6BkvRgPV6VsYMURyDtaeudjondo,0,5.0,xs:sin_ruta|ondo:46.9,ondo,xStocks falla filtros 06-oct; Ondo podría sumar esta empresa,ambos,Stock,,46.9,FAIL,0,0,,578111
SBET,SharpLink Gaming,XsEoih2x6nZuUjFwzGoba6MFmtzCkzW2c4YAm6baQbq,iLDu2jjp2i3Uqc2Vm7K7GLiUj3hR4Un49MtD7c4ondo,0,5.0,xs:sin_ruta|ondo:91.2,ondo,xStocks falla filtros 06-oct; Ondo podría sumar esta empresa,ambos,Stock,,91.2,FAIL,52,0,0.080309,198135
PINS,Pinterest,XswgfhwvyLQ6ZdNsrwBGkBVpqXzQPpDykCDBmiti1o5,sxyg1VTSzy5zYANUK7hntNtmFAWoXGJq95AcHuVondo,0,4.96,xs:sin_ruta|ondo:176.8,ondo,xStocks falla filtros 06-oct; Ondo podría sumar esta empresa,ambos,Stock,,176.8,FAIL,0,0,,8.04
GS,Goldman Sachs,XsgaUyp4jd1fNBCxgtTKkW64xnnhQcvgaxzsbAq5ZD1,BchJRy2snmhJZf3rQ9LJ3ePs2BGfYgfvQNo31d2ondo,4.49,4.79,xs:sin_ruta|ondo:71.6,ondo,xStocks falla filtros 06-oct; Ondo podría sumar esta empresa,ambos,Stock,,71.6,FAIL,170,0,214.0,4.77
RDW,Redwire,Xs8LesEYZb7SZJrW85hMrrVzyeoyxKrCNVnpEURLzZp,E6KSaqjvqe2HiUpbEweRxLK4RimQddigm95H9Jaondo,0,4.78,xs:sin_ruta|ondo:40.8,ondo,xStocks falla filtros 06-oct; Ondo podría sumar esta empresa,ambos,Stock,,40.8,FAIL,0,0,,775921
AAON,AAON,XsvFzSYaLgkoB2iHQiSMhf6e5bVcRThJZvRPiySbhjq,nwPWRVFCbU3cdXWdJsuwomC5u459xPFdP2vYsmVondo,0,2.54,xs:sin_ruta|ondo:51.5,ondo,xStocks falla filtros 06-oct; Ondo podría sumar esta empresa,ambos,Stock,,51.5,FAIL,0,0,,2.58
C,Citigroup,XsM1FstDXh1pA4uNXzvJdAop9SRJnnRdWt2o8A2mLpN,PjtfUiw6Hwd8PZ94EcUw8mBSYxp7SjjzSLeNTDKondo,0,2.5,xs:sin_ruta|ondo:46.7,ondo,xStocks falla filtros 06-oct; Ondo podría sumar esta empresa,ambos,Stock,,46.7,FAIL,0,0,,682.37
ETN,Eaton,Xs8S5L4HkJpeBWF1J4oyUX6rVwGHmG7GZ7PiChPt7nY,BpYiU1dBXU1fdB64jbR93wHEw3Y47QeRLZvUyLQondo,0,2.5,xs:sin_ruta|ondo:64.5,ondo,xStocks falla filtros 06-oct; Ondo podría sumar esta empresa,ambos,Stock,,64.5,FAIL,0,0,2111.56,219601
VRT,Vertiv,XsLUiVEwYeoneKpgR1C2Q4DBUZhX4xDktSCfQqq8zmn,MkN2TZSYTFBdMRLf9EVcfhstTwnazH8knd9hpepondo,0,2.5,xs:sin_ruta|ondo:56.4,ondo,xStocks falla filtros 06-oct; Ondo podría sumar esta empresa,ambos,Stock,,56.4,FAIL,0,0,,1258710
AAL,American Airlines Group,XsrisVGB3qU1p3KGR7fg4JuxHkeCpdPtByJpYLB4pbH,9wYZetvT8J2ptfsRca5gzLBGvcUug38mp9yT3xaondo,0,0,xs:sin_ruta|ondo:62.1,ondo,xStocks con más volumen pero sin cotización ahora; se elige Ondo; xStocks falla filtros 06-oct; Ondo podría sumar esta empresa,ambos,Stock,,62.1,FAIL,0,0,,146513
ABBV,AbbVie,XswbinNKyPmzTa5CskMbCPvMW6G5CMnZXZEeQSSQoie,MFerpBVGKZh2jXN7cbJdXRXQTp6j6pbSnSZrfWrondo,0,0,xs:sin_ruta|ondo:72.0,ondo,xStocks con más volumen pero sin cotización ahora; se elige Ondo; xStocks falla filtros 06-oct; Ondo podría sumar esta empresa,ambos,Stock,,72.0,FAIL,3,0,23853,59.42
ABNB,Airbnb,XscSc1zjbVizEnhCzzehJ9fzztm3WRKdn9pjmriKDuN,128qNYovdGv2YqayErcJgU7gDwbNVX1VuoxbtWz8ondo,0,0,xs:sin_ruta|ondo:123.4,ondo,xStocks con más volumen pero sin cotización ahora; se elige Ondo; xStocks falla filtros 06-oct; Ondo podría sumar esta empresa,ambos,Stock,,123.4,FAIL,0,0,,157193
ACN,Accenture,Xs5UJzmCRQ8DWZjskExdSQDnbE6iLkRu2jjrRAB1JSU,12LxMMJYVSf4LoeqjFE47BQQNRciaH9E3nbDfjH4ondo,0,0,xs:sin_ruta|ondo:100.6,ondo,xStocks con más volumen pero sin cotización ahora; se elige Ondo; xStocks falla filtros 06-oct; Ondo podría sumar esta empresa,ambos,Stock,,100.6,FAIL,137,0,18471.94,638009
AEHR,Aehr Test Systems,Xs8kHDEs5w8ERuTmefBXsJy66G5mh836VgDFfgpuRej,ZWUSgDGQTQPGJyipzgJKcPhxgZzSBi4q6dqQbgCondo,0,0,xs:sin_ruta|ondo:89.3,ondo,xStocks con más volumen pero sin cotización ahora; se elige Ondo; xStocks falla filtros 06-oct; Ondo podría sumar esta empresa,ambos,Stock,,89.3,FAIL,0,0,,220883
AI,C3.ai,Xs7QhN79WzM4hjfHbu2W46ZRkdyumim3ooJHhPxenoU,rVMtUyy1ohurejV9qd81y9cPRHNA1A2QqWAErqfondo,0,0,xs:sin_ruta|ondo:52.7,ondo,xStocks con más volumen pero sin cotización ahora; se elige Ondo; xStocks falla filtros 06-oct; Ondo podría sumar esta empresa,ambos,Stock,,52.7,FAIL,0,0,,
AIP,Arteris,XsYmcuPsjC55LFnDGmD8S72VvZEc21UiLNUWR7uKdnR,jmnrdSzu293vKTWyEx3A2ZRVxxytJKW1wD3CLzkondo,0,0,xs:sin_ruta|ondo:64.8,ondo,xStocks con más volumen pero sin cotización ahora; se elige Ondo; xStocks falla filtros 06-oct; Ondo podría sumar esta empresa,ambos,Stock,,64.8,FAIL,0,0,,29.88
ALB,Albemarle,XsGea4488p7ydWQTQMYxtvCXDJiAJwgt4HsoKiKrGa3,B5KufqHkskgGYwMXtL8FSHgREAkMQvE3ykhH5Kmondo,0,0,xs:sin_ruta|ondo:79.9,ondo,xStocks con más volumen pero sin cotización ahora; se elige Ondo; xStocks falla filtros 06-oct; Ondo podría sumar esta empresa,ambos,Stock,,79.9,FAIL,0,0,,17.0
AME,AMETEK,XsVNxwvuQghf6TYBmCck75ddYD3KiWozujR8C67bPXC,ko48myqhBuXyL9WAp6pTzHWsdKsGKSditJVoGTSondo,0,0,xs:sin_ruta|ondo:746.6,ondo,xStocks con más volumen pero sin cotización ahora; se elige Ondo; xStocks falla filtros 06-oct; Ondo podría sumar esta empresa,ambos,Stock,,746.6,FAIL,0,0,,5.03
AMGN,Amgen,XsgKwBMbv8LDzEYRgbKtyqsub6QB56PQVzgTGbiGaNe,SS6AEWhzRrxhL2cXzKKjhFt3rCzmHHGKmFyugDTondo,0,0,xs:sin_ruta|ondo:130.0,ondo,xStocks con más volumen pero sin cotización ahora; se elige Ondo; xStocks falla filtros 06-oct; Ondo podría sumar esta empresa,ambos,Stock,,130.0,FAIL,0,0,,159683
AMKR,Amkor Technology,Xsqbg1tmAvNT5332hhX4hMSznqf2NJ1tz2cNWmAkRD3,nvvoP8gFyY2aZp6Cxu9Qq4MQqGrMebjtCxWrYfbondo,0,0,xs:sin_ruta|ondo:46.2,ondo,xStocks con más volumen pero sin cotización ahora; se elige Ondo; xStocks falla filtros 06-oct; Ondo podría sumar esta empresa,ambos,Stock,,46.2,FAIL,0,0,,148431
ASTS,AST SpaceMobile,XsR4LAtaBgTKTRUhiijY1ba13nx4bepeEcag2Pr4dZ1,B6ry9goGNvVbhq7gWHzs3p6emJ1gLaMhu4By9TTondo,0,0,xs:sin_ruta|ondo:48.2,ondo,xStocks con más volumen pero sin cotización ahora; se elige Ondo; xStocks falla filtros 06-oct; Ondo podría sumar esta empresa,ambos,Stock,,48.2,FAIL,120,0,5.67,791572
AUR,Aurora Innovation,Xs7x2HYEazWDXpYQYPBiRYh6o2AbkYrdrFwaBfBxyaU,eGbh3V9R5ujWYwKJZAyM4Eg3sfzLhwKyr4bGbTsondo,0,0,xs:sin_ruta|ondo:122.8,ondo,xStocks con más volumen pero sin cotización ahora; se elige Ondo; xStocks falla filtros 06-oct; Ondo podría sumar esta empresa,ambos,Stock,,122.8,FAIL,0,0,,664.68
BE,Bloom Energy,XsmGSEqT6VXpVis3aVBDxaNwPgHNXbkjkVUCncsLkNB,bBMTGF7atoCizHMT3KCeqJzqR2gXFSUXr53AEDgondo,0,0,xs:sin_ruta|ondo:55.8,ondo,xStocks con más volumen pero sin cotización ahora; se elige Ondo; xStocks falla filtros 06-oct; Ondo podría sumar esta empresa,ambos,Stock,,55.8,FAIL,0,0,,897656
BILI,Bilibili,Xsgu2ZZPVjVdjf2HN9F2weJNSyyireZBfu8MYJBBH1S,14kLsQVmc64qZexYuR4XGop9y8BeMkd77pJUm1Rhondo,0,0,xs:sin_ruta|ondo:82.6,ondo,xStocks con más volumen pero sin cotización ahora; se elige Ondo; xStocks falla filtros 06-oct; Ondo podría sumar esta empresa,ambos,Stock,,82.6,FAIL,0,0,,12985.53
BOT,RoboStrategy,Xsi8P9r7ZWDBBnBj9JTfnKWqyKNV19X2CQPWQsGdjnS,b8UDyp3Yx19rcdaBUNegoojyUdhPpiPQ46bFrtQQQon,0,0,xs:sin_ruta|ondo:sin_ruta,ninguno,sin volumen ni cotización en ningún emisor,ambos,Stock,,,FAIL,0,83,,6.4
CIEN,Ciena,XsE5qZhg6oL1ypWwtwXPQtW1EpFSvRmLXk9ceX9TtZx,cY3kDrNWP6DUZcWSQmA6Y4Nf7q5qS5kZ8zF9iLnondo,0,0,xs:sin_ruta|ondo:66.0,ondo,xStocks con más volumen pero sin cotización ahora; se elige Ondo; xStocks falla filtros 06-oct; Ondo podría sumar esta empresa,ambos,Stock,,66.0,FAIL,0,0,,186709
CLF,Cleveland-Cliffs,XsXzwQgoZ1iyfyTh8ZhHGbrdSLsCkFNKQ6e8DWPWtyh,fTuoE9pWbVK7EUpUEENBn8Vu226T7kF3YJBTRLPondo,0,0,xs:sin_ruta|ondo:125.9,ondo,xStocks con más volumen pero sin cotización ahora; se elige Ondo; xStocks falla filtros 06-oct; Ondo podría sumar esta empresa,ambos,Stock,,125.9,FAIL,0,0,,2.52
COF,Capital One,Xstd4ems8vhfGwTngpXCzgnSvJ4oD7E5gExUue2KEZX,R2uDbMtmHq5xSS5SserrovdRKdpiqnVBCd2AHLhondo,0,0,xs:sin_ruta|ondo:217.6,ondo,xStocks con más volumen pero sin cotización ahora; se elige Ondo; xStocks falla filtros 06-oct; Ondo podría sumar esta empresa,ambos,Stock,,217.6,FAIL,0,0,,4.87
COHR,Coherent,XsipFyePxrgwZJrX4s26RJ25cqwpkfn6ec8JLy26w5b,BXMkru8ded26p71gJ3AMMwJmwZaYYfQjRo8vbZzondo,0,0,xs:sin_ruta|ondo:35.8,ondo,xStocks con más volumen pero sin cotización ahora; se elige Ondo; xStocks falla filtros 06-oct; Ondo podría sumar esta empresa,ambos,Stock,,35.8,FAIL,0,0,,1378975
CORZ,Core Scientific,XsBGEXxbBcuu8Nrokj14G8v4ezT3JYWWLneTzXK8t6Z,f4ucqqnktrkdDAnwqcAAiA9Lggz6NAHJ3zFwipnondo,0,0,xs:sin_ruta|ondo:166.1,ondo,xStocks con más volumen pero sin cotización ahora; se elige Ondo; xStocks falla filtros 06-oct; Ondo podría sumar esta empresa,ambos,Stock,,166.1,FAIL,0,0,346.47,160012
CPNG,Coupang,XsoVbMATH8hMemisZZvGCc9YEkve3Yiirr2VtinKTuw,NKyzy31w2J7odLb2CW3Ft4fpKXkW3LBt1pvpkVLondo,0,0,xs:sin_ruta|ondo:42.6,ondo,xStocks con más volumen pero sin cotización ahora; se elige Ondo; xStocks falla filtros 06-oct; Ondo podría sumar esta empresa,ambos,Stock,,42.6,FAIL,0,0,,156948
CRM,Salesforce,XsczbcQ3zfcgAEt9qHQES8pxKAVG5rujPSHQEXi4kaN,7D7ukbcnUNYt7Et5vtsDZhAy28MKu9pkHka1Hp9ondo,0,0,xs:sin_ruta|ondo:57.2,ondo,xStocks con más volumen pero sin cotización ahora; se elige Ondo; xStocks falla filtros 06-oct; Ondo podría sumar esta empresa,ambos,Stock,,57.2,FAIL,122,0,10.0,1176551
CRWV,CoreWeave,Xs3trfdPXSZuxBJsgau6HRfu8SdrCirkwHpPNgSpJz9,BfPGpgNyxe6rjAru1EJarjSBAcCABuMF5L32v7nondo,0,0,xs:sin_ruta|ondo:48.0,ondo,xStocks con más volumen pero sin cotización ahora; se elige Ondo; xStocks falla filtros 06-oct; Ondo podría sumar esta empresa,ambos,Stock,,48.0,FAIL,0,0,,920632
DASH,DoorDash,XsuW1yxtbifjEYojFLmoavTWBT7hsuUXXeReAWK9X91,83P1gCFBZfGRCwJuBt9juxJKEsZwejJoG66eTZ6ondo,0,0,xs:sin_ruta|ondo:192.6,ondo,xStocks con más volumen pero sin cotización ahora; se elige Ondo; xStocks falla filtros 06-oct; Ondo podría sumar esta empresa,ambos,Stock,,192.6,FAIL,0,0,,24.68
DE,Deere,Xsh3Lt6pLpH65udstiFuZThJ6gyQTL6ryVXtNwEy5zd,CqQyAZjB9LGFTG95eiadGTkfhd9QA12ProeKsQmondo,0,0,xs:sin_ruta|ondo:64.5,ondo,xStocks con más volumen pero sin cotización ahora; se elige Ondo; xStocks falla filtros 06-oct; Ondo podría sumar esta empresa,ambos,Stock,,64.5,FAIL,0,4,,22.87
DIS,Disney,Xsg93jDV656ULQ5u9yT2x5DS9b4xGD8aDCtfESSW6Bb,mJf1xT3suXtkXBCfZcE9oUUuyxkvSgqYBWiX7v1ondo,0,0,xs:sin_ruta|ondo:40.1,ondo,xStocks con más volumen pero sin cotización ahora; se elige Ondo; xStocks falla filtros 06-oct; Ondo podría sumar esta empresa,ambos,Stock,,40.1,FAIL,0,0,,300784
DRAM,Roundhill Memory ETF,XsESMQjWyDczCfiJ3QDjZEiaKwp1uXYp3TMZ6viuLcm,oXeD5ZesXfJQ3mxtuZdMaccUsWrE8r1SnpYRP2Bondo,0,0,xs:sin_ruta|ondo:43.1,ondo,xStocks con más volumen pero sin cotización ahora; se elige Ondo; xStocks falla filtros 06-oct; Ondo podría sumar esta empresa,ambos,ETF,,43.1,FAIL,0,245,,229715
EMR,Emerson Electric,Xskqq9tKh2gc1PBJHf2q6jMgBpt3AojT3HVkWhjoY5h,nNyVbs9Qty6wU2YcP5KFh4SUxNWTdPtL2W1bTMrondo,0,0,xs:sin_ruta|ondo:sin_ruta,ninguno,sin volumen ni cotización en ningún emisor,ambos,Stock,,,FAIL,0,0,,9.65
ENTG,Entegris,XsD6kFBZCYumf4awQ9tgFFh8m2HGJBtTFdLYt7HcwRr,awCwGaVNbYJH2SyQJzgE3mB54gxa6SQEZSKZaHQondo,0,0,xs:sin_ruta|ondo:53.8,ondo,xStocks con más volumen pero sin cotización ahora; se elige Ondo; xStocks falla filtros 06-oct; Ondo podría sumar esta empresa,ambos,Stock,,53.8,FAIL,0,0,,2.46
EQT,EQT,XsvS1ZY358vAjNJ7s3fz13s64ZqYF36rgUDR8yVJkuA,bWrYATfytuRwGoDbpxy16aQbMbCZDv8DURuLCAhondo,0,0,xs:sin_ruta|ondo:130.8,ondo,xStocks con más volumen pero sin cotización ahora; se elige Ondo; xStocks falla filtros 06-oct; Ondo podría sumar esta empresa,ambos,Stock,,130.8,FAIL,0,0,,10.13
EWZ,iShares MSCI Brazil ETF,XsvsSHRUz5dAmUGH9jvVnkEZRcLkgo7uJf1VWhSuVLk,CBKcmEvVg5EgE3W5hVSPcBYWh6TFVjQwbmYod9Pondo,0,0,xs:sin_ruta|ondo:82.7,ondo,xStocks con más volumen pero sin cotización ahora; se elige Ondo; xStocks falla filtros 06-oct; Ondo podría sumar esta empresa,ambos,ETF,,82.7,FAIL,0,0,,2.09
FGDL,Franklin Responsibly Sourced Gold ETF,XspurdrAqbRJMQfAUEfh88QxE3XbSWxQGu3GneJR6e3,CYqLHM92EhmF83iNgfN4A1j2ckjsHigRvXu7xHCondo,0,0,xs:sin_ruta|ondo:74.8,ondo,xStocks con más volumen pero sin cotización ahora; se elige Ondo; xStocks falla filtros 06-oct; Ondo podría sumar esta empresa,ambos,ETF,,74.8,FAIL,0,0,,6791.47
FLNC,Fluence Energy,Xsc5BxL1ucvrQNXZqW3CT8M9gWTko1LPSLLkSVzGe9h,bzoe1epsQLx65zmez4pWfBumYzpaFwRTvnmCjZVondo,0,0,xs:sin_ruta|ondo:56.9,ondo,xStocks con más volumen pero sin cotización ahora; se elige Ondo; xStocks falla filtros 06-oct; Ondo podría sumar esta empresa,ambos,Stock,,56.9,FAIL,0,0,,86.1
FN,Fabrinet,XsJ6W21MaWMQCqhRLbLTD82427vcMVzxULkomGRg4gJ,cfxyRHXjqoKN6hF3oEGu1bpEEFGcEiVXoNG4UUCondo,0,0,xs:sin_ruta|ondo:61.1,ondo,xStocks con más volumen pero sin cotización ahora; se elige Ondo; xStocks falla filtros 06-oct; Ondo podría sumar esta empresa,ambos,Stock,,61.1,FAIL,0,0,,164475
FORM,FormFactor,XsweEBLf9yJz58So3Z1WsJAzYFsbTQSdE4FeW7nQBH2,ZDnkXeN5awDioQjP691XFLdgZwDAv19g3fCr9KWondo,0,0,xs:sin_ruta|ondo:270.2,ondo,xStocks con más volumen pero sin cotización ahora; se elige Ondo; xStocks falla filtros 06-oct; Ondo podría sumar esta empresa,ambos,Stock,,270.2,FAIL,0,0,,67.62
FPS,Forgent Power Solutions,XsvH4G2oumrBsL73QvVvc3pAw8KYWQJaACWsLtWrR9G,m3XghfWMqmVE81LKLVxd1FVCKjqYAUxH8bMHGhzondo,0,0,xs:sin_ruta|ondo:59.2,ondo,xStocks con más volumen pero sin cotización ahora; se elige Ondo; xStocks falla filtros 06-oct; Ondo podría sumar esta empresa,ambos,Stock,,59.2,FAIL,0,0,,3972.98
GLW,Corning,Xsg3UgvjxpUgV3WZx9Wt9deLx7qvKYp6ZLY6xMY2Dfq,YQzNQh2YSFQ6nh91E8Ja71U6JuZDLap5jJCsELGondo,0,0,xs:sin_ruta|ondo:52.8,ondo,xStocks con más volumen pero sin cotización ahora; se elige Ondo; xStocks falla filtros 06-oct; Ondo podría sumar esta empresa,ambos,Stock,,52.8,FAIL,0,0,,193116
GLXY,Galaxy Digital,Xs3c2aZenyRQwXjki5MDxJEJ2km27ef2rWQMFWx7QKJ,CkWmEM2J79k6AjAwyQVHXteFucAL1zQrKLxLqJHondo,0,0,xs:sin_ruta|ondo:114.9,ondo,xStocks con más volumen pero sin cotización ahora; se elige Ondo; xStocks falla filtros 06-oct; Ondo podría sumar esta empresa,ambos,Stock,,114.9,FAIL,0,0,5.0,103.87
HAL,Halliburton,XsYq2q3UxkwdHmhxJf5wbuXfDWuy5mYP5xsDBVEDK8Q,iFcwEB2LfeYLWKgZ2vogEzC5dP7s7xbhVX81XFwondo,0,0,xs:sin_ruta|ondo:173.7,ondo,xStocks con más volumen pero sin cotización ahora; se elige Ondo; xStocks falla filtros 06-oct; Ondo podría sumar esta empresa,ambos,Stock,,173.7,FAIL,0,0,,477.0
HD,Home Depot,XszjVtyhowGjSC5odCqBpW1CtXXwXjYokymrk7fGKD3,MtEXKVN3Pcggy8MPA3eJr15H6SK3RXheScqj9qtondo,0,0,xs:sin_ruta|ondo:41.3,ondo,xStocks con más volumen pero sin cotización ahora; se elige Ondo; xStocks falla filtros 06-oct; Ondo podría sumar esta empresa,ambos,Stock,,41.3,FAIL,0,0,22137,5.07
HII,Huntington Ingalls Industries,XsqxvS2n4fRh41imCC68Z6NmDHk2SPXkGXrekg9o9kd,h73FNVBDq95fqGBy5eunHm2FVfu2jWZNkeXHDieondo,0,0,xs:sin_ruta|ondo:sin_ruta,ninguno,sin volumen ni cotización en ningún emisor,ambos,Stock,,,FAIL,0,0,,2.47
IBM,IBM,XspwhyYPdWVM8XBHZnpS9hgyag9MKjLRyE3tVfmCbSr,C8bZkgSxXkyT1RgxByp2teJ24hgimPLoyEYoNa9ondo,0,0,xs:sin_ruta|ondo:35.6,ondo,xStocks con más volumen pero sin cotización ahora; se elige Ondo; xStocks falla filtros 06-oct; Ondo podría sumar esta empresa,ambos,Stock,,35.6,FAIL,1784,0,224.37,1112647
IEMG,iShares Core MSCI Emerging Markets ETF,XsFnZawJdLdXfBSEt5Vw29K5vdBiHotdPLjUPafpfHs,cdVNL7wK8mf1UCDqM6zdrziRv4hmvqWhXeTcck2ondo,0,0,xs:sin_ruta|ondo:122.7,ondo,xStocks con más volumen pero sin cotización ahora; se elige Ondo; xStocks falla filtros 06-oct; Ondo podría sumar esta empresa,ambos,ETF,,122.7,FAIL,0,0,111.22,310.96
INTU,Intuit,XsfodJMz7SyMNsSgATVDcbuMiQDqQoAiRTL1xuyHNUn,CozoH5HBTyyeYSQxHcWpGzd4Sq5XBaKzBzvTtN3ondo,0,0,xs:sin_ruta|ondo:74.4,ondo,xStocks con más volumen pero sin cotización ahora; se elige Ondo; xStocks falla filtros 06-oct; Ondo podría sumar esta empresa,ambos,Stock,,74.4,FAIL,0,0,,161742
IONQ,IonQ,XsqFgFeprZEpayi92MTQGheZiNFmTi2TRJRmrHjCzMx,DDZQijTbaSd3Kas1r1bgCnHPayk8vTP8SfZWp5Tondo,0,0,xs:sin_ruta|ondo:41.8,ondo,xStocks con más volumen pero sin cotización ahora; se elige Ondo; xStocks falla filtros 06-oct; Ondo podría sumar esta empresa,ambos,Stock,,41.8,FAIL,0,0,,156469
IRDM,Iridium Communications,Xs5jambBqEK8FK2FpxFTLBCQ3uR6q8CBpwCMmQri8TG,go6DXMdM5zHTC9G16BwAYA8rKwGRhy9M5uudNdBondo,0,0,xs:sin_ruta|ondo:sin_ruta,ninguno,sin volumen ni cotización en ningún emisor,ambos,Stock,,,FAIL,0,0,,2.49
ISRG,Intuitive Surgical,XsgBcHP3frsQGHr5EoDdoPZMANk52Y4JPg5BYx98NwL,1MGRpPrkhEsCm2GCWD3rsvEU77xTTLAzfKXeFgFondo,0,0,xs:sin_ruta|ondo:40.7,ondo,xStocks con más volumen pero sin cotización ahora; se elige Ondo; xStocks falla filtros 06-oct; Ondo podría sumar esta empresa,ambos,Stock,,40.7,FAIL,0,0,,157276
ITA,iShares US Aerospace and Defense ETF,XsXoAR52Q2NYFkYiNqhCq4FauvyA1tdRsrmEYNf9fuh,DDcAL93Urf7KrPntvKULnZoFs4Wdee1LkkJqLpjondo,0,0,xs:sin_ruta|ondo:48.1,ondo,xStocks con más volumen pero sin cotización ahora; se elige Ondo; xStocks falla filtros 06-oct; Ondo podría sumar esta empresa,ambos,ETF,,48.1,FAIL,0,0,,5.03
JAAA,Janus Henderson AAA CLO ETF,XsEYQJtVa51Ww3y28jV1FwheMgmDj8BpxYiCPThcLWW,KZtqx9BJbpcGY7vdzhqPXM3ECKChxE5YhXaDiwRondo,0,0,xs:sin_ruta|ondo:39.8,ondo,xStocks con más volumen pero sin cotización ahora; se elige Ondo; xStocks falla filtros 06-oct; Ondo podría sumar esta empresa,ambos,ETF,,39.8,FAIL,0,0,,41.36
JBL,Jabil,XsnZQ49Abxr3RJgRSxYd4azhUg4MQVT3amiyaq84oA1,igWFQo1W64cQN6QUWYRXhM1UvpPuYTYtLELbDYqqqon,0,0,xs:sin_ruta|ondo:80.3,ondo,xStocks con más volumen pero sin cotización ahora; se elige Ondo; xStocks falla filtros 06-oct; Ondo podría sumar esta empresa,ambos,Stock,,80.3,FAIL,0,0,,10.08
KEYS,Keysight Technologies,XsXzXSMoSdF3gczdPhECXHN3TwfkUpNkthUvpEJVbDn,jYcn4hHgyq1fS46YgecQY9N1gLU3sAxKA3DZVAPondo,0,0,xs:sin_ruta|ondo:299.5,ondo,xStocks con más volumen pero sin cotización ahora; se elige Ondo; xStocks falla filtros 06-oct; Ondo podría sumar esta empresa,ambos,Stock,,299.5,FAIL,0,24,,49.57
LECO,Lincoln Electric,Xs7wdJdbcu1oR36AvumDgFLPiHmhpF9GEHQT6h16zAf,kmppRwWb2odH6D4JWj8Lq9WshMyyUeCYssWQFhiondo,0,0,xs:sin_ruta|ondo:71.4,ondo,xStocks con más volumen pero sin cotización ahora; se elige Ondo; xStocks falla filtros 06-oct; Ondo podría sumar esta empresa,ambos,Stock,,71.4,FAIL,0,0,,10.03
LIN,Linde plc,XsSr8anD1hkvNMu8XQiVcmiaTP7XGvYu7Q58LdmtE8Z,Edik9MoFp8LAXS9HNu2gRFyihwYqDqv4ZmNmVT9ondo,0,0,xs:sin_ruta|ondo:178.2,ondo,xStocks con más volumen pero sin cotización ahora; se elige Ondo; xStocks falla filtros 06-oct; Ondo podría sumar esta empresa,ambos,Stock,,178.2,FAIL,891,0,245.21,1.84
LOW,Lowe's,XsixDLxXcKZBcRBddYiPZjB9FJcKMTLd4B7VBeKo3pB,edLdFJVVR532qhcrNTJjLAmhmyV7NsctbWVokMBondo,0,0,xs:sin_ruta|ondo:43.5,ondo,xStocks con más volumen pero sin cotización ahora; se elige Ondo; xStocks falla filtros 06-oct; Ondo podría sumar esta empresa,ambos,Stock,,43.5,FAIL,0,0,,199.63
LSCC,Lattice Semiconductor,XsjaZAWtPNA1ZWqbPZxaDWtx1h9L23ucmRquwuSHQuf,nDetEKBEk9chztCXSYNrU5F63s2RCEQCxT7BhxDondo,0,0,xs:sin_ruta|ondo:52.4,ondo,xStocks con más volumen pero sin cotización ahora; se elige Ondo; xStocks falla filtros 06-oct; Ondo podría sumar esta empresa,ambos,Stock,,52.4,FAIL,0,0,,1078.13
MKSI,MKS Inc.,XsVDmkYEQ3wwLkXKdkRmic3HroSbReejAcnY9eNmrRW,ZNkQTVtc4WRMQfVCC23PmwYX41577tPcvs2AiXAondo,0,0,xs:sin_ruta|ondo:140.1,ondo,xStocks con más volumen pero sin cotización ahora; se elige Ondo; xStocks falla filtros 06-oct; Ondo podría sumar esta empresa,ambos,Stock,,140.1,FAIL,0,0,,40.13
MRK,Merck,XsnQnU7AdbRZYe2akqqpibDdXjkieGFfSkbkjX1Sd1X,bn1fb8dwzafGePqNPrM8m8cbAKQiFqeEPuZkPySondo,0,0,xs:sin_ruta|ondo:79.9,ondo,xStocks con más volumen pero sin cotización ahora; se elige Ondo; xStocks falla filtros 06-oct; Ondo podría sumar esta empresa,ambos,Stock,,79.9,FAIL,124,0,2.81,1020.43
MTZ,MasTec,XsvBVwk5d7eU6prsSxHJPu2adEm5q6wx55mbhov2UnF,R3ywbVQ5t8LNmjQsn2Ngv43dSqyZscQwNag9G3Eondo,0,0,xs:sin_ruta|ondo:49.6,ondo,xStocks con más volumen pero sin cotización ahora; se elige Ondo; xStocks falla filtros 06-oct; Ondo podría sumar esta empresa,ambos,Stock,,49.6,FAIL,0,0,,62.72
NEE,NextEra Energy,Xs4f5EbxL1bB89N7ADF7smF8fXxifJa3t6SexZufBWA,t7eN6cGwRMFaZvsNW2SmVwkedmHtDdrxA4ycNE5ondo,0,0,xs:sin_ruta|ondo:43.1,ondo,xStocks con más volumen pero sin cotización ahora; se elige Ondo; xStocks falla filtros 06-oct; Ondo podría sumar esta empresa,ambos,Stock,,43.1,FAIL,0,0,,1932.83
NEM,Newmont,XssuE11NLek5vAeHNS2Jm8PFvT4PE7dtnpZwasWTGDT,Dig28Tf1ufhCBAsjTmFkXCgcNgMqDMYj5A2rDQmondo,0,0,xs:sin_ruta|ondo:48.2,ondo,xStocks con más volumen pero sin cotización ahora; se elige Ondo; xStocks falla filtros 06-oct; Ondo podría sumar esta empresa,ambos,Stock,,48.2,FAIL,0,0,,2.7
NET,Cloudflare,XsR3LAMkzuPP8DnfYaiB2grTWqkBVy286gjJVErK1bi,ZtAY65FCh3YB9H1wkbjRxxY5nXt9VfuTTz3Mzbuondo,0,0,xs:sin_ruta|ondo:60.1,ondo,xStocks con más volumen pero sin cotización ahora; se elige Ondo; xStocks falla filtros 06-oct; Ondo podría sumar esta empresa,ambos,Stock,,60.1,FAIL,0,0,,157090
NOC,Northrop Grumman,Xs1eyZcwrzzYW3hDjfpm7PiJrC9RyFszsHpqfTeUTCE,Dm6FpQ76SsbVmAZ4NvD2mjZP7cxbw1CASr4WwCiondo,0,0,xs:sin_ruta|ondo:71.1,ondo,xStocks con más volumen pero sin cotización ahora; se elige Ondo; xStocks falla filtros 06-oct; Ondo podría sumar esta empresa,ambos,Stock,,71.1,FAIL,0,0,,123.88
NTES,NetEase,Xss5mnWWwgwVc6d7dibSqcb43fbmjXAnuRaJ6ZF2iXQ,YeK2TdPtGLAme3Phg4pb1GBN2YxKgX5UNVyD4asondo,0,0,xs:sin_ruta|ondo:41.2,ondo,xStocks con más volumen pero sin cotización ahora; se elige Ondo; xStocks falla filtros 06-oct; Ondo podría sumar esta empresa,ambos,Stock,,41.2,FAIL,0,0,,364.44
NUE,Nucor,XsvdeDvbEfZkvfEUixS9SydEfJopFFD6NJjXZN1haYr,mvAUPvwKPW4rbbTXkqCvcZEG45XCeRHSVcLVym8ondo,0,0,xs:sin_ruta|ondo:342.3,ondo,xStocks con más volumen pero sin cotización ahora; se elige Ondo; xStocks falla filtros 06-oct; Ondo podría sumar esta empresa,ambos,Stock,,342.3,FAIL,0,0,,25.7
OKLO,Oklo,XsJb1p4Ks6VFggq68JyMz7S3kdRfkqh4wA6EMyxi4DD,m6oDLvJT7rY7M1TxuLWP3pWmAPg2cCWDQR1NKiEondo,0,0,xs:sin_ruta|ondo:49.2,ondo,xStocks con más volumen pero sin cotización ahora; se elige Ondo; xStocks falla filtros 06-oct; Ondo podría sumar esta empresa,ambos,Stock,,49.2,FAIL,0,0,194.99,652263
ON,ON Semiconductor,XsTzZxvfNdVESw8oEn7cNPnfQ4SGk7ncBSezfU6dxa7,13qtwy5fZi9Przz14pzo9xqFSr8QHmLyUpUCvP1xondo,0,0,xs:sin_ruta|ondo:sin_ruta,ninguno,sin volumen ni cotización en ningún emisor,ambos,Stock,,,FAIL,0,0,,1411.4
OSCR,Oscar Health,Xsj1NnCroe64taUVsrxwWSzd1VgPnLtTD1K7W8MLXmd,ThwGDsXZ6iKubWuEQjmDxGwF3bUERDGbBXvcbjFondo,0,0,xs:sin_ruta|ondo:sin_ruta,ninguno,sin volumen ni cotización en ningún emisor,ambos,Stock,,,FAIL,0,0,,5474.65
OUST,Ouster,XsUsHYstgit1UE4anT2thfJvTByEHmrgx4V1FS8EQu8,aV3R9NPU6TkyA6r9NPF5bmAw5XXsjUU7r2whgBqondo,0,0,xs:sin_ruta|ondo:111.8,ondo,xStocks con más volumen pero sin cotización ahora; se elige Ondo; xStocks falla filtros 06-oct; Ondo podría sumar esta empresa,ambos,Stock,,111.8,FAIL,0,0,,598.88
OXY,Occidental Petroleum,XsRNiTxDeRvxTEMTV5BC98N7cTZXxjNdLnudR8YeB2b,1GNFMryQ6c9ZpMhgNimmsbtgYM21qnBJgRAFoNiondo,0,0,xs:sin_ruta|ondo:114.3,ondo,xStocks con más volumen pero sin cotización ahora; se elige Ondo; xStocks falla filtros 06-oct; Ondo podría sumar esta empresa,ambos,Stock,,114.3,FAIL,0,0,,5.01
PANW,Palo Alto Networks,XsQ6NfzzLH8nspjrB9X8R2K64Zz7Tnxqu12juDiMPMW,M7hVQomhw4Q2D2op3HvBrZjHu9SryjNvD5haEZ1ondo,0,0,xs:sin_ruta|ondo:45.8,ondo,xStocks con más volumen pero sin cotización ahora; se elige Ondo; xStocks falla filtros 06-oct; Ondo podría sumar esta empresa,ambos,Stock,,45.8,FAIL,0,0,203.17,153790
PCG,PG&E,XsPq3VY73br4wpgi2a4b3jAdvuhstpknXVJ2fA4vNmk,UP5s1srLaHDc4SwJqLPa3A48x5R7ofN3hZWxWEZondo,0,0,xs:sin_ruta|ondo:51.6,ondo,xStocks con más volumen pero sin cotización ahora; se elige Ondo; xStocks falla filtros 06-oct; Ondo podría sumar esta empresa,ambos,Stock,,51.6,FAIL,0,0,,456.01
PDD,PDD Holdings,XsSdwPGhuiTBir2bpJTiJkEhfMEn5bG75XevuePua1q,PnjETBCLC318DRejo9cMQKAmET9PvW8AEFGWMNtondo,0,0,xs:sin_ruta|ondo:37.4,ondo,xStocks con más volumen pero sin cotización ahora; se elige Ondo; xStocks falla filtros 06-oct; Ondo podría sumar esta empresa,ambos,Stock,,37.4,FAIL,0,443,,606130
PENG,Penguin Solutions,XsNKpPnrpzt3MRF7dA9EtAxWyrdivwN5xyvHUi2iweV,dWFwjcUKdc7bPH9GEebpJVmEmUjvQTgEWGVR9WYondo,0,0,xs:sin_ruta|ondo:69.3,ondo,xStocks con más volumen pero sin cotización ahora; se elige Ondo; xStocks falla filtros 06-oct; Ondo podría sumar esta empresa,ambos,Stock,,69.3,FAIL,0,0,,484.46
PL,Planet Labs,XsMJtFbb8BwzQtck3oRXyAfs7SAPRuTXnSEDNd7BAVz,aq2zXUHqx7Zk6HSJH2GYsNajQJZj9f3dV7gAzfuondo,0,0,xs:sin_ruta|ondo:69.3,ondo,xStocks con más volumen pero sin cotización ahora; se elige Ondo; xStocks falla filtros 06-oct; Ondo podría sumar esta empresa,ambos,Stock,,69.3,FAIL,0,0,50.06,149357
POWL,Powell Industries,XsqmkcmiAXxUmRf6bckJJtnVSynPYgjWFzUo8agEoq8,fRFzaZfGSXPf2r4oBgBBXpisRovMaJZjv1aCQBsondo,0,0,xs:sin_ruta|ondo:285.0,ondo,xStocks con más volumen pero sin cotización ahora; se elige Ondo; xStocks falla filtros 06-oct; Ondo podría sumar esta empresa,ambos,Stock,,285.0,FAIL,0,0,,227.12
PURR,Hyperliquid Strategies,XscLQvx6mzoarzvLF6CntvUPFa6ukUkFCvqzLxiihmw,rsiKbHCdsvmExvDfkYWypAXFsqKz6V8XuoxbkHtondo,0,0,xs:sin_ruta|ondo:60.3,ondo,xStocks con más volumen pero sin cotización ahora; se elige Ondo; xStocks falla filtros 06-oct; Ondo podría sumar esta empresa,ambos,Stock,,60.3,FAIL,0,55,,5545.51
QUBT,Quantum Computing,XsRJiWgqGJrDaidERfWfdZkaxdA4VPjVEqN6XFctpp3,E4YowrHx5wm4RtSjfuvTqtNH3Wf7NEj5tYZGD9Bondo,0,0,xs:sin_ruta|ondo:57.0,ondo,xStocks con más volumen pero sin cotización ahora; se elige Ondo; xStocks falla filtros 06-oct; Ondo podría sumar esta empresa,ambos,Stock,,57.0,FAIL,0,0,,12.16
QYLD,Global X NASDAQ 100 Covered Call ETF,XsyGzGhqwnbfqeN6TQWK4SHnVJYgbxRdp4aH5L6RwEZ,ueEYw3Djy9GVu9mrP6jum8qNpxshgcy7gMfmntWondo,0,0,xs:sin_ruta|ondo:41.7,ondo,xStocks con más volumen pero sin cotización ahora; se elige Ondo; xStocks falla filtros 06-oct; Ondo podría sumar esta empresa,ambos,ETF,,41.7,FAIL,0,0,,19.92
REGN,Regeneron Pharmaceuticals,XsWkTtvUXJgrvxvgGuHRRqk6iwDuviEQZw4uJFUUGgX,E86mX2yb3HLbJM6gRtZQ6dCYmLh6MSDZadu9SCPondo,0,0,xs:sin_ruta|ondo:312.2,ondo,xStocks con más volumen pero sin cotización ahora; se elige Ondo; xStocks falla filtros 06-oct; Ondo podría sumar esta empresa,ambos,Stock,,312.2,FAIL,0,0,,158349
RIOT,Riot Platforms,Xs31mE5EiqjSHEaiX9QDKCN6NvSGCqpJ6f1FNq2wri5,i6f3DvZBuLpnGSqS8x6WPeStJ7jNe5KewD6afD5ondo,0,0,xs:sin_ruta|ondo:95.1,ondo,xStocks con más volumen pero sin cotización ahora; se elige Ondo; xStocks falla filtros 06-oct; Ondo podría sumar esta empresa,ambos,Stock,,95.1,FAIL,40,0,119.79,156010
ROK,Rockwell Automation,XsnR8Rtrd8yFDGP3g2HwLdGiw58UcXjggXzgkL3pNYz,e83tWWrVsVk1hRGNz5BCwNr9TMBNWixmoUhWgYcondo,0,0,xs:sin_ruta|ondo:239.4,ondo,xStocks con más volumen pero sin cotización ahora; se elige Ondo; xStocks falla filtros 06-oct; Ondo podría sumar esta empresa,ambos,Stock,,239.4,FAIL,0,0,,1353.12
SATA,Strive Preferred,XsAxB3xLnt7xto5ChiSbVNHBoXcXzKuzS7FieiNYwtY,vZVGEJfSM1hS4XdFVAZL2Fr1cbPzJty9vWyax68ondo,0,0,xs:sin_ruta|ondo:38.9,ondo,xStocks con más volumen pero sin cotización ahora; se elige Ondo; xStocks falla filtros 06-oct; Ondo podría sumar esta empresa,ambos,Stock,,38.9,FAIL,0,0,,314.22
SBUX,Starbucks,Xs9gd8SGbYQn9kkUYQayn46BdqQbvvUshEF6ZpRAzM7,iPFqjcZQTNMNXA4kbShbMhfAVD8yr8Uq9UtXMV6ondo,0,0,xs:sin_ruta|ondo:37.4,ondo,xStocks con más volumen pero sin cotización ahora; se elige Ondo; xStocks falla filtros 06-oct; Ondo podría sumar esta empresa,ambos,Stock,,37.4,FAIL,0,0,,149266
SCCO,Southern Copper,XsQD8itHh5CdrWMiH8cZPB55KSATjdXsxcSJJ14YCFD,EANjzFjj3nPXHdzN5CE3Z8LLVn69Ce77FE8X4cvondo,0,0,xs:sin_ruta|ondo:205.6,ondo,xStocks con más volumen pero sin cotización ahora; se elige Ondo; xStocks falla filtros 06-oct; Ondo podría sumar esta empresa,ambos,Stock,,205.6,FAIL,0,0,,5.06
SCHW,Charles Schwab,XsK5U9qwT9ErPXnpgDzV9voTGASZbZnNTYTGVxCqPii,cnc6M1zXLdrGR5LAQVcaJDfgezMiVWNtGQsVy1Kondo,0,0,xs:sin_ruta|ondo:137.5,ondo,xStocks con más volumen pero sin cotización ahora; se elige Ondo; xStocks falla filtros 06-oct; Ondo podría sumar esta empresa,ambos,Stock,,137.5,FAIL,0,0,,4.86
SGOV,iShares 0-3 Month Treasury Bond ETF,XsYD72ntjj7ZwoFDZCDmN2gamTcLpnywqvG7PQN5vCN,HjrN6ChZK2QRL6hMXayjGPLFvxhgjwKEy135VRjondo,0,0,xs:sin_ruta|ondo:32.1,ondo,xStocks con más volumen pero sin cotización ahora; se elige Ondo,ambos,ETF,,32.1,PASS,1,63,,60316
SHLD,Global X Defense Tech ETF,XsAzGv2quxQWSUphAKcmFeFyJqTgDkcetgp3DmAFVj4,siVse6kjZb9ihaXHaqoG3mhHyTPEnNCkvSDTheoondo,0,0,xs:sin_ruta|ondo:105.2,ondo,xStocks con más volumen pero sin cotización ahora; se elige Ondo; xStocks falla filtros 06-oct; Ondo podría sumar esta empresa,ambos,ETF,,105.2,FAIL,0,0,,198.37
SMR,NuScale Power,XsrwdnwLHjVnyy7fgE2Pdwjp3czEm73jPjkSC5xzUBw,bGy2covWNf5qyzoNdV1pWXuLmFi6Dq927o7JXzWondo,0,0,xs:sin_ruta|ondo:44.0,ondo,xStocks con más volumen pero sin cotización ahora; se elige Ondo; xStocks falla filtros 06-oct; Ondo podría sumar esta empresa,ambos,Stock,,44.0,FAIL,0,0,,1075.37
SNOW,Snowflake,Xs3QCTNpPWTFYRQ9yPv9gsvWKNJGk45UQ1bb1w7xznc,JmFLCBwoNvcXy6B2VqABg6m784ubkXpaEx3p7S5ondo,0,0,xs:sin_ruta|ondo:89.7,ondo,xStocks con más volumen pero sin cotización ahora; se elige Ondo; xStocks falla filtros 06-oct; Ondo podría sumar esta empresa,ambos,Stock,,89.7,FAIL,0,0,,650631
SO,Southern,Xs5nNLYnMuwBTMQ7KnfCgfsDBa9WehDa1EZqzicarZm,aKzjn2ZdWySSGPSSDTY2HUpcSCmemSahTXihrpyondo,0,0,xs:sin_ruta|ondo:43.0,ondo,xStocks con más volumen pero sin cotización ahora; se elige Ondo; xStocks falla filtros 06-oct; Ondo podría sumar esta empresa,ambos,Stock,,43.0,FAIL,0,0,,68.94
SOXL,Direxion Daily Semi Bull 3X ETF,XsdZDkoMdUb6iKDAKKappuM7C1Q2HmTqC8jNujbfmCu,isRSJECP9yFPv9YejzGUdjzAGHbF2x5DpVeDqAiondo,0,0,xs:sin_ruta|ondo:45.7,excluir,ETF apalancado/inverso: se excluye por nuestros filtros; xStocks con más volumen pero sin cotización ahora; se elige Ondo; xStocks falla filtros 06-oct; Ondo podría sumar esta empresa,ambos,ETF,,45.7,FAIL,1,0,,1233391
SQQQ,ProShares UltraPro Short QQQ,XsSPkcE4GbHiBacr8awTTHpwFBuznazcwEKgdvBCkoz,D1tu7Fnm3cCpKyyPXrqm5GXShPqMj7a2SEjjq9fondo,0,0,xs:sin_ruta|ondo:46.1,excluir,ETF apalancado/inverso: se excluye por nuestros filtros; xStocks con más volumen pero sin cotización ahora; se elige Ondo; xStocks falla filtros 06-oct; Ondo podría sumar esta empresa,ambos,ETF,,46.1,FAIL,0,0,,21640
TLN,Talen Energy,Xs8yLZVjsYmQ5Tu4e5JDVQeo4cbRRDCVERgtSGJFn3q,RTb54gpqAx6RpLAHRGnqQ3ciQ845CHqhg21ZzEJondo,0,0,xs:sin_ruta|ondo:sin_ruta,ninguno,sin volumen ni cotización en ningún emisor,ambos,Stock,,,FAIL,0,0,,498.87
TMO,Thermo Fisher Scientific,Xs8drBWy3Sd5QY3aifG9kt9KFs2K3PGZmx7jWrsrk57,T699bgtXQw4CJ59rQ4VzLsupVQUzoL5RmuhHnKrondo,0,0,xs:sin_ruta|ondo:208.5,ondo,xStocks con más volumen pero sin cotización ahora; se elige Ondo; xStocks falla filtros 06-oct; Ondo podría sumar esta empresa,ambos,Stock,,208.5,FAIL,51,0,30.27,11363.86
TMUS,T-Mobile US,XswCi2U1G6Ppbw1QhG45yKb8UKuR1FKLJrquv2FZSD4,pDY4GPJfZcNETPG7myXeafQfgJqqVkn81bMYDyfondo,0,0,xs:sin_ruta|ondo:130.4,ondo,xStocks con más volumen pero sin cotización ahora; se elige Ondo; xStocks falla filtros 06-oct; Ondo podría sumar esta empresa,ambos,Stock,,130.4,FAIL,0,0,534.72,168.22
TSEM,Tower Semiconductor,XsCMQxyd94mNDqb9uXoxLh6hNFFcBygdBYerEKp2LZy,cRx9VtwwPTZbVk1DjbMyKzrMWn7nJA22UpMyzFYondo,0,0,xs:sin_ruta|ondo:178.5,ondo,xStocks con más volumen pero sin cotización ahora; se elige Ondo; xStocks falla filtros 06-oct; Ondo podría sumar esta empresa,ambos,Stock,,178.5,FAIL,0,0,,11938.31
TTMI,TTM Technologies,Xs1PSc6DL1cdDPTbyJevgYYU7uA1wiJQESzrpWM7JRv,kWmjV2XdK5tbV6kZrM8grS6EGFmuH5i5HFW3YyLondo,0,0,xs:sin_ruta|ondo:108.3,ondo,xStocks con más volumen pero sin cotización ahora; se elige Ondo; xStocks falla filtros 06-oct; Ondo podría sumar esta empresa,ambos,Stock,,108.3,FAIL,0,0,,153191
UNP,Union Pacific Corporation,Xsehrw5hHiQ16Vfxxctj8ewUhtRCzbCrBYS278ctAAy,EvsME8gdnEwPLbTnhrGVDwrY35zBuB8hEGCq59Hondo,0,0,xs:sin_ruta|ondo:111.6,ondo,xStocks con más volumen pero sin cotización ahora; se elige Ondo; xStocks falla filtros 06-oct; Ondo podría sumar esta empresa,ambos,Stock,,111.6,FAIL,0,0,,2.28
URNM,Sprott Uranium Miners ETF,Xst3tzrmqjzvGXZz2eE2h8CWWWxy4wzp6mXvTuG5Tqt,hieZTEZNBU67bMGULK9hWCB9h5jBPKdpRWiXpwkondo,0,0,xs:sin_ruta|ondo:64.2,ondo,xStocks con más volumen pero sin cotización ahora; se elige Ondo; xStocks falla filtros 06-oct; Ondo podría sumar esta empresa,ambos,ETF,,64.2,FAIL,0,0,,1344.15
VCX,Fundrise Innovation Fund,Xs7UsqobM3EJgMeHwdAbmDBCZH1G5WTCjatpeYcCr8x,esgtAV7yKf7Ei3Q92VmXcEGkoqY2UqCHzZvCWhgondo,0,0,xs:sin_ruta|ondo:111.8,ondo,xStocks con más volumen pero sin cotización ahora; se elige Ondo; xStocks falla filtros 06-oct; Ondo podría sumar esta empresa,ambos,ETF,,111.8,FAIL,1,0,20.01,5.05
VRSN,VeriSign,Xsy4NX4cCf4YjN6iwypnQ8crXtNkyA2K3jypAX5NfQ6,ja4bMvHL3Hw9Ey33VGWyDeXvrHvQWyBnK4GSmCUondo,0,0,xs:sin_ruta|ondo:861.7,ondo,xStocks con más volumen pero sin cotización ahora; se elige Ondo; xStocks falla filtros 06-oct; Ondo podría sumar esta empresa,ambos,Stock,,861.7,FAIL,0,0,,4.24
VRTX,Vertex Pharmaceuticals,XsgCWpLUC3pv6JmNAFtkYmuwSaikShy8QZRuripgBzn,FL7QzUq58pvkDxkftJm7RqRWgqYEFZwXuvAMsUnondo,0,0,xs:sin_ruta|ondo:126.3,ondo,xStocks con más volumen pero sin cotización ahora; se elige Ondo; xStocks falla filtros 06-oct; Ondo podría sumar esta empresa,ambos,Stock,,126.3,FAIL,0,0,,1.96
VZ,Verizon,Xs4VKGG8TTan8UN3mC1ufsDMamBtBLE4Ahfkyv2tfuy,igu1coP6n3GPaWmbd8J9Z7UAyLpV254uQFFNfydondo,0,0,xs:sin_ruta|ondo:35.4,ondo,xStocks con más volumen pero sin cotización ahora; se elige Ondo; xStocks falla filtros 06-oct; Ondo podría sumar esta empresa,ambos,Stock,,35.4,FAIL,0,0,,911.73
WDC,Western Digital,XsmopJuh6C6uNFJa3KaVoYqEtrf3Y7M5LYwRLKLER3h,FLqH2jB2DZPJP5nnVFAakRKaNTcDZtq71Pnpp6Aondo,0,0,xs:sin_ruta|ondo:46.3,ondo,xStocks con más volumen pero sin cotización ahora; se elige Ondo; xStocks falla filtros 06-oct; Ondo podría sumar esta empresa,ambos,Stock,,46.3,FAIL,0,0,,744452
WEN,Wendy's,Xs4uNhvBDAcp2mz3g9XR5q3vzLgmF1ANWxJgWk2d5u3,QwJ619MuDRvT1f29RH7tMdaqsUnaSNcvBEJAZkHondo,0,0,xs:sin_ruta|ondo:sin_ruta,ninguno,sin volumen ni cotización en ningún emisor,ambos,Stock,,,FAIL,0,0,,26.37
WFC,Wells Fargo,XspHXejQ3A4VeimAqR1mAkvgTWgpmmoNR5CUhwCqzqr,L6ZE5qCpVVSqLePz64CrwkgyWoPF9M7tB8BeFH4ondo,0,0,xs:sin_ruta|ondo:150.0,ondo,xStocks con más volumen pero sin cotización ahora; se elige Ondo; xStocks falla filtros 06-oct; Ondo podría sumar esta empresa,ambos,Stock,,150.0,FAIL,0,0,,10.02
WLK,Westlake,XsCxYs2GRRooPAQW45bwpz1eKoeC98WGjM1cbVA7LZv,mrNSd1y72F7Dx2Uip4vidtsJKKd8iJatTKGX6Pvondo,0,0,xs:sin_ruta|ondo:sin_ruta,ninguno,sin volumen ni cotización en ningún emisor,ambos,Stock,,,FAIL,0,0,,1.46
WM,Waste Management,XscZ13Vr2dH9GV8vxVAgFsXz2YMoDCAz3QanuCcwsr5,FPvKvWzSzDZqgYmSZUetrkpUXSwo2VtpR4BynVYondo,0,0,xs:sin_ruta|ondo:58.2,ondo,xStocks con más volumen pero sin cotización ahora; se elige Ondo; xStocks falla filtros 06-oct; Ondo podría sumar esta empresa,ambos,Stock,,58.2,FAIL,0,0,,4.54
WMB,Williams,Xso4umc25VxszLT64SYNT7TMeZudAC75xwNo7qFjJFu,bvjmEwQBqbMr6rnx5a74boBz6nmA1DNThujPnNAondo,0,0,xs:sin_ruta|ondo:43.2,ondo,xStocks con más volumen pero sin cotización ahora; se elige Ondo; xStocks falla filtros 06-oct; Ondo podría sumar esta empresa,ambos,Stock,,43.2,FAIL,0,0,,1.8
WYFI,WhiteFiber,XsLkMYrJVUPJv23tH3PB167BV6kpdubPe5F3KfVvSFN,jtnRMv1U3bJHQCsi47E6Lf8Nzkaqsisef7SkHBgondo,0,0,xs:sin_ruta|ondo:55.7,ondo,xStocks con más volumen pero sin cotización ahora; se elige Ondo; xStocks falla filtros 06-oct; Ondo podría sumar esta empresa,ambos,Stock,,55.7,FAIL,0,0,,11.38
XYZ,Block,XsDP3d7dBNMVVZT6W5abD9jxZPGbrenPaj322sWn9Ct,BWxe2FVciUbwrCUZQPUKiREBh5LmVa5AiUqNLAkondo,0,0,xs:sin_ruta|ondo:39.3,ondo,xStocks con más volumen pero sin cotización ahora; se elige Ondo; xStocks falla filtros 06-oct; Ondo podría sumar esta empresa,ambos,Stock,,39.3,FAIL,0,0,,68.96
FLEX,Flex,,iicfp8Efr4WfGAP9gXmYzdxmNFi1LV3iVudAmCnondo,,19856.59,ondo:sin_ruta,ondo (solo Ondo),sin cotización ahora,solo_ondo,Stock,,,,,0,,20253
STX,Seagate,,EXtprP1wzrNo2bByrU9JyzqEg2hQMSCVJakeHHYondo,,866.76,ondo:45.9,ondo (solo Ondo),candidata nueva (ida y vuelta ≤250 bps de noche),solo_ondo,Stock,,45.9,,,0,,1066597
PLUG,Plug Power,,TnfswqdE1jAJ8sfnf5J7kSVLEH1cfpAYZ8MWmKfondo,,642.76,ondo:91.8,ondo (solo Ondo),candidata nueva (ida y vuelta ≤250 bps de noche),solo_ondo,Stock,,91.8,,,0,,150850
AGG,iShares Core US Aggregate Bond ETF,,13qTjKx53y6LKGGStiKeieGbnVx3fx1bbwopKFb3ondo,,497.87,ondo:79.5,ondo (solo Ondo),candidata nueva (ida y vuelta ≤250 bps de noche),solo_ondo,ETF,,79.5,,,0,,153166
AG,First Majestic Silver,,hrZ5vs6c6v1iWyvEXjGSHs3sQuuj58VzXikNyRWondo,,468.4,ondo:148.7,ondo (solo Ondo),candidata nueva (ida y vuelta ≤250 bps de noche),solo_ondo,Stock,,148.7,,,0,,145321
VST,Vistra,,h6MW8GFpfzxFa1JNn6hZNnBF3t4fj9SHAXKy6LXondo,,306.07,ondo:72.5,ondo (solo Ondo),candidata nueva (ida y vuelta ≤250 bps de noche),solo_ondo,Stock,,72.5,,,0,,238980
AXP,American Express,,1WxT6NdK7uqpfXuKpALxL2n3f7Rq61XXeHA8UM4ondo,,173.98,ondo:62.7,ondo (solo Ondo),candidata nueva (ida y vuelta ≤250 bps de noche),solo_ondo,Stock,,62.7,,,0,,155470
BLK,"Blackrock, Inc.",,5H1VpMzRuoNtRbPTRCz35ETtEUtnkt8hJuQb9v7ondo,,151.84,ondo:97.6,ondo (solo Ondo),candidata nueva (ida y vuelta ≤250 bps de noche),solo_ondo,Stock,,97.6,,,0,,157860
ENLV,Enlivex Therapeutics,,BncvtBGs4JqgYZwUoq3EN9q9HUFqJKTfWpvCsHCondo,,115.14,ondo:210.4,ondo (solo Ondo),candidata nueva (ida y vuelta ≤250 bps de noche),solo_ondo,Stock,,210.4,,,0,,270.54
NOK,Nokia,,amE2ANm5dyG6RTkJHdtzvWcuR8ChBZCEm5Jiqwdondo,,101.58,ondo:40.4,ondo (solo Ondo),candidata nueva (ida y vuelta ≤250 bps de noche),solo_ondo,Stock,,40.4,,,0,,741704
COHU,Cohu,,jYMxpcgARQCdvQ15H1vvRCnBUbUEEQgSnS6SsfTondo,,99.98,ondo:sin_ruta,ondo (solo Ondo),sin cotización ahora,solo_ondo,Stock,,,,,0,,99.72
NVT,nVent Electric,,Z7G1bRFYH47se4g1ppqSgtMzeJs4JjzzFPmt7iAondo,,99.98,ondo:222.3,ondo (solo Ondo),candidata nueva (ida y vuelta ≤250 bps de noche),solo_ondo,Stock,,222.3,,,0,,1368.5
NEAR,iShares Short Duration Bond Active ETF,,bD6TafGhPo8NaeKEyge1DrZGAPB5wxK3x4fCpqjondo,,99.03,ondo:sin_ruta,ondo (solo Ondo),sin cotización ahora,solo_ondo,ETF,,,,,0,,7776.21
EEM,iShares MSCI Emerging Markets ETF,,916SDKz7y5ZcEZC9CtnQ5Djs1Y8Yv3UAPb6bak8ondo,,83.25,ondo:101.0,ondo (solo Ondo),candidata nueva (ida y vuelta ≤250 bps de noche),solo_ondo,ETF,,101.0,,,0,,108.81
NVTS,Navitas Semiconductor,,fXXYmrdSAwVmtNo1ZwrkxVep7BxTsusGzmUZJSPondo,,39.86,ondo:76.7,ondo (solo Ondo),candidata nueva (ida y vuelta ≤250 bps de noche),solo_ondo,Stock,,76.7,,,0,,3821.41
WOLF,Wolfspeed,,Zfb5PTVfGa8AV6VxrTQJuP8CjMXFPMVkVVNpcAWondo,,39.32,ondo:90.2,ondo (solo Ondo),candidata nueva (ida y vuelta ≤250 bps de noche),solo_ondo,Stock,,90.2,,,0,,566.09
LI,Li Auto,,v12TwfofSbvVqQ5N5KGG4d3J8rtEi4BjGfn2apyondo,,26.15,ondo:92.0,ondo (solo Ondo),candidata nueva (ida y vuelta ≤250 bps de noche),solo_ondo,Stock,,92.0,,,0,,26.18
GLTR,abrdn Physical Precious Metals Basket Shares ETF,,CgnZbDNzBfaLyJqUtd4esKLShRp7RznQuwP4uQaondo,,25.8,ondo:291.0,ondo (solo Ondo),nueva pero cara de noche (>250 bps); re-medir en horario regular,solo_ondo,ETF,,291.0,,,0,,25.24
EXOD,Exodus Movement,,CJRoTbu98waCCuLFfLuJ2kXawLk889fqW4UAAbwondo,,25.51,ondo:sin_ruta,ondo (solo Ondo),sin cotización ahora,solo_ondo,Stock,,,,,0,,24.19
AOSL,Alpha and Omega Semiconductor,,b98FynyBEkdhP4Y3QUvKG36nms4oMsxEZUrCBMvondo,,19.82,ondo:sin_ruta,ondo (solo Ondo),sin cotización ahora,solo_ondo,Stock,,,,,0,,19.97
HIVE,HIVE Digital Technologies,,kTMQKHhnWPTvZsfiZfcdeHdG6dMgZV27wXSiC3Yondo,,19.75,ondo:107.6,ondo (solo Ondo),candidata nueva (ida y vuelta ≤250 bps de noche),solo_ondo,Stock,,107.6,,,10,,26.93
ACMR,ACM Research,,nkbH2doD7nU4CkKVwzmd6UV4d2AaGy24NHzsh6tondo,,19.62,ondo:sin_ruta,ondo (solo Ondo),sin cotización ahora,solo_ondo,Stock,,,,,0,,19.27
QBTS,D-Wave Quantum,,hqJXutLF6f7DxStrWCrnZDfXzbNTZmvi3KheVi6ondo,,16.08,ondo:50.1,ondo (solo Ondo),candidata nueva (ida y vuelta ≤250 bps de noche),solo_ondo,Stock,,50.1,,,0,,788391
CCJ,Cameco,,fVPj4hHHVEeUrzVnad5fvxFEPGAXD5X6wkw1Xjdondo,,15.17,ondo:48.6,ondo (solo Ondo),candidata nueva (ida y vuelta ≤250 bps de noche),solo_ondo,Stock,,48.6,,,0,,334.11
BBAI,BigBear.ai Holdings,,YXE7mph6XhsgnyezkMEcTuohSuWhbLWfwx2Hh6mondo,,13.18,ondo:75.6,ondo (solo Ondo),candidata nueva (ida y vuelta ≤250 bps de noche),solo_ondo,Stock,,75.6,,,0,,22.98
SPOT,Spotify,,jzCvs2Pk8tDcfsFRqnEMjurgaQW4iQfEkandUR8ondo,,10.58,ondo:33.0,ondo (solo Ondo),candidata nueva (ida y vuelta ≤250 bps de noche),solo_ondo,Stock,,33.0,,,0,,161175
MXL,MaxLinear,,aGn43ed4kjATwbVqsAuwAT24XcG9xABCcyQsFpqondo,,10.33,ondo:101.0,ondo (solo Ondo),candidata nueva (ida y vuelta ≤250 bps de noche),solo_ondo,Stock,,101.0,,,0,,153238
ICHR,Ichor Holdings,,ZTABSukbFUFcuCYpMFHxN18aB4kPL2NkpZpgnXPondo,,10.0,ondo:sin_ruta,ondo (solo Ondo),sin cotización ahora,solo_ondo,Stock,,,,,0,,265.59
KOPN,Kopin,,eSu547weHVErV8nax42PyJzPT8JodhBfXLDp5vyondo,,8.27,ondo:sin_ruta,ondo (solo Ondo),sin cotización ahora,solo_ondo,Stock,,,,,0,,8.07
KEEL,Keel Infrastructure,,kSbeWEe64qpoVb1ZSVxgRnekZ1PwGNJkLyL5gJWondo,,7.32,ondo:153.3,ondo (solo Ondo),candidata nueva (ida y vuelta ≤250 bps de noche),solo_ondo,Stock,,153.3,,,17,,135654
SNAP,Snap,,a2cXfonVgQ6cKB4Lm8YZsPry39VZSA562bwmRSiondo,,5.08,ondo:66.9,ondo (solo Ondo),candidata nueva (ida y vuelta ≤250 bps de noche),solo_ondo,Stock,,66.9,,,0,,5.11
STNG,Scorpio Tankers,,mFyszXnJf8BFR8H4o33pCZS1T36BH9LjtG3gTpdondo,,4.88,ondo:48.2,ondo (solo Ondo),candidata nueva (ida y vuelta ≤250 bps de noche),solo_ondo,Stock,,48.2,,,0,,4.82
ARQQ,Arqit Quantum,,crakmaGKTuVRYqSBsFsuqio5CmpEQnpibDrVLbDondo,,2.5,ondo:sin_ruta,ondo (solo Ondo),sin cotización ahora,solo_ondo,Stock,,,,,0,,2.5
DGXX,Digi Power X,,jwCKwGoJfx1p4K5XCwqPrq1xyJU1g26Tmf6UcDcondo,,2.5,ondo:153.4,ondo (solo Ondo),candidata nueva (ida y vuelta ≤250 bps de noche),solo_ondo,Stock,,153.4,,,0,,2.35
FCEL,FuelCell Energy,,dYDS22uTX8CtiyixnXY9fMVGAkxbemVAjbCaWVbondo,,2.5,ondo:130.3,ondo (solo Ondo),candidata nueva (ida y vuelta ≤250 bps de noche),solo_ondo,Stock,,130.3,,,0,,145376
NIO,NIO,,yQ37dFiGAbzrb2FRAEhGNzRy5zFfoYGWYhAepFEondo,,2.5,ondo:64.0,ondo (solo Ondo),candidata nueva (ida y vuelta ≤250 bps de noche),solo_ondo,Stock,,64.0,,,0,,2.51
SOUN,SoundHound AI,,vE2qArmjto6VfeMngyGAnzp2ipLYeXsxiARDnnXondo,,2.5,ondo:50.7,ondo (solo Ondo),candidata nueva (ida y vuelta ≤250 bps de noche),solo_ondo,Stock,,50.7,,,0,,143040
ACHR,Archer Aviation,,KcCVQxG9LhFYP5o9DWFKTFgFShPPQkDEemVbiFyondo,,0,ondo:57.2,ondo (solo Ondo),candidata nueva (ida y vuelta ≤250 bps de noche),solo_ondo,Stock,,57.2,,,0,,153048
ACLS,Axcelis Technologies,,jDoTgDRKSgVzkKdkaHZL3DiVmDM4YtYWwRG6Tgfondo,,0,ondo:sin_ruta,ondo (solo Ondo),sin cotización ahora,solo_ondo,Stock,,,,,0,,1.21
AIQ,Global X Artificial Intelligence & Technology ETF,,uwh6Z6c2F8WZfUSK1A8VBfA9AwJKN5T2bvQwVFLondo,,0,ondo:sin_ruta,ondo (solo Ondo),sin cotización ahora,solo_ondo,ETF,,,,,0,,6.76
ALOY,REalloys,,ndHvUEgrvZquSR6wZv2cG1AiBr7e7HGuWvfPULcondo,,0,ondo:56.4,ondo (solo Ondo),candidata nueva (ida y vuelta ≤250 bps de noche),solo_ondo,Stock,,56.4,,,0,,3.83
ARGT,Global X MSCI Argentina ETF,,rki25TZmDh94spjeoyyGWjkVEYSzcVvaAbddXGuondo,,0,ondo:64.0,ondo (solo Ondo),candidata nueva (ida y vuelta ≤250 bps de noche),solo_ondo,ETF,,64.0,,,0,,10.53
ATKR,Atkore,,ZsCDHjWFyndwgbHMs4AHYwJZQMgmAn72ESQj2b5ondo,,0,ondo:36.9,ondo (solo Ondo),candidata nueva (ida y vuelta ≤250 bps de noche),solo_ondo,Stock,,36.9,,,0,,10.0
BAI,iShares A.I. Innovation and Tech Active ETF,,gKkrSgVjRjdQX4LFErBka1izQhoW2VHXFcCS5Vbondo,,0,ondo:300.6,ondo (solo Ondo),nueva pero cara de noche (>250 bps); re-medir en horario regular,solo_ondo,ETF,,300.6,,,0,,10703.47
BIL,SPDR Bloomberg 1-3 Month T-Bill ETF,,wtwpt5yJbButAhjpYhtg4uvUgCQN4LVgvLq2AxEondo,,0,ondo:32.2,ondo (solo Ondo),candidata nueva (ida y vuelta ≤250 bps de noche),solo_ondo,ETF,,32.2,,,0,,1092.54
BINC,iShares Flexible Income Active ETF,,mhZ69E1vDnAsQJXAwarLYSX5tmgeMajXBJ2rXAcondo,,0,ondo:221.2,ondo (solo Ondo),candidata nueva (ida y vuelta ≤250 bps de noche),solo_ondo,ETF,,221.2,,,0,,23233
BKCH,Global X Blockchain ETF,,uyWDgDZqL6x2V86i7vwJTKPuyg2u79UYaBe5yt7ondo,,0,ondo:95.4,ondo (solo Ondo),candidata nueva (ida y vuelta ≤250 bps de noche),solo_ondo,ETF,,95.4,,,0,,15.4
BLCR,iShares Large Cap Core Active ETF,,g3jQMP79SxnH1KisVw3C4SBpa8gSbPAocNJruJFondo,,0,ondo:sin_ruta,ondo (solo Ondo),sin cotización ahora,solo_ondo,ETF,,,,,0,,15838.99
BLSH,Bullish,,A9PFmw9Hu8zzxDUoU351pio1E1XWBWBfWnjT9qoondo,,0,ondo:sin_ruta,ondo (solo Ondo),sin cotización ahora,solo_ondo,Stock,,,,,0,,9.62
BNO,US Brent Oil Fund,,BAU83kqEqhyiexfAMQhZZE5KnGogSqh17fJc44Sondo,,0,ondo:164.4,ondo (solo Ondo),candidata nueva (ida y vuelta ≤250 bps de noche),solo_ondo,ETF,,164.4,,,0,,65.59
BOTZ,Global X Robotics & Artificial Intelligence ETF,,soLM6jRVdG1PdurSAQDz5qRtwWxXPM6EBvwrkBjondo,,0,ondo:72.8,ondo (solo Ondo),candidata nueva (ida y vuelta ≤250 bps de noche),solo_ondo,ETF,,72.8,,,0,,550.88
BRHY,iShares High Yield Active ETF,,fznj92AnTcQ6mAFvt68JgLJS5pHag5uPmJ7LmSLondo,,0,ondo:37.9,ondo (solo Ondo),candidata nueva (ida y vuelta ≤250 bps de noche),solo_ondo,ETF,,37.9,,,0,,7.84
BRLN,iShares Floating Rate Loan Active ETF,,fcfpT8y5fpEBJjqmjKLpscZYzVjxR95ErJsb31jondo,,0,ondo:112.4,ondo (solo Ondo),candidata nueva (ida y vuelta ≤250 bps de noche),solo_ondo,ETF,,112.4,,,0,,9.89
BRTR,iShares Total Return Active ETF,,gPwmyo4BM4qgYYCTVgA4eJmzsnYNVMUJYBecYkCondo,,0,ondo:sin_ruta,ondo (solo Ondo),sin cotización ahora,solo_ondo,ETF,,,,,0,,18427.81
BTDR,Bitdeer Technologies,,kBUAHgGHFthfnwarWxqYxHqVDnqqieJkXb6kvroondo,,0,ondo:sin_ruta,ondo (solo Ondo),sin cotización ahora,solo_ondo,Stock,,,,,0,,6.56
BTG,B2Gold,,cBnVXDyZgaaLZM18wAmqsUKnRUFAEJWbq6VuUoaondo,,0,ondo:59.8,ondo (solo Ondo),candidata nueva (ida y vuelta ≤250 bps de noche),solo_ondo,Stock,,59.8,,,0,,958.67
BWET,Breakwave Tanker Shipping ETF,,m7mWfvhyPikY3esNwTk8U1JRbcBijmzHgqiqx3xondo,,0,ondo:sin_ruta,ondo (solo Ondo),sin cotización ahora,solo_ondo,ETF,,,,,0,,7103.94
BZ,Kanzhun,,doPqjCxi6UkANkvMz5fSuYGEo5PGppVpTZMeB5vondo,,0,ondo:48.5,ondo (solo Ondo),candidata nueva (ida y vuelta ≤250 bps de noche),solo_ondo,Stock,,48.5,,,0,,4502.36
CAMT,Camtek,,ZcS6FuJ1nAjgwJejUsxkasM6JpEDkdowVyohBCzondo,,0,ondo:80.3,ondo (solo Ondo),candidata nueva (ida y vuelta ≤250 bps de noche),solo_ondo,Stock,,80.3,,,0,,9.69
CAPR,Capricor Therapeutics,,BS8zoc6pmALQnBhBDFak6eFhgGHjpebnHzsxApgondo,,0,ondo:74.0,ondo (solo Ondo),candidata nueva (ida y vuelta ≤250 bps de noche),solo_ondo,Stock,,74.0,,,0,,29.86
CEVA,CEVA,,nLTgFdT7x37oXMbZoZxbQ1787qSPVRLXo7JPRkLondo,,0,ondo:sin_ruta,ondo (solo Ondo),sin cotización ahora,solo_ondo,Stock,,,,,0,,29.78
CIBR,First Trust NASDAQ Cybersecurity ETF,,BVdL3WUxtxUD4vXRWwqChJLbGxvfzZjBGPp63Wtondo,,0,ondo:166.2,ondo (solo Ondo),candidata nueva (ida y vuelta ≤250 bps de noche),solo_ondo,ETF,,166.2,,,0,,544.06
CIFR,Cipher Mining,,WNZBSkNBNP3Ct1pcFn6Fu4sZQFhnu48EsM9voCEondo,,0,ondo:58.6,ondo (solo Ondo),candidata nueva (ida y vuelta ≤250 bps de noche),solo_ondo,Stock,,58.6,,,0,,6290.29
CLOA,iShares AAA CLO Active ETF,,t71FyTYHVkPAb5g48adDHmkVxXYbUuP2eq6jDZLondo,,0,ondo:37.8,ondo (solo Ondo),candidata nueva (ida y vuelta ≤250 bps de noche),solo_ondo,ETF,,37.8,,,0,,1496.71
CLOI,VanEck CLO ETF,,ucQ3VfWAx9pkCN4Kg84zE56FtB4FJN2kQH4ArYYondo,,0,ondo:37.8,ondo (solo Ondo),candidata nueva (ida y vuelta ≤250 bps de noche),solo_ondo,ETF,,37.8,,,0,,3025.77
CLS,Celestica,,eL1buL9zFxFhfRbjMfyPu2q9HSAJkUUnHVUgkPdondo,,0,ondo:97.5,ondo (solo Ondo),candidata nueva (ida y vuelta ≤250 bps de noche),solo_ondo,Stock,,97.5,,,0,,479.84
CORO,iShares International Country Rotation Active ETF,,gNhrgh21pQozQoc7YtvhdKF7eJnSKwWa9dzHnaxondo,,0,ondo:40.6,ondo (solo Ondo),candidata nueva (ida y vuelta ≤250 bps de noche),solo_ondo,ETF,,40.6,,,0,,24666
COST,Costco,,6btaz134wjHkR8sqhAYrtSM6tavftfxnRvnyMd8ondo,,0,ondo:48.7,ondo (solo Ondo),candidata nueva (ida y vuelta ≤250 bps de noche),solo_ondo,Stock,,48.7,,,0,,3221052
CPER,US Copper Index Fund,,hpkpc1Xenv5oEpVefk3woWjZa9rxaJxaEaVVA4Fondo,,0,ondo:92.4,ondo (solo Ondo),candidata nueva (ida y vuelta ≤250 bps de noche),solo_ondo,ETF,,92.4,,,0,,10.08
DBC,Invesco DB Commodity Index Tracking Fund,,td1aY5AvYQuwGD75qNq9aPipMexraN9mQXJwqifondo,,0,ondo:sin_ruta,ondo (solo Ondo),sin cotización ahora,solo_ondo,ETF,,,,,0,,99.31
DGRW,WisdomTree US Quality Dividend Growth Fund,,gnoSQSNTNZHViqVfxCcPDVxcRA29mrJL7C6JqYLondo,,0,ondo:38.9,ondo (solo Ondo),candidata nueva (ida y vuelta ≤250 bps de noche),solo_ondo,ETF,,38.9,,,0,,86.31
DNN,Denison Mines,,12J2LD3tuLfdiVKnWZMHRMrbnXDY9rM4yqVLUa5yondo,,0,ondo:76.8,ondo (solo Ondo),candidata nueva (ida y vuelta ≤250 bps de noche),solo_ondo,Stock,,76.8,,,0,,120.53
DTCR,Global X Data Center & Digital Infrastructure ETF,,t29YBAB7g6xzgRJkzmc5NkQ7YRjE3NF8mhsLgppondo,,0,ondo:45.4,ondo (solo Ondo),candidata nueva (ida y vuelta ≤250 bps de noche),solo_ondo,ETF,,45.4,,,0,,84.25
DYNF,iShares US Equity Factor Rotation Active ETF,,g7vMfs5FrR8JjieeGC3c9sJaYPp4G3jGPfF4tkyondo,,0,ondo:288.4,ondo (solo Ondo),nueva pero cara de noche (>250 bps); re-medir en horario regular,solo_ondo,ETF,,288.4,,,0,,27658
ECH,iShares MSCI Chile ETF,,BmXVAFyfpW7VuVYeWDtbFtLx7sek2mZt3BEsGgAondo,,0,ondo:sin_ruta,ondo (solo Ondo),sin cotización ahora,solo_ondo,ETF,,,,,0,,28.12
ECO,Okeanis Eco Tankers,,mnYetf4bWKX8HihNk1XLNYj8BPPy9PdkDFPV97Zondo,,0,ondo:285.6,ondo (solo Ondo),nueva pero cara de noche (>250 bps); re-medir en horario regular,solo_ondo,Stock,,285.6,,,0,,50.92
EFA,iShares MSCI EAFE ETF,,AbvryMGnaba9oADMZk8Vp2Av6MtczsncGyfWaC4ondo,,0,ondo:253.6,ondo (solo Ondo),nueva pero cara de noche (>250 bps); re-medir en horario regular,solo_ondo,ETF,,253.6,,,0,,521.07
EFV,iShares MSCI EAFE Value ETF,,uzQx2MnWr7drR5gdNXssJrFKQkLFSdw4EpfaQ5Nondo,,0,ondo:584.9,ondo (solo Ondo),nueva pero cara de noche (>250 bps); re-medir en horario regular,solo_ondo,ETF,,584.9,,,0,,3.68
ENB,Enbridge,,aqEnHXRnXEQwDXEiFSEU4xHziw3Fco4b5JPkTtnondo,,0,ondo:51.0,ondo (solo Ondo),candidata nueva (ida y vuelta ≤250 bps de noche),solo_ondo,Stock,,51.0,,,0,,5.05
ENPH,Enphase Energy,,Bp26APthMuM46gMFTo5KYpo7b92GN2xSCor7f9oondo,,0,ondo:178.1,ondo (solo Ondo),candidata nueva (ida y vuelta ≤250 bps de noche),solo_ondo,Stock,,178.1,,,0,,142219
ETHA,iShares Ethereum Trust,,LitNUakTges74cjDJm6HHfFNKGPdySkp3MWSYzYondo,,0,ondo:43.9,ondo (solo Ondo),candidata nueva (ida y vuelta ≤250 bps de noche),solo_ondo,ETF,,43.9,,,0,,5258.54
EUHY,iShares Euro High Yield Corporate Bond USD Hedged ETF,,teUYhoQUgqsFp9ZwYBUHfuUHdVvbNx9N8spESGqondo,,0,ondo:41.6,ondo (solo Ondo),candidata nueva (ida y vuelta ≤250 bps de noche),solo_ondo,ETF,,41.6,,,0,,19.87
EXTR,Extreme Networks,,js1cCZRNx8ircYiQJuhBNMnsA9owr6ZLYx6z2uNondo,,0,ondo:49.9,ondo (solo Ondo),candidata nueva (ida y vuelta ≤250 bps de noche),solo_ondo,Stock,,49.9,,,0,,50.92
FFOG,Franklin Focused Growth ETF,,CYAwMGyuNSDu7NpuccNwcxMNS5Bu9akxU2Jooyiondo,,0,ondo:54.8,ondo (solo Ondo),candidata nueva (ida y vuelta ≤250 bps de noche),solo_ondo,ETF,,54.8,,,0,,47.5
FIG,Figma,,aLDdFsr3VTUQaHFK6yNvQxztvxQ8nxW4AMuSGC7ondo,,0,ondo:67.8,ondo (solo Ondo),candidata nueva (ida y vuelta ≤250 bps de noche),solo_ondo,Stock,,67.8,,,139,,561.53
FIGR,Figure Technology Solutions,,ZmHxc6Gt27RJKxD2ay6UL4n9yQ7mKAq4XZQUeVhondo,,0,ondo:53.4,ondo (solo Ondo),candidata nueva (ida y vuelta ≤250 bps de noche),solo_ondo,Stock,,53.4,,,0,,598.78
FLHY,Franklin High Yield Corporate ETF,,CZ3FxxSto7tsjkSkqMek1C5p3RCFFmkwKqW57nbondo,,0,ondo:40.1,ondo (solo Ondo),candidata nueva (ida y vuelta ≤250 bps de noche),solo_ondo,ETF,,40.1,,,0,,30.44
FLQL,Franklin US Large Cap Multifactor Index ETF,,CZ9GBn1okotqKNUUqoxk4PF2JVi59bw5GWvVo6Dondo,,0,ondo:sin_ruta,ondo (solo Ondo),sin cotización ahora,solo_ondo,ETF,,,,,0,,4.66
FSOL,Fidelity Solana Fund,,BJhPr9SM7uZTZXHeSLYmUk7CjGQq1esFkVxPF5tondo,,0,ondo:130.1,ondo (solo Ondo),candidata nueva (ida y vuelta ≤250 bps de noche),solo_ondo,ETF,,130.1,,,0,,5.16
FTGC,First Trust Global Tactical Commodity Strategy Fund,,ivBnfPTyuHDNWmMSnbavckhJK6SHZW8h77nZKsEondo,,0,ondo:sin_ruta,ondo (solo Ondo),sin cotización ahora,solo_ondo,ETF,,,,,0,,1.64
FUTU,Futu Holdings,,Ao5rKFRQ54W3DKSAtqfhBRPNHewwWRLNLao2JL9ondo,,0,ondo:61.6,ondo (solo Ondo),candidata nueva (ida y vuelta ≤250 bps de noche),solo_ondo,Stock,,61.6,,,0,,151902
FXI,iShares China Large-Cap ETF,,CeFbGYXDmkyfo1TXXzzZ512mtnCCewNohu6V15vondo,,0,ondo:50.8,ondo (solo Ondo),candidata nueva (ida y vuelta ≤250 bps de noche),solo_ondo,ETF,,50.8,,,0,,5336016
GEMI,Gemini Space Station,,NrTdGMA3ujUvWXkwXyZKnhoByb32KTjRh5Vo47yondo,,0,ondo:62.1,ondo (solo Ondo),candidata nueva (ida y vuelta ≤250 bps de noche),solo_ondo,Stock,,62.1,,,16,,25.04
GGOV,iShares Global Government Bond USD Hedged Active ETF,,tzuC3sZnHg7spuAFhdCqivx9qtJg15qUBUpCJx1ondo,,0,ondo:55.9,ondo (solo Ondo),candidata nueva (ida y vuelta ≤250 bps de noche),solo_ondo,ETF,,55.9,,,0,,4.98
GOOG,Alphabet Class C,,jcA9zXHWuTuDFDDDDYJTNhersed1B5etkuB6X9Eondo,,0,ondo:34.8,ondo (solo Ondo),candidata nueva (ida y vuelta ≤250 bps de noche),solo_ondo,Stock,,34.8,,,0,,11.57
GRAB,Grab Holdings,,m9GcsVgdjaL3KsdtSFHimnhtsUMpTHkjtwEG4Tzondo,,0,ondo:68.0,ondo (solo Ondo),candidata nueva (ida y vuelta ≤250 bps de noche),solo_ondo,Stock,,68.0,,,0,,3141.14
GRND,Grindr,,Gc1aT3ay7FXL3qdAW7cNSXYPDsGavy7qiACuxwxondo,,0,ondo:63.6,ondo (solo Ondo),candidata nueva (ida y vuelta ≤250 bps de noche),solo_ondo,Stock,,63.6,,,0,,2.55
HIMX,Himax Technologies,,aCx5G8ewGTSzozEn8KmSsr9cvfyFWzGnr22GjFXondo,,0,ondo:50.9,ondo (solo Ondo),candidata nueva (ida y vuelta ≤250 bps de noche),solo_ondo,Stock,,50.9,,,0,,153.56
HLIT,Harmonic,,o3pnLke4uti6hY3LTfb2wVBpHeWG7znjJHj6VXtondo,,0,ondo:50.7,ondo (solo Ondo),candidata nueva (ida y vuelta ≤250 bps de noche),solo_ondo,Stock,,50.7,,,0,,7.42
HSAI,Hesai Group,,nagL8iWMNLZVuKFk3bUGDaHyT5ZY4bNfUzsdtGHondo,,0,ondo:79.5,ondo (solo Ondo),candidata nueva (ida y vuelta ≤250 bps de noche),solo_ondo,Stock,,79.5,,,0,,165.24
HTZ,Hertz Global Holdings,,QApMAZTHvfhX2dTDzM8AMyAHVyhmPVwj4oY8Jveondo,,0,ondo:91.7,ondo (solo Ondo),candidata nueva (ida y vuelta ≤250 bps de noche),solo_ondo,Stock,,91.7,,,0,,116.86
HYDB,iShares High Yield Systematic Bond ETF,,71VH3YQkjqqGxzwYvGhsCsJNQYzkMo9Rg72aVxqondo,,0,ondo:38.1,ondo (solo Ondo),candidata nueva (ida y vuelta ≤250 bps de noche),solo_ondo,ETF,,38.1,,,0,,27674
HYG,iBoxx $ High Yield Corporate Bond ETF,,c5ug15fwZRfQhhVa6LHscFY33ebVDHcVCezYpj7ondo,,0,ondo:97.7,ondo (solo Ondo),candidata nueva (ida y vuelta ≤250 bps de noche),solo_ondo,ETF,,97.7,,,0,,99.55
HYGW,iShares High Yield Corporate Bond BuyWrite Strategy ETF,,ZKzkbFi4n3NQmRA9i5T7jVPSN2XERwxfHUf4p2pondo,,0,ondo:sin_ruta,ondo (solo Ondo),sin cotización ahora,solo_ondo,ETF,,,,,0,,
HYS,PIMCO 0-5 Year High Yield Corporate Bond Index ETF,,CsN1Tyz467bSFLPGd6MJyZhPNtwDaWZtX8ixHWyondo,,0,ondo:390.9,ondo (solo Ondo),nueva pero cara de noche (>250 bps); re-medir en horario regular,solo_ondo,ETF,,390.9,,,0,,9.66
IALT,iShares Systematic Alternatives Active ETF,,gfKuBLive7Q35MYgxPgNx7qx524zQJ9RiDZJFZoondo,,0,ondo:sin_ruta,ondo (solo Ondo),sin cotización ahora,solo_ondo,ETF,,,,,0,,1086.75
IAU,iShares Gold Trust,,M77ZvkZ8zW5udRbuJCbuwSwavRa7bGAZYMTwru8ondo,,0,ondo:45.3,ondo (solo Ondo),candidata nueva (ida y vuelta ≤250 bps de noche),solo_ondo,ETF,,45.3,,,0,,674177
IBIT,iShares Bitcoin Trust,,6JLG8iUkAuqiBhL3j2ckDMDf5oWAa6awmyaWezKondo,,0,ondo:41.3,ondo (solo Ondo),candidata nueva (ida y vuelta ≤250 bps de noche),solo_ondo,ETF,,41.3,,,0,,20688
IDEF,iShares Defense Industrials Active ETF,,th3tot4SRq6jgEyJ568NEh42MM82RSJ3NkiWeNzondo,,0,ondo:43.1,ondo (solo Ondo),candidata nueva (ida y vuelta ≤250 bps de noche),solo_ondo,ETF,,43.1,,,0,,28.73
IEF,iShares 7-10 Year Treasury Bond ETF,,D4uWxzR5StYC6sTRhVts8Eboy3pmVtHeNC62dnQondo,,0,ondo:43.4,ondo (solo Ondo),candidata nueva (ida y vuelta ≤250 bps de noche),solo_ondo,ETF,,43.4,,,0,,9.94
IEFA,iShares Core MSCI EAFE ETF,,C9J9vZ8N79GzzxFoRkPWCkGtMKU8akg4FhUk4r9ondo,,0,ondo:62.1,ondo (solo Ondo),candidata nueva (ida y vuelta ≤250 bps de noche),solo_ondo,ETF,,62.1,,,0,,1140594
IEI,iShares 3-7 Year Treasury Bond ETF,,wuzf2FDZTRbRY3ZnndMeQ38Wk9YTDGGXTA63nUyondo,,0,ondo:sin_ruta,ondo (solo Ondo),sin cotización ahora,solo_ondo,ETF,,,,,0,,33975
IGEB,iShares Investment Grade Systematic Bond ETF,,feZXF2iFspS6QKE4LSXeSESRXgrtvzbE3dZSyydondo,,0,ondo:38.2,ondo (solo Ondo),candidata nueva (ida y vuelta ≤250 bps de noche),solo_ondo,ETF,,38.2,,,0,,27672
IGV,iShares Expanded Tech-Software ETF,,jYxKRFuXr6PEkzPpf1wWF7DhLL4gxGJ95Pv2NGrondo,,0,ondo:139.8,ondo (solo Ondo),candidata nueva (ida y vuelta ≤250 bps de noche),solo_ondo,ETF,,139.8,,,0,,588.13
IJH,iShares Core S&P MidCap ETF,,cfPLN9WXD2BTkbZhRZMVXPmVSiRo44hJWRtnaC8ondo,,0,ondo:209.1,ondo (solo Ondo),candidata nueva (ida y vuelta ≤250 bps de noche),solo_ondo,ETF,,209.1,,,0,,14.18
IJS,iShares S&P Small-Cap 600 Value ETF,,v34vtrbcjDswpFDixpVFThmUWeM1RTZwtWcp5FBondo,,0,ondo:769.4,ondo (solo Ondo),nueva pero cara de noche (>250 bps); re-medir en horario regular,solo_ondo,ETF,,769.4,,,0,,27.92
INCE,Franklin Income Equity Focus ETF,,D8KT4Jd8qiKKTfkM8ejSKCpWGR1o3GFvnQGp5ERondo,,0,ondo:sin_ruta,ondo (solo Ondo),sin cotización ahora,solo_ondo,ETF,,,,,0,,1.042
INDA,iShares MSCI India ETF,,DBNwt3FoYCKQWdfzxKFNZ4mzuz4Jz1iRzFf7HFzondo,,0,ondo:41.8,ondo (solo Ondo),candidata nueva (ida y vuelta ≤250 bps de noche),solo_ondo,ETF,,41.8,,,0,,9.69
INOD,Innodata,,nTUjRdtzGCy8FXHK8w1n11pHABX6Dc7L7WSpzdBondo,,0,ondo:160.9,ondo (solo Ondo),candidata nueva (ida y vuelta ≤250 bps de noche),solo_ondo,Stock,,160.9,,,0,,24.86
INRO,iShares US Industry Rotation Active ETF,,g4kT9HEg7rN4e5ZaEGHmzpkdM8qMbsZSHJojKeCondo,,0,ondo:40.5,ondo (solo Ondo),candidata nueva (ida y vuelta ≤250 bps de noche),solo_ondo,ETF,,40.5,,,0,,15831.45
INSW,International Seaways,,mV5mof9x8nDirrHwT7g16MarvHbnRvz2zN2S4Cspyon,,0,ondo:56.1,ondo (solo Ondo),candidata nueva (ida y vuelta ≤250 bps de noche),solo_ondo,Stock,,56.1,,,0,,5.33
ITOT,iShares Core S&P Total US Stock Market ETF,,CPWkMURVvcnX8hGjqCTb8i5LkzV3VSvyk7SeJi8ondo,,0,ondo:63.5,ondo (solo Ondo),candidata nueva (ida y vuelta ≤250 bps de noche),solo_ondo,ETF,,63.5,,,0,,36.19
IVV,iShares Core S&P 500 ETF,,CqW2pd6dCPG9xKZfAsTovzDsMmAGKJSDBNcwM96ondo,,0,ondo:32.2,ondo (solo Ondo),candidata nueva (ida y vuelta ≤250 bps de noche),solo_ondo,ETF,,32.2,,,195,,1317.0
IWF,iShares Russell 1000 Growth ETF,,dSHPFuMMjZqt7xDYGWrexXTSkdEZAiZngqymQF2ondo,,0,ondo:164.3,ondo (solo Ondo),candidata nueva (ida y vuelta ≤250 bps de noche),solo_ondo,ETF,,164.3,,,0,,19.47
IWN,iShares Russell 2000 Value ETF,,DX7g7WNjDpVzNK9CG81v7wb6ZbiNzYfkdzH2Xs5ondo,,0,ondo:245.4,ondo (solo Ondo),candidata nueva (ida y vuelta ≤250 bps de noche),solo_ondo,ETF,,245.4,,,0,,58.75
IYW,iShares US Technology ETF,,vr8RQPDmYQBruiYsFSV3KZyoWFEsEejxzMCdWrBondo,,0,ondo:335.7,ondo (solo Ondo),nueva pero cara de noche (>250 bps); re-medir en horario regular,solo_ondo,ETF,,335.7,,,0,,471.65
KWEB,KraneShares CSI China Internet ETF,,DVPSYdqWPLvNa8afnEqa3B9eDfTTWpGyUZeXvdMondo,,0,ondo:59.3,ondo (solo Ondo),candidata nueva (ida y vuelta ≤250 bps de noche),solo_ondo,ETF,,59.3,,,0,,275.59
LASR,nLIGHT,,Z8aFb6uQJgwFJ4KYKrT8n53aP66xqihodfAu4AKondo,,0,ondo:209.8,ondo (solo Ondo),candidata nueva (ida y vuelta ≤250 bps de noche),solo_ondo,Stock,,209.8,,,0,,4.94
LEMB,iShares J.P. Morgan EM Local Currency Bond ETF,,teZfcA6zpP476eKzED1daqBWDtuwbk9e2Ejk2cpondo,,0,ondo:38.2,ondo (solo Ondo),candidata nueva (ida y vuelta ≤250 bps de noche),solo_ondo,ETF,,38.2,,,0,,30.02
LIT,Global X Lithium & Battery Tech ETF,,syb82jXkHWbcWgxoRqrvAcoCdsAb3y1fnCYo561ondo,,0,ondo:921.0,ondo (solo Ondo),nueva pero cara de noche (>250 bps); re-medir en horario regular,solo_ondo,ETF,,921.0,,,0,,21.61
LPTH,LightPath Technologies,,dhEXYTmQKbYBH3wbWTMqeZZpADSRprM4jiGYbUMondo,,0,ondo:sin_ruta,ondo (solo Ondo),sin cotización ahora,solo_ondo,Stock,,,,,0,,2.54
LWLG,Lightwave Logic,,dKGNHXGsZL4GZ4UBTCjpPbaMerqe1EdZ7aFdCxHondo,,0,ondo:sin_ruta,ondo (solo Ondo),sin cotización ahora,solo_ondo,Stock,,,,,0,,11.67
MBLY,Mobileye Global,,eCSPcjdpdKL1546PU3RM6BXkebuKn8iH4iuMcTBondo,,0,ondo:53.7,ondo (solo Ondo),candidata nueva (ida y vuelta ≤250 bps de noche),solo_ondo,Stock,,53.7,,,0,,361.72
MEI,Methode Electronics,,jiwgLgWJ8f6aEsM6hcSCrXLNnGpYfjmCVbqqAcwondo,,0,ondo:119.1,ondo (solo Ondo),candidata nueva (ida y vuelta ≤250 bps de noche),solo_ondo,Stock,,119.1,,,0,,31.51
MELI,MercadoLibre,,EWwdgGshGngcMpDV34pWZRSu5bkAuiKuKTTHKQ8ondo,,0,ondo:121.6,ondo (solo Ondo),candidata nueva (ida y vuelta ≤250 bps de noche),solo_ondo,Stock,,121.6,,,0,,42.81
MYRG,MYR Group,,auLvQAhUzPuy2SQBSq2T6AofPGNkR4nZ83P8pjuondo,,0,ondo:66.0,ondo (solo Ondo),candidata nueva (ida y vuelta ≤250 bps de noche),solo_ondo,Stock,,66.0,,,0,,210.35
NAT,Nordic American Tankers,,mmy8WbFRNrjoDsPGqpYmzQAVu7PfGhMCdSRLxZLondo,,0,ondo:60.0,ondo (solo Ondo),candidata nueva (ida y vuelta ≤250 bps de noche),solo_ondo,Stock,,60.0,,,28,,104.7
NIKL,Sprott Nickel Miners ETF,,V8LRV7kWjrx6Prke9oHEHNUiR122BVtyuPciTCTondo,,0,ondo:80.8,ondo (solo Ondo),candidata nueva (ida y vuelta ≤250 bps de noche),solo_ondo,ETF,,80.8,,,0,,1159.53
NNE,NANO Nuclear Energy,,bz2iUTXWkutnfwG32ziABcTzXoM91sdcgdiJJJdondo,,0,ondo:116.1,ondo (solo Ondo),candidata nueva (ida y vuelta ≤250 bps de noche),solo_ondo,Stock,,116.1,,,0,,14.29
NVMI,Nova,,nupQ2BuCfoVeCHVLRDhTjLJanaf5cxZ81KVFqs6ondo,,0,ondo:136.9,ondo (solo Ondo),candidata nueva (ida y vuelta ≤250 bps de noche),solo_ondo,Stock,,136.9,,,0,,5.11
OIH,VanEck Oil Services ETF,,DnvbCqRuUYssmKVRBRNwkUnptHitH4ZZTt1KVuZondo,,0,ondo:296.8,ondo (solo Ondo),nueva pero cara de noche (>250 bps); re-medir en horario regular,solo_ondo,ETF,,296.8,,,0,,154.6
OII,Oceaneering International,,gfTDvjLp8K5gNDFaLMvoTZWJJY6PmVQfdPaUU7eondo,,0,ondo:sin_ruta,ondo (solo Ondo),sin cotización ahora,solo_ondo,Stock,,,,,0,,9.77
OPRA,Opera,,gbHFTMkuMQUy5xrgoCBdaQ2XYvNyjWAYcnRPh9Condo,,0,ondo:63.2,ondo (solo Ondo),candidata nueva (ida y vuelta ≤250 bps de noche),solo_ondo,Stock,,63.2,,,0,,6.42
ORBX,Global X Space Tech ETF,,t5XWftMCacS1p3xrg14ARaxgEvEM5R241kxHGqrondo,,0,ondo:sin_ruta,ondo (solo Ondo),sin cotización ahora,solo_ondo,ETF,,,,,0,,43.22
PAVE,Global X US Infrastructure Development ETF,,DsLQ18ooPjiHYuiuQ5Jz8PNCpVaKe3FhAYpvMxWondo,,0,ondo:105.4,ondo (solo Ondo),candidata nueva (ida y vuelta ≤250 bps de noche),solo_ondo,ETF,,105.4,,,0,,164.62
PBR,Petrobras,,GRciFCqJ5y2hbiD6U5mGkohY65BZTXGuGUrCqf7ondo,,0,ondo:155.2,ondo (solo Ondo),candidata nueva (ida y vuelta ≤250 bps de noche),solo_ondo,Stock,,155.2,,,0,,532962
PDBC,Invesco Optimum Yld Dvsfd Cmd Str No K-1 ETF,,M6agiXbNgy8Xon9ngiW4ZDPbMFcNCTMkMMkshZyondo,,0,ondo:sin_ruta,ondo (solo Ondo),sin cotización ahora,solo_ondo,ETF,,,,,0,,82.94
POWI,Power Integrations,,ZifkbVBh94FSETjAfoLw587nxmGsYtXayAAUQgzondo,,0,ondo:sin_ruta,ondo (solo Ondo),sin cotización ahora,solo_ondo,Stock,,,,,0,,20.21
PRIM,Primoris Services,,kcc5QzXDCQ61qQ5Nbpi2RppnRSzhG1XQNXkjXwoondo,,0,ondo:sin_ruta,ondo (solo Ondo),sin cotización ahora,solo_ondo,Stock,,,,,0,,10.33
PSQ,ProShares Short QQQ,,qKtU9A7ij34XmtxaSzYfxCpkgAZzzFsqnUb2kW2ondo,,0,ondo:41.3,excluir,ETF apalancado/inverso: se excluye por nuestros filtros; candidata nueva (ida y vuelta ≤250 bps de noche),solo_ondo,ETF,,41.3,,,0,,5.17
QLTA,iShares Aaa - A Rated Corporate Bond ETF,,fkznXN9GALK7f9zVr2RwRHWCPhwoima4zB3JbbNondo,,0,ondo:sin_ruta,ondo (solo Ondo),sin cotización ahora,solo_ondo,ETF,,,,,0,,9225.23
QTUM,Defiance Quantum ETF,,iJAAwDNzJHbgKm5pksL3kXHc3zZewYm37dsZNCPondo,,0,ondo:72.0,ondo (solo Ondo),candidata nueva (ida y vuelta ≤250 bps de noche),solo_ondo,ETF,,72.0,,,0,,65.01
REMX,VanEck Rare Earth and Strategic Metals ETF,,tiitb2Z1HtpB2DpVr6V7tdCFS3jmTinLeuGj9EVondo,,0,ondo:sin_ruta,ondo (solo Ondo),sin cotización ahora,solo_ondo,ETF,,,,,0,,15.47
RGTI,Rigetti Computing,,dwEPNKQab3iwRmjGvZPXhAmws1W5NsQGwuXwi8oondo,,0,ondo:39.8,ondo (solo Ondo),candidata nueva (ida y vuelta ≤250 bps de noche),solo_ondo,Stock,,39.8,,,49,,148586
RXRX,Recursion Pharmaceuticals,,q16ZLSbANUhpcq15pRUXRxNFfEqgpde9mSBwRcyondo,,0,ondo:sin_ruta,ondo (solo Ondo),sin cotización ahora,solo_ondo,Stock,,,,,0,,221.65
SAP,SAP,,bjbrNi96mXAzgvxSuGJ2SRJ5U4N8agbG7wUAKAjondo,,0,ondo:168.9,ondo (solo Ondo),candidata nueva (ida y vuelta ≤250 bps de noche),solo_ondo,Stock,,168.9,,,0,,30.3
SECU,iShares Securitized Income Active ETF,,sDtEN5uwUJJCFJ95x2rPjPqNx5UWUbHQ2ucceUzondo,,0,ondo:sin_ruta,ondo (solo Ondo),sin cotización ahora,solo_ondo,ETF,,,,,0,,13810.49
SEDG,SolarEdge Technologies,,EAwP9LGNjTkQ2YeKE6CGKqBYtrJ6APFvRe7KCMmondo,,0,ondo:58.8,ondo (solo Ondo),candidata nueva (ida y vuelta ≤250 bps de noche),solo_ondo,Stock,,58.8,,,0,,28.3
SHY,iShares 1-3 Year Treasury Bond ETF,,EEy57xbaLcUrN1HXj2vz8VWxeWFK1eZQZo4aWbrondo,,0,ondo:38.4,ondo (solo Ondo),candidata nueva (ida y vuelta ≤250 bps de noche),solo_ondo,ETF,,38.4,,,0,,95.55
SIL,Global X Silver Miners ETF,,uiSLmtLdqxtbQq5gkwYBvBrZpnSNXZn8h6sjLsDondo,,0,ondo:159.0,ondo (solo Ondo),candidata nueva (ida y vuelta ≤250 bps de noche),solo_ondo,ETF,,159.0,,,0,,62.15
SLB,SLB,,i7ZS13SF6BCKbzvLujp2UqLNMgM1XVnZ7A7wC6tondo,,0,ondo:69.0,ondo (solo Ondo),candidata nueva (ida y vuelta ≤250 bps de noche),solo_ondo,Stock,,69.0,,,0,,20.26
SOXQ,Invesco PHLX Semiconductor ETF,,io3eLhnjT1a94JpzAUMWKqwMYHZRwvtGXjkkXsPondo,,0,ondo:55.2,ondo (solo Ondo),candidata nueva (ida y vuelta ≤250 bps de noche),solo_ondo,ETF,,55.2,,,0,,995.31
SPGI,S&P Global,,JrTYw7A9jihX5TwpRStYviEbsYf2X2VJpZ13719ondo,,0,ondo:54.7,ondo (solo Ondo),candidata nueva (ida y vuelta ≤250 bps de noche),solo_ondo,Stock,,54.7,,,0,,446.97
STM,STMicroelectronics,,bM2VSRfbYPt29YRD9F2wTCSCSQaHtNCuz1znNDCondo,,0,ondo:64.6,ondo (solo Ondo),candidata nueva (ida y vuelta ≤250 bps de noche),solo_ondo,Stock,,64.6,,,0,,60.45
SWKS,Skyworks Solutions,,iJtKb1CWnWdgJhs7HgSZvLmSJABGGMc97QeuG7tondo,,0,ondo:239.9,ondo (solo Ondo),candidata nueva (ida y vuelta ≤250 bps de noche),solo_ondo,Stock,,239.9,,,0,,3.32
SYM,Symbotic,,nP42LxpSZkUfnBUxiFsHxL5GKYWRZ1VxqGkMTNwondo,,0,ondo:34.0,ondo (solo Ondo),candidata nueva (ida y vuelta ≤250 bps de noche),solo_ondo,Stock,,34.0,,,0,,1670.05
SYSB,iShares Systematic Bond ETF,,5U9o49BoQNU6bBMswvmBs3R4GZmYSyrnTN4ncX4ondo,,0,ondo:sin_ruta,ondo (solo Ondo),sin cotización ahora,solo_ondo,ETF,,,,,24,,7684.09
T,AT&T,,WKMZummev5UcXz5nNKQZvTD6QjNSM2X58uwmDReondo,,0,ondo:44.4,ondo (solo Ondo),candidata nueva (ida y vuelta ≤250 bps de noche),solo_ondo,Stock,,44.4,,,0,,10.05
TASK,TaskUs,,nQysX1ZsRJ8yTJg8smZTZ91rWcVBabDRqdUEKZHondo,,0,ondo:56.5,ondo (solo Ondo),candidata nueva (ida y vuelta ≤250 bps de noche),solo_ondo,Stock,,56.5,,,0,,4.93
TCOM,Trip.com Group,,9PMjLqd8zPdKkJUXarnit5t7tPL3cCscwHzy7ATondo,,0,ondo:74.9,ondo (solo Ondo),candidata nueva (ida y vuelta ≤250 bps de noche),solo_ondo,Stock,,74.9,,,0,,1244.7
TEL,TE Connectivity,,ZjYCwYeG85TbV5oXkCkvWQTNPh2PgTQ8X4nxpbyondo,,0,ondo:393.3,ondo (solo Ondo),nueva pero cara de noche (>250 bps); re-medir en horario regular,solo_ondo,Stock,,393.3,,,0,,9.51
TEN,Tsakos Energy Navigation,,micfqeFfvD9iDKKzuqRHXerFxG8K5VfY8CgrcQoondo,,0,ondo:591.3,ondo (solo Ondo),nueva pero cara de noche (>250 bps); re-medir en horario regular,solo_ondo,Stock,,591.3,,,0,,2.53
TIP,iShares TIPS Bond ETF,,k6BPp2Xmf2TYgrZiUyWfUoZBKeqaDbvPoAVgSx2ondo,,0,ondo:72.1,ondo (solo Ondo),candidata nueva (ida y vuelta ≤250 bps de noche),solo_ondo,ETF,,72.1,,,0,,52.53
TLT,iShares 20+ Year Treasury Bond ETF,,KaSLSWByKy6b9FrCYXPEJoHmLpuFZtTCJk1F1Z9ondo,,0,ondo:34.9,ondo (solo Ondo),candidata nueva (ida y vuelta ≤250 bps de noche),solo_ondo,ETF,,34.9,,,46,,814240
TM,Toyota,,kbmF7ERJWMaaDswMprrH9gHSLya5D2RMBNgKqg3ondo,,0,ondo:73.3,ondo (solo Ondo),candidata nueva (ida y vuelta ≤250 bps de noche),solo_ondo,Stock,,73.3,,,0,,1157.78
TNK,Teekay Tankers,,mPAqB3y5N7fWmEh1BoVtrLhZKBkQe7LjBCrYUNbondo,,0,ondo:64.4,ondo (solo Ondo),candidata nueva (ida y vuelta ≤250 bps de noche),solo_ondo,Stock,,64.4,,,0,,10.01
TT,Trane Technologies,,erp2t2My8UoFgyRt39EmnnSiDUwUM5aNKw5piBKondo,,0,ondo:147.5,ondo (solo Ondo),candidata nueva (ida y vuelta ≤250 bps de noche),solo_ondo,Stock,,147.5,,,0,,27.86
UAMY,United States Antimony,,nbwNoPaFYNY2c3u4iK6U59ySC2ehFrpjdpfbyLDondo,,0,ondo:87.0,ondo (solo Ondo),candidata nueva (ida y vuelta ≤250 bps de noche),solo_ondo,Stock,,87.0,,,0,,6.87
UCTT,Ultra Clean Holdings,,jCPs1JpVKAwevND3jzeDGAUBBFkJ5TUtiu2SxLbondo,,0,ondo:56.2,ondo (solo Ondo),candidata nueva (ida y vuelta ≤250 bps de noche),solo_ondo,Stock,,56.2,,,0,,10.05
UEC,Uranium Energy,,EYo8D3cLdF1CDeGms5M5VHyU52HJYinkMZ1cqvYondo,,0,ondo:60.3,ondo (solo Ondo),candidata nueva (ida y vuelta ≤250 bps de noche),solo_ondo,Stock,,60.3,,,0,,1287.48
UMC,United Microelectronics,,ieocA48cBX3oiVECgosMGxG649wnf7R8EkVrA5fondo,,0,ondo:126.2,ondo (solo Ondo),candidata nueva (ida y vuelta ≤250 bps de noche),solo_ondo,Stock,,126.2,,,0,,50.2
UNG,US Natural Gas Fund,,Es2ipHL7qXBcLmZ4N7LP9PHBHaWaTMTAkxDwGGjondo,,0,ondo:50.7,ondo (solo Ondo),candidata nueva (ida y vuelta ≤250 bps de noche),solo_ondo,ETF,,50.7,,,0,,1016971
USFR,WisdomTree Floating Rate Treasury Fund,,o6U1Sm6Vd7EofMyCrL28mrp2QLzgYGgjveHiEQ5ondo,,0,ondo:35.0,ondo (solo Ondo),candidata nueva (ida y vuelta ≤250 bps de noche),solo_ondo,ETF,,35.0,,,0,,19.89
USHY,iShares Broad USD High Yield Corporate Bond ETF,,aau4XCAZR6p9uC4vgdHdh4ip3oW5pr5PrNs3FJ8ondo,,0,ondo:182.4,ondo (solo Ondo),candidata nueva (ida y vuelta ≤250 bps de noche),solo_ondo,ETF,,182.4,,,0,,18548.78
VDE,Vanguard Energy ETF,,hKVpWfYwP1VJ9BcBTPRcovcSpEkvnaN8eXwFoCMondo,,0,ondo:163.6,ondo (solo Ondo),candidata nueva (ida y vuelta ≤250 bps de noche),solo_ondo,ETF,,163.6,,,0,,41.24
VFS,VinFast Auto,,F3V1fKLKv7H8aNdt9TC6GQ3X4LayEfGHsPi8Umaondo,,0,ondo:70.6,ondo (solo Ondo),candidata nueva (ida y vuelta ≤250 bps de noche),solo_ondo,Stock,,70.6,,,0,,1189.81
VNQ,Vanguard Real Estate ETF,,F3dMJ9H137YUNc9cpN3gBWDSq4MSRbTFtojH65Uondo,,0,ondo:59.1,ondo (solo Ondo),candidata nueva (ida y vuelta ≤250 bps de noche),solo_ondo,ETF,,59.1,,,0,,9.53
VPG,Vishay Precision Group,,dYF78b65HS62V3pku2uYFyektYzAhx9YACv4hWfondo,,0,ondo:79.4,ondo (solo Ondo),candidata nueva (ida y vuelta ≤250 bps de noche),solo_ondo,Stock,,79.4,,,0,,29.87
VSH,Vishay Intertechnology,,jbzBdFNddeEiJXGcVH4DE2qUyYfTtyY2vaHJDEZondo,,0,ondo:51.2,ondo (solo Ondo),candidata nueva (ida y vuelta ≤250 bps de noche),solo_ondo,Stock,,51.2,,,0,,515.07
VTV,Vanguard Value ETF,,KuiYLPVq65qixD9TgvxBC576C4gG6vVTCdbh2zFondo,,0,ondo:64.6,ondo (solo Ondo),candidata nueva (ida y vuelta ≤250 bps de noche),solo_ondo,ETF,,64.6,,,0,,3.59
WS,Worthington Steel,,ZpJpMhWKCr4m9ZzxApJJwDc5cHiHp2hG1RZdJyvondo,,0,ondo:sin_ruta,ondo (solo Ondo),sin cotización ahora,solo_ondo,Stock,,,,,0,,16.06
XYLD,Global X S&P 500 Covered Call ETF,,wCr7YFeYDWyYSebsoMY75g8c9pguGeVB3rT6kYjondo,,0,ondo:116.7,ondo (solo Ondo),candidata nueva (ida y vuelta ≤250 bps de noche),solo_ondo,ETF,,116.7,,,0,,227.71
YEAR,AB Ultra Short Income ETF,,wxPFbh4dVrTWPGHHbVVeTHH7GK2uQwnTm5C8X3Fondo,,0,ondo:37.9,ondo (solo Ondo),candidata nueva (ida y vuelta ≤250 bps de noche),solo_ondo,ETF,,37.9,,,0,,27.84
