ticker,underlying,name,mint,type,exchange_mic,trading_hours_mode,current_period,jup_liquidity_usd,holder_count,jup_usd_price,ref_price_usd,price_deviation_bps,buy100_ok,buy100_cost_bps,buy100_route,buy1000_ok,buy1000_cost_bps,sell100_ok,sell100_cost_bps,tier,curated_now,result,reasons,checked_at_utc
NVDAx,NVDA,NVIDIA xStock,Xsc9qvGR1efVDFGLrVsmkzv3qi45LTBjeUKSPmx9qEh,stock,XNAS,TwentyFourFive,overnight,5068605.0,170775,240.06059556951692,240.1954,-5.6,True,-6.6,aggregator/GoonFi V2,True,0.0,True,20.9,A,yes,PASS,,2026-10-06T06:43:50.243617Z
SPYx,SPY,SP500 xStock,XsoCS1TfEyfFhfvj8EtZ528L3CaKBDBRqRapnBbDF2W,etf,ARCX,TwentyFourFive,overnight,4871899.8,77472,775.5148532281885,774.83,8.8,True,20.9,aggregator/Raydium CLMM,True,22.9,True,-0.9,A,yes,PASS,,2026-10-06T06:43:53.068310Z
SPCXx,SPCX,SpaceX xStock,Xs3oZwbHvqis4NYcf4YKWmEia2eC84wSiVrcYcTqpH8,stock,XNAS,TwentyFourFive,overnight,4329133.2,75628,173.14971144977144,172.3815,44.6,True,59.4,aggregator/Whirlpool+Raydium CLMM+Byreal,True,77.3,True,-55.1,A,no,PASS,,2026-10-06T06:43:56.116185Z
QQQx,QQQ,Nasdaq xStock,Xs8S1uUs1zvS2p7iwtsG3b6fkhpvmwz4GYU3gWAmWHZ,stock,XNAS,TwentyFourFive,overnight,2158736.5,37553,756.7038642753882,756.43,3.6,True,18.4,aggregator/PancakeSwap+Riptide,True,20.1,True,1.6,A,yes,PASS,,2026-10-06T06:43:59.117498Z
CRCLx,CRCL,Circle xStock,XsueG8BtpquVJX9LVLLEGuViXUungE6WmK5YZ3p3bd1,stock,XNYS,TwentyFourFive,overnight,2018542.2,19133,83.21915562062472,83.74,-62.2,True,-58.1,aggregator/BinaryFi,True,-44.0,True,68.5,A,yes,PASS,,2026-10-06T06:44:02.104729Z
TSLAx,TSLA,Tesla xStock,XsDoVfqeBukxuZHWhdvWHBhgEHjGNst4MLodqsJHzoB,stock,XNAS,TwentyFourFive,overnight,1615103.9,43075,380.4753747064043,379.76,18.8,True,36.0,aggregator/Byreal+PancakeSwap+Whirlpool,True,36.1,True,-14.8,A,yes,PASS,,2026-10-06T06:44:05.195562Z
MSTRx,MSTR,MicroStrategy xStock,XsP7xzNPvEHS1m6qfanPUGjNmdnmsLKEoNAnHjdxxyZ,stock,XNAS,TwentyFourFive,overnight,1286479.8,13368,163.55241120084807,164.35,-48.5,True,-40.6,aggregator/ZeroFi+Manifest,True,-32.7,True,55.3,A,yes,PASS,,2026-10-06T06:44:08.154079Z
COINx,COIN,Coinbase xStock,Xs7ZdzSHLU9ftNJsii5fCeJhoRWSC32SQGzGQtePxNu,stock,XNAS,TwentyFourFive,overnight,969287.2,9300,187.1427741543812,187.9,-40.3,True,0.5,aggregator/GoonFi V2+Whirlpool+Manifest+Whirlpool,True,-5.3,True,41.6,A,yes,PASS,,2026-10-06T06:44:11.130649Z
MSFTx,MSFT,Microsoft xStock,XspzcW1PRtgf6Wj92HCiZdjzKCyFekVD8P5Ueh3dRMX,stock,XNAS,TwentyFourFive,overnight,886650.2,32427,525.5940111411211,525.4303,3.1,True,27.4,aggregator/Manifest+Whirlpool,True,33.5,True,-5.2,A,yes,PASS,,2026-10-06T06:44:14.066028Z
METAx,META,Meta xStock,Xsa62P5mvPszXL1krVUnU5ar38bBSVcWAB6fmPCo5Zu,stock,XNAS,TwentyFourFive,overnight,854439.6,37679,744.8151862304024,742.55,30.5,True,41.8,aggregator/Raydium CLMM+Manifest,True,42.1,True,-19.8,A,yes,PASS,,2026-10-06T06:44:17.171262Z
GOOGLx,GOOGL,Alphabet xStock,XsCPL9dNWBMvFtTmwcCA5v3xWPSMEBCszbQdiLLq6aN,stock,XNAS,TwentyFourFive,overnight,822196.0,46222,348.23875128218066,346.1,61.8,True,60.6,aggregator/Manifest+Raydium CLMM,True,65.2,True,-45.0,A,yes,PASS,,2026-10-06T06:44:20.249941Z
HOODx,HOOD,Robinhood xStock,XsvNBAYkrDRNhA7wPHQfX3ZUXZyZLdnCQDfHZ56bzpg,stock,XNAS,TwentyFourFive,overnight,821583.9,13400,113.96100376775378,114.14,-15.7,True,25.8,aggregator/Whirlpool+ZeroFi+Raydium CLMM,True,16.3,True,10.7,A,yes,PASS,,2026-10-06T06:44:23.161577Z
GLDx,GLD,Gold xStock,Xsv9hRk1z5ystj9MhnA7Lq4vjSsLwzL2nxrwmwtD3re,etf,ARCX,TwentyFourFive,overnight,751380.3,41076,378.01825632737973,379.55,-40.4,True,-21.2,aggregator/Whirlpool+Whirlpool,True,-20.6,True,48.0,A,yes,PASS,,2026-10-06T06:44:26.156613Z
GMEx,GME,Gamestop xStock,Xsf9mBktVB9BSU5kf4nHxPq5hCBJ2j2ui3ecFGxPRGc,stock,XNYS,TwentyFourFive,overnight,655476.8,20312,25.215824727589915,25.28,-25.4,True,35.8,aggregator/Raydium CLMM+Whirlpool,True,42.9,True,4.7,A,yes,PASS,,2026-10-06T06:44:29.089532Z
AAPLx,AAPL,Apple xStock,XsbEhLAtcf6HdfpFZ5xEMdqW8nfAvcsP5bdudRLJzJp,stock,XNAS,TwentyFourFive,overnight,584194.0,36149,333.3335708944273,332.85,14.5,True,26.1,aggregator/Raydium CLMM+ZeroFi+Whirlpool,True,23.0,True,2.7,A,yes,PASS,,2026-10-06T06:45:36.244071Z
STRCx,STRC,Strategy PP Variable xStock,Xs78JED6PFZxWc2wCEPspZW9kL3Se5J7L5TChKgsidH,stock,XNAS,TwentyFourFive,overnight,471056.8,4624,99.68634006875178,99.51,17.7,True,44.3,rfq/JupiterZ,True,41.3,True,-9.1,A,no,PASS,,2026-10-06T06:45:39.219289Z
MCDx,MCD,McDonald's xStock,XsqE9cRRpzxcGKDXj1BJ7Xmg4GRhZoyY1KpmGSxAWT2,stock,XNYS,TwentyFourFive,overnight,326099.2,22739,232.94686692894652,233.1,-6.6,True,22.9,aggregator/Whirlpool+Whirlpool,True,28.4,True,15.1,A,yes,PASS,,2026-10-06T06:45:42.096541Z
PLTRx,PLTR,Palantir xStock,XsoBhf2ufR8fTyNSjqfU71DYGaE6Z3SUGAidpzriAA4,stock,XNAS,TwentyFourFive,overnight,263029.6,8697,189.066430936958,189.3113,-12.9,True,1.1,aggregator/Whirlpool,True,43.3,True,13.1,A,yes,PASS,,2026-10-06T06:45:45.140393Z
AMZNx,AMZN,Amazon.com xStock,Xs3eBt7uRfJX8QUs4suhyU8p2M6DoUDrJyWBa8LLZsg,stock,XNAS,TwentyFourFive,overnight,258383.5,17312,252.42893909975538,251.85,23.0,True,34.2,aggregator/Raydium CLMM+Byreal,True,41.6,True,-19.6,A,yes,PASS,,2026-10-06T06:45:48.188498Z
KOx,KO,Coca-Cola xStock,XsaBXg8dU5cPM6ehmVctMkVqoiRG2ZjMo1cyBJ3AykQ,stock,XNYS,TwentyFourFive,overnight,108528.4,5476,85.23542477901685,86.5,-146.2,True,29.0,aggregator/Whirlpool,True,39.8,True,11.0,A,yes,PASS,,2026-10-06T06:45:51.045142Z
INTCx,INTC,Intel xStock,XshPgPdXFRWB8tP1j82rebb2Q9rPgGX37RuqzohmArM,stock,XNAS,TwentyFourFive,overnight,67731.9,3064,116.19246693818368,116.4196,-19.5,True,24.6,aggregator/BisonFi+Raydium CLMM+ZeroFi+Raydium CLMM,True,40.4,True,-14.5,B,yes,PASS,,2026-10-06T06:45:54.205702Z
BRK.Bx,BRK.B,Berkshire Hathaway xStock,Xs6B6zawENwAbWVi7w92rjazLuAr5Az59qgWKcNb45x,stock,XNYS,TwentyFourFive,overnight,66693.8,5803,502.1047710353818,504.41,-45.7,True,4.3,aggregator/Whirlpool+BisonFi+Raydium CLMM,True,12.4,True,55.1,B,yes,PASS,,2026-10-06T06:45:57.108952Z
AVGOx,AVGO,Broadcom xStock,XsgSaSvNSqLTtFuyWPBhK9196Xb9Bbdyjj4fH3cPJGo,stock,XNAS,TwentyFourFive,overnight,60083.8,1039,359.4600380421301,362.97,-96.7,True,71.5,rfq/JupiterZ,True,78.1,True,2.8,B,yes,PASS,,2026-10-06T06:46:00.190728Z
DFDVx,DFDV,DFDV xStock,Xs2yquAgsHByNzx68WJC55WHjHBvG9JsMB7CWjTLyPy,stock,XNAS,TwentyFourFive,overnight,55027.6,3909,5.419437446373612,5.4709,-94.1,True,-69.5,aggregator/Raydium CLMM+GoonFi V2+Whirlpool+Whirlpool,True,17.4,True,124.4,B,no,PASS,,2026-10-06T06:46:03.188920Z
AMDx,AMD,AMD xStock,XsXcJ6GZ9kVnjqGsjBnktRcuwMBmvKWh8S93RefZ1rF,stock,XNAS,TwentyFourFive,overnight,16344.9,3275,615.9853438283903,632.55,-261.9,True,12.4,aggregator/Meteora DLMM+Whirlpool,True,39.5,True,-14.0,B,yes,PASS,,2026-10-06T06:46:12.054436Z
XOMx,XOM,Exxon Mobil xStock,XsaHND8sHyfMfsWPj6kSdd5VwvCayZvjYgKmmcNL5qh,stock,XNYS,TwentyFourFive,overnight,10366.4,3462,164.60920245703494,164.01,36.5,True,50.5,aggregator/Raydium CLMM,True,80.1,True,131.9,B,yes,PASS,,2026-10-06T06:46:15.096859Z
UNHx,UNH,UnitedHealth xStock,XszvaiXGPwvk2nwb3o9C1CX4K6zH8sez11E6uyup6fe,stock,XNYS,TwentyFourFive,overnight,6768.4,1708,377.6384469079156,377.97,-8.8,True,20.5,aggregator/Raydium CLMM+Whirlpool,True,56.5,True,32.6,C,yes,PASS,,2026-10-06T06:46:18.158749Z
ORCLx,ORCL,Oracle xStock,XsjFwUPiLofddX5cWFHW35GCbXcSu1BCUGfxoQAQjeL,stock,XNYS,TwentyFourFive,overnight,5572.0,1070,142.70002556665625,142.8783,-12.5,True,58.4,rfq/JupiterZ,True,65.2,True,25.6,C,yes,PASS,,2026-10-06T06:46:21.044902Z
LLYx,LLY,Eli Lilly xStock,Xsnuv4omNoHozR6EEW5mXkw8Nrny5rB3jVfLqi6gKMH,stock,XNYS,TwentyFourFive,overnight,4605.1,1342,1171.3686295892521,1146.8559,213.7,True,29.5,rfq/JupiterZ,True,61.0,True,40.0,C,yes,PASS,,2026-10-06T06:46:24.162717Z
NFLXx,NFLX,Netflix xStock,XsEH7wWfJJu2ZT3UCFeVfALnVA6CP5ur7Ee11KmzVpL,stock,XNAS,TwentyFourFive,overnight,4393.2,3461,67.67856822735129,67.6031,11.2,True,36.9,aggregator/Manifest,True,66.2,True,19.7,C,yes,PASS,,2026-10-06T06:46:27.155354Z
WMTx,WMT,Walmart xStock,Xs151QeqTCiuKtinzfRATnUESM2xTU6V9Wy8Vy538ci,stock,XNAS,TwentyFourFive,overnight,4208.9,2065,104.32477864348216,105.04,-68.1,True,17.0,aggregator/Whirlpool+Whirlpool+Raydium CLMM,True,81.1,True,20.8,C,yes,PASS,,2026-10-06T06:46:30.158010Z
NVOx,NVO,Novo Nordisk xStock,XsfAzPzYrYjd4Dpa9BU3cusBsvWfVB9gBcyGC87S57n,stock,XNYS,TwentyFourFive,overnight,1665.4,1348,38.17119280561007,37.5653,161.3,True,43.8,rfq/JupiterZ,True,43.8,True,54.4,C,yes,PASS,,2026-10-06T06:46:39.058191Z
AZNx,AZN,AstraZeneca xStock,Xs3ZFkPYT2BN7qBMqf1j1bfTeTm1rFzEFSsQ1z3wAKU,stock,XNYS,TwentyFourFive,overnight,1031.8,443,156.58545356302372,157.01,-27.0,True,55.5,rfq/JupiterZ,True,55.7,True,-84.3,C,yes,PASS,,2026-10-06T07:09:00.256414Z
UBERx,UBER,Uber xStock,XsAsZLF4MmsvS1sDxRMrUz7REjHfwbC9UAMXSRBqgEB,stock,XNYS,TwentyFourFive,overnight,730.7,79,69.69575815452035,69.51,26.7,True,52.8,rfq/JupiterZ,True,51.6,True,28.5,C,yes,PASS,,2026-10-06T07:09:24.693703Z
SNDKx,SNDK,Sandisk Corporation xStock,Xswbpc8UqU6e1j9QZEWCjBMjyvz4twqD7PCy6j2e7jj,stock,XNAS,TwentyFourFive,overnight,265.8,221,1718.0124840983933,1705.8395,71.4,True,-9.5,rfq/JupiterZ,True,-28.6,True,88.3,C,no,PASS,,2026-10-06T06:49:04.381945Z
PEPx,PEP,PepsiCo xStock,Xsv99frTRUeornyvCfvhnDesQDWuvns1M852Pez91vF,stock,XNAS,TwentyFourFive,overnight,54.7,172,127.14288093539757,125.69,115.6,True,77.7,rfq/JupiterZ,True,61.7,True,52.0,C,yes,PASS,,2026-10-06T06:50:20.383273Z
SGOVx,SGOV,iShares 0-3 Month Treasury Bond ETF xStock,XsYD72ntjj7ZwoFDZCDmN2gamTcLpnywqvG7PQN5vCN,etf,XNYS,TwentyFourFive,overnight,1.3,13,,100.45,,True,38.0,rfq/JupiterZ,True,38.2,True,36.9,C,no,PASS,,2026-10-06T07:11:08.671619Z
BAx,BA,Boeing xStock,XsBcnKnZMsPaerLiUQ4eMFy4Fjysot4RugYXYDjiqCP,stock,XNYS,TwentyFourFive,overnight,0,11,193.022676562324,193.0001,1.2,True,68.9,rfq/JupiterZ,True,68.9,True,14.4,C,no,PASS,,2026-10-06T07:12:32.750795Z
TQQQx,TQQQ,TQQQ xStock,XsjQP3iMAaQ3kQScQKthQpx9ALRbjKAjQtHg6TFomoc,etp_apalancado,XNAS,TwentyFourFive,overnight,53292.9,747,82.71505519842438,83.2291,-61.8,True,64.6,rfq/JupiterZ,True,73.0,True,-11.5,,no,FAIL,producto_apalancado_inverso_o_volatilidad,2026-10-06T06:46:06.060112Z
TSMx,TSM,TSMC xStock,XsafvsGtzFqqHgTnA3aPC83EAMkacU5mcGtcSayhpVV,stock,XNYS,TwentyFourFive,overnight,41865.2,324,506.81262953260716,486.8761,409.5,True,12.7,rfq/JupiterZ,True,11.7,True,51.7,,yes,FAIL,desvio_precio_jupiter_vs_referencia,2026-10-06T06:46:09.153280Z
VIDAx,VIDA,Vida Global xStock,XsfCC9VL4DamVGNgdJpfLXB3sBVa158Gbx8sh7NzmTk,stock,XASE,Regular,overnight,20239.7,4527,1.5382274826085431,1.52,119.9,,,,,,,,,no,FAIL,suspendido|bolsa_no_permitida_XASE,
CVXx,CVX,Chevron xStock,XsNNMt7WTNA2sV3jrb1NNfNgapxRF5i4i6GcnTRRHts,stock,XNYS,TwentyFourFive,overnight,2838.9,414,209.02503271620796,206.5,122.3,True,96.9,rfq/JupiterZ,True,97.1,False,,,yes,FAIL,sell100_sin_ruta_market_maker,2026-10-06T07:08:44.438852Z
CMCSAx,CMCSA,Comcast xStock,XsvKCaNsxg2GN8jjUmq71qukMJr7Q1c5R2Mk9P8kcS8,stock,XNAS,TwentyFourFive,overnight,2579.5,96,21.423368899345753,21.5642,-65.3,True,137.4,rfq/JupiterZ,,,,,,no,FAIL,buy100_costo_alto,2026-10-06T06:32:29.191100Z
BMNRx,BMNR,Bitmine xStock,XsrBCwaH8c46xiqXBChzobgufRKxQxAWUWbndgBNzFn,stock,XNYS,TwentyFourFive,overnight,2127.1,136,30.016812525330728,26.85,1179.4,False,,,,,,,,no,FAIL,desvio_precio_jupiter_vs_referencia|buy100_sin_ruta_market_maker,2026-10-06T06:32:31.247889Z
IBMx,IBM,International Business Machines xStock,XspwhyYPdWVM8XBHZnpS9hgyag9MKjLRyE3tVfmCbSr,stock,XNYS,TwentyFourFive,overnight,1916.2,161,218.40482364380847,221.4676,-138.3,True,56.6,rfq/JupiterZ,False,,False,,,yes,FAIL,buy1000_sin_ruta_market_maker|sell100_sin_ruta_market_maker,2026-10-06T07:08:48.255199Z
MRVLx,MRVL,Marvell xStock,XsuxRGDzbLjnJ72v74b7p9VY6N66uYgTCyfwwRjVCJA,stock,XNAS,TwentyFourFive,overnight,1514.5,373,279.65001427171995,272.6526,256.6,False,,,False,,False,,,yes,FAIL,buy100_sin_ruta_market_maker|buy1000_sin_ruta_market_maker|sell100_sin_ruta_market_maker,2026-10-06T07:08:54.571461Z
SKHYx,SKHY,SK hynix xStock,XsnhgGRQwhExfS2bmWzR6EYddKGPRGDEjeJsatkmKqU,stock,XNAS,TwentyFourFive,overnight,1450.1,101,189.99820730495227,194.51,-232.0,True,-201.4,rfq/JupiterZ,True,-192.4,False,,,no,FAIL,sell100_sin_ruta_market_maker,2026-10-06T07:08:56.568598Z
PGx,PG,Procter & Gamble xStock,XsYdjDjNUygZ7yGKfQaB6TxLh2gC6RRjzLtLAGJrhzV,stock,XNYS,TwentyFourFive,overnight,1268.0,208,146.29600387645144,145.91,26.5,True,95.9,aggregator/Raydium CLMM,True,144.5,False,,,yes,FAIL,sell100_sin_ruta_market_maker,2026-10-06T07:08:58.602064Z
VTIx,VTI,Vanguard xStock,XsssYEQjzxBCFgvYFFNuhJFBeHNdLWYeUSP8F45cDr9,etf,ARCX,TwentyFourFive,overnight,978.3,96,371.1430239554108,380.6,-248.5,True,48.6,rfq/JupiterZ,True,50.6,False,,,yes,FAIL,sell100_sin_ruta_market_maker,2026-10-06T07:09:02.432247Z
MUx,MU,Micron Technology xStock,XsQLZycSZ7QnBBdBXQaTbQdiUcbRqjNJgyBGAMzhHav,stock,XNAS,TwentyFourFive,overnight,940.9,239,1059.5052065365178,1064.3,-45.1,False,,,True,-40.2,False,,,yes,FAIL,buy100_sin_ruta_market_maker|sell100_sin_ruta_market_maker,2026-10-06T07:09:08.482502Z
AMBRx,AMBR,Amber xStock,XsaQTCgebC2KPbf27KUhdv5JFvHhQ4GDAPURwrEhAzb,stock,XNAS,TwentyFourFive,overnight,910.1,564,1.5637222011567344,1.88,-1682.3,False,,,,,,,,no,FAIL,desvio_precio_jupiter_vs_referencia|buy100_sin_ruta_market_maker,2026-10-06T06:32:50.053876Z
LINx,LIN,Linde xStock,XsSr8anD1hkvNMu8XQiVcmiaTP7XGvYu7Q58LdmtE8Z,stock,XNAS,TwentyFourFive,overnight,891.3,81,471.43561781221297,482.38,-226.9,False,,,False,,False,,,yes,FAIL,buy100_sin_ruta_market_maker|buy1000_sin_ruta_market_maker|sell100_sin_ruta_market_maker,2026-10-06T07:09:14.413366Z
JPMx,JPM,JPMorgan Chase xStock,XsMAqkcKsUewDrzVkait4e5u4y8REgtyS7jWgCpLV2C,stock,XNYS,TwentyFourFive,overnight,875.4,1313,330.22458826293894,333.4,-95.2,,,,,,,,,no,FAIL,suspendido,
BACx,BAC,Bank of America xStock,XswsQk4duEQmCbGzfqUUWYmi7pV7xpJ9eEmLHXCaEQP,stock,XNYS,TwentyFourFive,overnight,809.5,46,55.112267902910354,54.1307,181.3,False,,,True,50.1,False,,,yes,FAIL,buy100_sin_ruta_market_maker|sell100_sin_ruta_market_maker,2026-10-06T07:09:22.715522Z
ABTx,ABT,Abbott xStock,XsHtf5RpxsQ7jeJ9ivNewouZKJHbPxhPoEy6yYvULr7,stock,XNYS,TwentyFourFive,overnight,377.6,205,101.07530223906147,100.5912,48.1,True,17.9,rfq/JupiterZ,True,17.9,False,,,yes,FAIL,sell100_sin_ruta_market_maker,2026-10-06T07:09:51.051616Z
CSCOx,CSCO,Cisco xStock,Xsr3pdLQyXvDJBFgpR5nexCEZwXvigb8wbPYp4YoNFf,stock,XNAS,TwentyFourFive,overnight,319.9,87,112.76585801701563,112.9028,-12.1,True,60.1,rfq/JupiterZ,True,60.1,False,,,yes,FAIL,sell100_sin_ruta_market_maker,2026-10-06T07:10:06.110710Z
Vx,V,Visa xStock,XsqgsbXwWogGJsNcVZ3TyVouy2MbTkfCFhCGGGcQZ2p,stock,XNYS,TwentyFourFive,overnight,289.7,2211,347.89553378239486,369.06,-573.5,True,-157.5,aggregator/Raydium CLMM,True,90.7,True,34.2,,yes,FAIL,desvio_precio_jupiter_vs_referencia,2026-10-06T06:49:01.311069Z
MAx,MA,Mastercard xStock,XsApJFV9MAktqnAc6jqzsHVujxkGm9xcSUffaBoYLKC,stock,XNYS,TwentyFourFive,overnight,239.9,151,554.0305419690311,564.59,-187.0,True,80.0,rfq/JupiterZ,True,44.0,False,,,yes,FAIL,sell100_sin_ruta_market_maker,2026-10-06T07:10:08.220463Z
XOPx,XOP,SPDR S&P Oil & Gas Exploration & Production ETF xStock,XsAk6BoV4kBXUM6WXodKyM21CN92G9jArwAzFvbh3LX,etf,ARCX,TwentyFourFive,overnight,217.3,34,178.29722200935421,187.44,-487.8,False,,,,,,,,no,FAIL,desvio_precio_jupiter_vs_referencia|buy100_sin_ruta_market_maker,2026-10-06T06:33:13.989876Z
HONx,HON,Honeywell xStock,XsRbLZthfABAPAfumWNEJhPyiKDW6TvDVeAeW7oKqA2,stock,XNAS,TwentyFourFive,overnight,205.3,41,206.45828587846432,214.09,-356.5,False,,,,,,,,no,FAIL,desvio_precio_jupiter_vs_referencia|buy100_sin_ruta_market_maker,2026-10-06T06:33:15.805052Z
GSx,GS,Goldman Sachs xStock,XsgaUyp4jd1fNBCxgtTKkW64xnnhQcvgaxzsbAq5ZD1,stock,XNYS,TwentyFourFive,overnight,174.5,79,898.0972157092422,895.23,32.0,False,,,False,,False,,,yes,FAIL,buy100_sin_ruta_market_maker|buy1000_sin_ruta_market_maker|sell100_sin_ruta_market_maker,2026-10-06T07:10:21.019836Z
VTx,VT,Vanguard Total World xStock,XsEdDDTcVGJU6nvdRdVnj53eKTrsCkvtrVfXGmUK68V,etf,ARCX,TwentyFourFive,overnight,164.1,123,157.87580940763195,160.11,-139.5,True,31.3,rfq/JupiterZ,True,27.2,False,,,no,FAIL,sell100_sin_ruta_market_maker,2026-10-06T07:10:22.971999Z
IWMx,IWM,Russell 2000 xStock,XsbELVbLGBkn7xfMfyYuUipKGt1iRUc2B7pYRvFTFu3,etf,ARCX,TwentyFourFive,overnight,152.0,21,125.36600941282929,283.38,-5576.0,False,,,,,,,,yes,FAIL,desvio_precio_jupiter_vs_referencia|buy100_sin_ruta_market_maker,2026-10-06T06:33:27.545486Z
ACNx,ACN,Accenture xStock,Xs5UJzmCRQ8DWZjskExdSQDnbE6iLkRu2jjrRAB1JSU,stock,XNYS,TwentyFourFive,overnight,136.6,76,208.62563979694957,195.7,660.5,False,,,,,,,,no,FAIL,desvio_precio_jupiter_vs_referencia|buy100_sin_ruta_market_maker,2026-10-06T06:33:30.552349Z
IJRx,IJR,S&P Small Cap xStock,XsyZcb97BzETAqi9BoP2C9D196MiMNBisGMVNje2Thz,etf,ARCX,TwentyFourFive,overnight,136.6,22,144.5883521773214,139.02,400.5,False,,,,,,,,no,FAIL,desvio_precio_jupiter_vs_referencia|buy100_sin_ruta_market_maker,2026-10-06T06:33:28.925659Z
PMx,PM,Philip Morris xStock,Xsba6tUnSjDae2VcopDB6FGGDaxRrewFCDa5hKn5vT3,stock,XNYS,TwentyFourFive,overnight,129.4,62,183.4862317383056,189.36,-310.2,True,108.0,rfq/JupiterZ,,,,,,no,FAIL,desvio_precio_jupiter_vs_referencia|buy100_costo_alto,2026-10-06T06:33:38.407140Z
MRKx,MRK,Merck xStock,XsnQnU7AdbRZYe2akqqpibDdXjkieGFfSkbkjX1Sd1X,stock,XNYS,TwentyFourFive,overnight,124.2,132,502.61782217134885,139.57,26011.9,True,78.0,rfq/JupiterZ,False,,False,,,yes,FAIL,desvio_precio_jupiter_vs_referencia|buy1000_sin_ruta_market_maker|sell100_sin_ruta_market_maker,2026-10-06T06:50:17.818099Z
CRMx,CRM,Salesforce xStock,XsczbcQ3zfcgAEt9qHQES8pxKAVG5rujPSHQEXi4kaN,stock,XNYS,TwentyFourFive,overnight,121.9,61,217.62333907907035,229.9542,-536.2,False,,,,,,,,yes,FAIL,desvio_precio_jupiter_vs_referencia|buy100_sin_ruta_market_maker,2026-10-06T06:33:41.974801Z
ASTSx,ASTS,AST SpaceMobile xStock,XsR4LAtaBgTKTRUhiijY1ba13nx4bepeEcag2Pr4dZ1,stock,XNAS,TwentyFourFive,overnight,120.0,27,199.96383386062294,58.55,24152.7,False,,,,,,,,no,FAIL,desvio_precio_jupiter_vs_referencia|buy100_sin_ruta_market_maker,2026-10-06T06:33:43.708107Z
ASMLx,ASML,ASML xStock,XshuHQ6o6SVpUNawvnnTMxsZ4tacZsNgVCLorv7TkFq,stock,XNAS,TwentyFourFive,overnight,111.2,76,2000.653419093922,1865.5,724.5,False,,,,,,,,yes,FAIL,desvio_precio_jupiter_vs_referencia|buy100_sin_ruta_market_maker,2026-10-06T06:33:45.222823Z
XLEx,XLE,Energy Select Sector SPDR Fund xStock,Xs54CrhmpVp6uxZXwgSTegrRH2kShh88XFPzgf4BExu,etf,ARCX,TwentyFourFive,overnight,110.4,34,54.50037328153023,63.45,-1410.5,False,,,,,,,,no,FAIL,desvio_precio_jupiter_vs_referencia|buy100_sin_ruta_market_maker,2026-10-06T06:33:55.901001Z
SBETx,SBET,SharpLink Gaming xStock,XsEoih2x6nZuUjFwzGoba6MFmtzCkzW2c4YAm6baQbq,stock,XNAS,TwentyFourFive,overnight,52.3,24,9.807815788243271,9.58,237.8,True,78.9,rfq/JupiterZ,True,78.9,False,,,no,FAIL,sell100_sin_ruta_market_maker,2026-10-06T07:10:28.952934Z
TMOx,TMO,Thermo Fisher xStock,Xs8drBWy3Sd5QY3aifG9kt9KFs2K3PGZmx7jWrsrk57,stock,XNYS,TwentyFourFive,overnight,51.3,107,600.4534852775104,678.56,-1151.1,False,,,,,,,,no,FAIL,desvio_precio_jupiter_vs_referencia|buy100_sin_ruta_market_maker,2026-10-06T06:33:58.175054Z
CRWDx,CRWD,CrowdStrike xStock,Xs7xXqkcK7K8urEqGg52SECi79dRp2cEKKuYjUePYDw,stock,XNAS,TwentyFourFive,overnight,48.4,128,162.41162950933003,273.12,-4053.5,False,,,,,,,,no,FAIL,desvio_precio_jupiter_vs_referencia|buy100_sin_ruta_market_maker,2026-10-06T06:33:58.056522Z
RIOTx,RIOT,Riot Platforms xStock,Xs31mE5EiqjSHEaiX9QDKCN6NvSGCqpJ6f1FNq2wri5,stock,XNAS,TwentyFourFive,overnight,39.7,26,18.05439514614886,19.31,-650.2,True,73.3,rfq/JupiterZ,False,,False,,,no,FAIL,desvio_precio_jupiter_vs_referencia|buy1000_sin_ruta_market_maker|sell100_sin_ruta_market_maker,2026-10-06T06:50:23.720854Z
APPx,APP,AppLovin xStock,XsPdAVBi8Zc1xvv53k4JcMrQaEDTgkGqKYeh7AYgPHV,stock,XNAS,TwentyFourFive,overnight,34.4,80,649.8755233498138,282.68,12989.8,False,,,,,,,,no,FAIL,desvio_precio_jupiter_vs_referencia|buy100_sin_ruta_market_maker,2026-10-06T06:33:59.345963Z
URAx,URA,Global X Uranium ETF xStock,Xsq9sEQjYiUTSZ55RrbHAzVfz8HotwFGrqgxkgiv4LB,etf,ARCX,TwentyFourFive,overnight,29.5,38,40.63956512928153,40.19,111.9,False,,,False,,False,,,no,FAIL,buy100_sin_ruta_market_maker|buy1000_sin_ruta_market_maker|sell100_sin_ruta_market_maker,2026-10-06T07:10:34.763250Z
JNJx,JNJ,Johnson & Johnson xStock,XsGVi5eo1Dh2zUpic4qACcjuWGjNv8GCt3dm5XcX6Dn,stock,XNYS,TwentyFourFive,overnight,24.2,111,283.7182519528489,253.0621,1211.4,True,110.1,rfq/JupiterZ,,,,,,no,FAIL,desvio_precio_jupiter_vs_referencia|buy100_costo_alto,2026-10-06T06:34:05.599910Z
SCHFx,SCHF,Schwab International Equity xStock,XsWAnFM77x6YvpdaZoos79R12o4Yj4r7EVkaTWddzhU,etf,ARCX,TwentyFourFive,overnight,24.2,28,81.66616842874916,27.59,19599.9,False,,,,,,,,no,FAIL,desvio_precio_jupiter_vs_referencia|buy100_sin_ruta_market_maker,2026-10-06T06:34:00.388142Z
BSPx,BSP,Bending Spoons xStock,XsYMHtwJcWon5GkPHzdDbCCztKtKzEurJnbydxgjsqS,stock,XNAS,TwentyFourFive,overnight,16.5,73,33.12250682691622,31.95,367.0,True,429.6,rfq/JupiterZ,,,,,,no,FAIL,desvio_precio_jupiter_vs_referencia|buy100_costo_alto,2026-10-06T06:34:01.749629Z
SLVx,SLV,iShares Silver Trust xStock,XsxAd6okt8y1RRK6gNg7iJaqiWNiq5Md5EDf3ZrF2dm,etf,ARCX,TwentyFourFive,overnight,6.2,309,53.48311915425286,55.13,-298.7,True,-12.2,rfq/JupiterZ,True,-12.2,False,,,no,FAIL,sell100_sin_ruta_market_maker,2026-10-06T07:10:36.903025Z
PFEx,PFE,Pfizer xStock,XsAtbqkAP1HJxy7hFDeq7ok6yM43DQ9mQ1Rh861X8rw,stock,XNYS,TwentyFourFive,overnight,5.0,147,27.61298752099473,27.4285,67.3,False,,,False,,False,,,no,FAIL,buy100_sin_ruta_market_maker|buy1000_sin_ruta_market_maker|sell100_sin_ruta_market_maker,2026-10-06T07:10:42.909646Z
KLACx,KLAC,KLA Corporation xStock,Xsw2uU1i8tHjbgstUbtt3m6kg7BS7AgG5aj8z7ddmmN,stock,XNAS,TwentyFourFive,overnight,3.8,20,200.97051062130924,207.05,-293.6,False,,,False,,False,,,no,FAIL,buy100_sin_ruta_market_maker|buy1000_sin_ruta_market_maker|sell100_sin_ruta_market_maker,2026-10-06T07:10:49.018780Z
SMCIx,SMCI,"Super Micro Computer, Inc. xStock",XsMxAoJP47FQGLsVUvSS2QfBaHdNsd7DRU6nWRL8RSa,stock,XNAS,TwentyFourFive,overnight,2.9,32,7344.62024794069,43.32,1685434.0,False,,,,,,,,no,FAIL,desvio_precio_jupiter_vs_referencia|buy100_sin_ruta_market_maker,2026-10-06T06:34:04.176563Z
ABBVx,ABBV,AbbVie xStock,XswbinNKyPmzTa5CskMbCPvMW6G5CMnZXZEeQSSQoie,stock,XNYS,TwentyFourFive,overnight,2.6,70,259.23232354544496,265.11,-221.7,True,70.7,rfq/JupiterZ,True,70.7,False,,,no,FAIL,sell100_sin_ruta_market_maker,2026-10-06T07:10:54.896800Z
TBLLx,TBLL,TBLL xStock,XsqBC5tcVQLYt8wqGCHRnAUUecbRYXoJCReD6w7QEKp,etf,ARCX,MarketHours,overnight,2.5,27,105.55776577634938,105.64,-7.8,False,,,False,,False,,,no,FAIL,buy100_sin_ruta_market_maker|buy1000_sin_ruta_market_maker|sell100_sin_ruta_market_maker,2026-10-06T07:11:00.496881Z
Fx,F,Ford Motor xStock,XsBNJXGu68cBH5hgFxdqZkeh8cMQv32jeEtZtYTYvfS,stock,XNYS,TwentyFourFive,overnight,2.4,15,12.416645170602601,12.1615,209.8,False,,,False,,False,,,no,FAIL,buy100_sin_ruta_market_maker|buy1000_sin_ruta_market_maker|sell100_sin_ruta_market_maker,2026-10-06T07:11:06.792541Z
RBLXx,RBLX,Roblox xStock,Xss5RAku5EH6UViFdvW7ss9xQjwQLsrs2opPMhb3k43,stock,XNYS,TwentyFourFive,overnight,2.0,49,41.11634551735724,44.6136,-783.9,False,,,,,,,,no,FAIL,desvio_precio_jupiter_vs_referencia|buy100_sin_ruta_market_maker,2026-10-06T06:34:06.619251Z
ANETx,ANET,"Arista Networks, Inc. xStock",XsrsM2RgtYxXqxmy4iWgxQJUkkHG1U5wzi74sVNUW8m,stock,XNYS,TwentyFourFive,overnight,1.8,13,2170.3404931815303,207.29,94700.7,False,,,,,,,,no,FAIL,desvio_precio_jupiter_vs_referencia|buy100_sin_ruta_market_maker,2026-10-06T06:34:18.213631Z
VUGx,VUG,Vanguard Growth ETF xStock,XsNVBwVGqtDqmA2Waoiux5mfykH8nepLK74z3ZoQWK2,etf,ARCX,TwentyFourFive,overnight,1.3,15,90.440266995554,92.06,-175.9,True,84.9,rfq/JupiterZ,True,84.9,False,,,no,FAIL,sell100_sin_ruta_market_maker,2026-10-06T07:11:14.928717Z
AMATx,AMAT,"Applied Materials, Inc. xStock",XsQZdaWUAGC4R3fgD2N1fupKvJfJq6YM51ccnsLUWFA,stock,XNAS,TwentyFourFive,overnight,1.0,106,1192.8666965842826,543.45,11949.9,False,,,,,,,,no,FAIL,desvio_precio_jupiter_vs_referencia|buy100_sin_ruta_market_maker,2026-10-06T06:34:08.960209Z
LITEx,LITE,Lumentum Holdings Inc. xStock,XsexQ9qqNbDkLE6XwCN9ceVhLo8Lxc7UheVR6eBkKyo,stock,XNAS,TwentyFourFive,overnight,0.9,19,,1095,,True,54.8,rfq/JupiterZ,False,,False,,,no,FAIL,buy1000_sin_ruta_market_maker|sell100_sin_ruta_market_maker,2026-10-06T07:11:18.949683Z
SOXLx,SOXL,Direxion Semiconductor Bull 3X xStock,XsdZDkoMdUb6iKDAKKappuM7C1Q2HmTqC8jNujbfmCu,etp_apalancado,ARCX,Regular,overnight,0.9,33,4942.269357469102,164.27,290862.6,,,,,,,,,no,FAIL,producto_apalancado_inverso_o_volatilidad,
CLSKx,CLSK,CleanSpark xStock,Xsn3H7ACEpSF2ULxeiD6kW4jRZXpurh8ZPttyfoS56W,stock,XNAS,TwentyFourFive,overnight,0.7,23,1782.2953501054997,12.46,1420413.6,False,,,,,,,,no,FAIL,desvio_precio_jupiter_vs_referencia|buy100_sin_ruta_market_maker,2026-10-06T06:34:09.954304Z
VCXx,VCX,"Fundrise Innovation Fund, LLC xStock",Xs7UsqobM3EJgMeHwdAbmDBCZH1G5WTCjatpeYcCr8x,etf,XNYS,TwentyFourFive,overnight,0.6,16,29.985185785413734,29.9283,19.0,False,,,False,,False,,,no,FAIL,buy100_sin_ruta_market_maker|buy1000_sin_ruta_market_maker|sell100_sin_ruta_market_maker,2026-10-06T07:11:24.907799Z
ADBEx,ADBE,Adobe xStock,XsDZMGEU8zadWFCkTtPBoPWYcUX3JHVmghnwf2Mve2q,stock,XNAS,TwentyFourFive,overnight,0.5,43,242.78632189975843,238.06,198.5,True,100.2,rfq/JupiterZ,True,88.0,False,,,no,FAIL,buy100_costo_alto|sell100_sin_ruta_market_maker,2026-10-06T07:11:30.925728Z
CEGx,CEG,Constellation Energy Corporation xStock,Xssu2cDLdZXZYrq17frTVrb3meumRCAzEf7pXyxoWVN,stock,XNAS,TwentyFourFive,overnight,0.5,31,264.89826941643054,268.75,-143.3,True,294.7,rfq/JupiterZ,True,294.7,False,,,no,FAIL,buy100_costo_alto|buy1000_costo_alto|sell100_sin_ruta_market_maker,2026-10-06T07:11:36.693538Z
MRNAx,MRNA,Moderna xStock,XsViHjyRbiSBskjizb1gszGTmZqtAH8TuqwJ7sB5AcP,stock,XNAS,TwentyFourFive,overnight,0.5,20,,203.5609,,True,225.5,rfq/JupiterZ,,,,,,no,FAIL,buy100_costo_alto,2026-10-06T06:34:12.740814Z
BTGOx,BTGO,Bitgo xStock,XsvHMmbDcd14DHHW16PkxPGW7ks77ehxUv1E9Zmxgj4,stock,XNYS,TwentyFourFive,overnight,0.3,41,7.400464784761367,7.5,-132.7,True,572.5,rfq/JupiterZ,,,,,,no,FAIL,buy100_costo_alto,2026-10-06T06:34:30.382295Z
GLXYx,GLXY,Galaxy Digital xStock,Xs3c2aZenyRQwXjki5MDxJEJ2km27ef2rWQMFWx7QKJ,stock,XNAS,TwentyFourFive,overnight,0.3,28,23.755679278887865,22.83,405.5,False,,,,,,,,no,FAIL,desvio_precio_jupiter_vs_referencia|buy100_sin_ruta_market_maker,2026-10-06T06:34:32.911083Z
MOOx,MOO,VanEck Agribusiness ETF xStock,Xs72K1Ta1D5ccNy3RzSyQWGgZywWvphX78pL8WBk1Bo,etf,ARCX,TwentyFourFive,overnight,0.3,16,84.37207954753863,82.24,259.3,False,,,True,209.3,False,,,no,FAIL,buy100_sin_ruta_market_maker|buy1000_costo_alto|sell100_sin_ruta_market_maker,2026-10-06T07:11:42.697664Z
IEMGx,IEMG,Core MSCI Emerging Markets xStock,XsFnZawJdLdXfBSEt5Vw29K5vdBiHotdPLjUPafpfHs,etf,ARCX,TwentyFourFive,overnight,0.2,48,82.32248034641192,83.58,-150.5,False,,,False,,False,,,no,FAIL,buy100_sin_ruta_market_maker|buy1000_sin_ruta_market_maker|sell100_sin_ruta_market_maker,2026-10-06T07:11:48.969331Z
MARAx,MARA,MARA xStock,XsguBZPkM9BDmxspmWe29EmrYZBv21ENcC27Pqh7grB,stock,XNAS,TwentyFourFive,overnight,0.2,38,13.758723046138446,11.18,2306.6,False,,,,,,,,no,FAIL,desvio_precio_jupiter_vs_referencia|buy100_sin_ruta_market_maker,2026-10-06T06:34:38.028878Z
SMHx,SMH,VanEck Semiconductor ETF xStock,XstuBvLo7soZzj3beCCPonHpR3eUfPNSeQzw35Swons,etf,XNAS,TwentyFourFive,overnight,0.2,31,4285.378276975309,635.5,57433.2,True,31.4,rfq/JupiterZ,False,,False,,,no,FAIL,desvio_precio_jupiter_vs_referencia|buy1000_sin_ruta_market_maker|sell100_sin_ruta_market_maker,2026-10-06T06:50:35.788562Z
VXUSx,VXUS,Vanguard Total International Stock ETF xStock,XsLT5v4DAd1kwViPQh3SZiT5kzJfNLxzJxJN1dySZTe,etf,XNAS,TwentyFourFive,overnight,0.2,20,49.495432377638586,85.9945,-4244.3,False,,,,,,,,no,FAIL,desvio_precio_jupiter_vs_referencia|buy100_sin_ruta_market_maker,2026-10-06T06:34:16.137603Z
COPXx,COPX,Global X Copper Miners xStock,XsybfiKkD4UmjkAGT2uR8X2sq9AWFtvGJM2KTffoALZ,etf,ARCX,TwentyFourFive,overnight,0.1,56,84.91025127111253,86.33,-164.5,True,59.1,rfq/JupiterZ,True,59.1,False,,,no,FAIL,sell100_sin_ruta_market_maker,2026-10-06T07:11:51.055968Z
DHRx,DHR,Danaher xStock,Xseo8tgCZfkHxWS9xbFYeKFyMSbWEvZGFV1Gh53GtCV,stock,XNYS,TwentyFourFive,overnight,0.1,46,,221.1,,False,,,False,,False,,,no,FAIL,buy100_sin_ruta_market_maker|buy1000_sin_ruta_market_maker|sell100_sin_ruta_market_maker,2026-10-06T07:12:03.020063Z
PYPLx,PYPL,PayPal xStock,XshWQWYVp5ff8CrAEsGmLVKD47nBWi3Ygn5v8wXK27G,stock,XNAS,TwentyFourFive,overnight,0.1,33,53.23386378698006,54.06,-152.8,True,118.7,rfq/JupiterZ,,,,,,no,FAIL,buy100_costo_alto,2026-10-06T06:34:45.380290Z
USARx,USAR,USA Rare Earth Inc. xStock,XsJJneENiaBPqqcdK1gMsfwi9cbw111azigzRYHoctX,stock,XNAS,TwentyFourFive,overnight,0.1,38,8063.220359907349,13.7007,5875261.6,False,,,,,,,,no,FAIL,desvio_precio_jupiter_vs_referencia|buy100_sin_ruta_market_maker,2026-10-06T06:34:18.757303Z
VGKx,VGK,Vanguard FTSE Europe ETF xStock,XsosCAu1L8Ebpr4SdBDV1EboYDRTWCH8j79UnHYzvbN,etf,ARCX,TwentyFourFive,overnight,0.1,18,,86.28,,False,,,False,,False,,,no,FAIL,buy100_sin_ruta_market_maker|buy1000_sin_ruta_market_maker|sell100_sin_ruta_market_maker,2026-10-06T07:11:57.048146Z
VRTx,VRT,Vertiv Holdings Co xStock,XsLUiVEwYeoneKpgR1C2Q4DBUZhX4xDktSCfQqq8zmn,stock,XNYS,TwentyFourFive,overnight,0.1,19,105.88175888006676,255,-5847.8,True,71.2,rfq/JupiterZ,False,,False,,,no,FAIL,desvio_precio_jupiter_vs_referencia|buy1000_sin_ruta_market_maker|sell100_sin_ruta_market_maker,2026-10-06T06:51:07.238170Z
A5Gx,A5GI,AIB xStock,XsszLiKRejZjtQmo2rMp3by4obgGvSVWGgFxYqU7dVu,stock,XDUB,MarketHours,closed,0,3,,11.37,,,,,,,,,,no,FAIL,subyacente_no_usd|bolsa_no_permitida_XDUB,
AAFx,AAFL,Airtel Africa xStock,XskX5tputmVo1uUb7uSg27iuEpyQ1SFn53y9YR3Y6WX,stock,XLON,MarketHours,closed,0,3,,311.55,,,,,,,,,,no,FAIL,subyacente_no_usd|bolsa_no_permitida_XLON,
AALx,AAL,American Airlines xStock,XsrisVGB3qU1p3KGR7fg4JuxHkeCpdPtByJpYLB4pbH,stock,XNAS,TwentyFourFive,overnight,0,2,,12.8415,,False,,,,,,,,no,FAIL,buy100_sin_ruta_market_maker,2026-10-06T06:38:03.988009Z
AAOIx,AAOI,Applied Optoelectronics xStock,XsGHwSbPaUJu6r5dtJLHXkXenPgCQf4Sx2hb4e2sbCZ,stock,XNAS,TwentyFourFive,overnight,0,13,114.4055907113211,122,-622.5,False,,,,,,,,no,FAIL,desvio_precio_jupiter_vs_referencia|buy100_sin_ruta_market_maker,2026-10-06T06:40:23.737294Z
AAONx,AAON,AAON xStock,XsvFzSYaLgkoB2iHQiSMhf6e5bVcRThJZvRPiySbhjq,stock,XNAS,TwentyFourFive,overnight,0,2,,84.9964,,False,,,,,,,,no,FAIL,buy100_sin_ruta_market_maker,2026-10-06T06:35:59.972661Z
AAx,AA,Alcoa xStock,Xs2XDRGh6AhivmYgaVa8woDGKGccR1WnnGnw9vqSWD9,stock,XNYS,TwentyFourFive,overnight,0,8,,43.68,,False,,,,,,,,no,FAIL,buy100_sin_ruta_market_maker,2026-10-06T06:51:48.225430Z
ABDNx,ABDNL,Aberdeen xStock,XsubSc7YfpRsK6PbLVnK3XCZRJkQEkkiRhvG9f2JQan,stock,XLON,MarketHours,closed,0,3,,241.6,,,,,,,,,,no,FAIL,subyacente_no_usd|bolsa_no_permitida_XLON,
ABFx,ABFL,Associated British Foods xStock,XsWsRPQPNCtZj5G5k8bWRdAfd1x55Ct7qkHUiSzXZNH,stock,XLON,MarketHours,closed,0,3,,1806.5,,,,,,,,,,no,FAIL,subyacente_no_usd|bolsa_no_permitida_XLON,
ABI.BEx,ABIB,Anheuser-Busch InBev SA/NV xStock,XsmwWanrBkCk1HB9QCBWbjDnanvmW5v8JuzEGKAU67X,stock,XBRU,MarketHours,closed,0,3,,,,,,,,,,,,no,FAIL,subyacente_no_usd|bolsa_no_permitida_XBRU|sin_precio_de_referencia,
ABNBx,ABNB,Airbnb xStock,XscSc1zjbVizEnhCzzehJ9fzztm3WRKdn9pjmriKDuN,stock,XNAS,TwentyFourFive,overnight,0,8,,164.07,,False,,,,,,,,no,FAIL,buy100_sin_ruta_market_maker,2026-10-06T06:45:54.175926Z
ABNx,ABNA,ABN AMRO Bank xStock,XsnSHjstf65gXzCjiGWaURcphNkxApTSBjsVvfxb2aj,stock,XAMS,MarketHours,closed,0,3,,42.35,,,,,,,,,,no,FAIL,subyacente_no_usd|bolsa_no_permitida_XAMS,
ACA.FRx,ACAP,Credit Agricole xStock,XsLnfjBZ8Sfu3bXRgimm6au1cWJhJYK9piFaQXgxXSS,stock,XPAR,MarketHours,closed,0,3,,,,,,,,,,,,no,FAIL,subyacente_no_usd|bolsa_no_permitida_XPAR|sin_precio_de_referencia,
ACIx,ACI,Albertsons Companies xStock,XskLGW9tMrGCeubcptv4iSP7dQRqS7VHPiW6TWhdeBk,stock,XNYS,TwentyFourFive,overnight,0,2,,11.51,,False,,,,,,,,no,FAIL,buy100_sin_ruta_market_maker,2026-10-06T06:35:53.956316Z
ACMx,ACM,Aecom xStock,XssarKB8ahSVAexNm3dNnyY6NuJvEwTvajSiwuuGvXJ,stock,XNYS,TwentyFourFive,overnight,0,2,,59.76,,False,,,,,,,,no,FAIL,buy100_sin_ruta_market_maker,2026-10-06T06:36:33.538220Z
AD.NLx,ADA,Koninklijke Ahold Delhaize xStock,XsRvuD1mwpmu88JkSpgGa96dEabrWLsv49uAZXXpBMe,stock,XAMS,MarketHours,closed,0,3,,,,,,,,,,,,no,FAIL,subyacente_no_usd|bolsa_no_permitida_XAMS|sin_precio_de_referencia,
ADCx,ADC,Agree Realty xStock,XsBhE7XXLouCZ4FPESGHjZnJ2wsZEQY1tAf4iFTncUm,stock,XNYS,TwentyFourFive,overnight,0,2,,65.58,,False,,,,,,,,no,FAIL,buy100_sin_ruta_market_maker,2026-10-06T06:38:07.325729Z
ADIx,ADI,Analog Devices xStock,Xs3CytsvJshAYy1TQjq2o2yVWCyEGinNpvkB6f3Qs31,stock,XNAS,TwentyFourFive,overnight,0,7,,419.41,,False,,,,,,,,no,FAIL,buy100_sin_ruta_market_maker,2026-10-06T07:00:42.472477Z
ADM.GBx,ADML,Admiral xStock,Xssa8PW8vfp3DbCEBY1LbV6sXpFd1foqBdfk5VPLNgV,stock,XLON,MarketHours,closed,0,3,,,,,,,,,,,,no,FAIL,subyacente_no_usd|bolsa_no_permitida_XLON|sin_precio_de_referencia,
ADMx,ADM,Archer-Daniels-Midland xStock,XsK6kBQe7QDQVmW1PupBZCc4oBpPbsRdPgvqCqvfCXX,stock,XNYS,TwentyFourFive,overnight,0,8,,82.46,,False,,,,,,,,no,FAIL,buy100_sin_ruta_market_maker,2026-10-06T06:56:08.325043Z
ADPx,ADP,Automatic Data Processing xStock,XsCBDrb61PyQqTJp7uHhD4vj1MkD5UK6jpxUBbgG7i1,stock,XNAS,TwentyFourFive,overnight,0,7,,260.26,,False,,,,,,,,no,FAIL,buy100_sin_ruta_market_maker,2026-10-06T06:59:18.553830Z
ADSKx,ADSK,Autodesk xStock,Xs2jBYo5VxMmuNjpBnMShsLB26dtK75bt42ag93ZdHU,stock,XNAS,TwentyFourFive,overnight,0,9,209.55128723318904,222.3,-573.5,False,,,,,,,,no,FAIL,desvio_precio_jupiter_vs_referencia|buy100_sin_ruta_market_maker,2026-10-06T06:57:23.101686Z
ADSx,ADSD,adidas xStock,XsbDDj6DhcEGQNT8gVbMcXRJ6NiHUrNjpuzMMt67GbF,stock,XETR,MarketHours,closed,0,3,,,,,,,,,,,,no,FAIL,subyacente_no_usd|bolsa_no_permitida_XETR|sin_precio_de_referencia,
ADTx,ADT,ADT xStock,XsS5AVn1okkChsV6por4o4bNck5zVfdn3Gt2E4DXdAF,stock,XNYS,TwentyFourFive,overnight,0,2,,6.21,,False,,,,,,,,no,FAIL,buy100_sin_ruta_market_maker,2026-10-06T06:35:52.721424Z
ADYENx,ADYENA,Adyen xStock,XsBL4Qn9rWswvZ13k6Zt7rSKoQXfqfQ6iXX1VKEwdBm,stock,XAMS,MarketHours,closed,0,3,,862.5,,,,,,,,,,no,FAIL,subyacente_no_usd|bolsa_no_permitida_XAMS,
AEEx,AEE,Ameren xStock,XssLKajmwH79hK14cqp65fFg2Eyteh23nmSaJpKRmzx,stock,XNYS,TwentyFourFive,overnight,0,7,,99.7,,False,,,,,,,,no,FAIL,buy100_sin_ruta_market_maker,2026-10-06T06:55:01.333095Z
AEHRx,AEHR,Aehr Test Systems xStock,Xs8kHDEs5w8ERuTmefBXsJy66G5mh836VgDFfgpuRej,stock,,TwentyFourFive,overnight,0,3,,105.51,,,,,,,,,,no,FAIL,bolsa_no_informada,
AEISx,AEIS,Advanced Energy Industries xStock,XsiXtK4niZXG2MFkDmgRcZskNYoetURTV9XhgRf1ESL,stock,XNAS,TwentyFourFive,overnight,0,2,,297.5,,False,,,,,,,,no,FAIL,buy100_sin_ruta_market_maker,2026-10-06T06:40:02.558838Z
AENAx,AENAE,Aena SME xStock,XsaEVkK2dKSBmJKee4uWkwqviTxng7cp76LHFbLF3u1,stock,XMAD,MarketHours,closed,0,3,,25.44,,,,,,,,,,no,FAIL,subyacente_no_usd|bolsa_no_permitida_XMAD,
AEPx,AEP,American Electric Power xStock,XsP8GpS93XjmDg5oVVCVqZsffkWadVCqZYp4BFFJnJm,stock,XNAS,TwentyFourFive,overnight,0,8,,120.5355,,False,,,,,,,,no,FAIL,buy100_sin_ruta_market_maker,2026-10-06T06:43:55.292072Z
AFGx,AFG,American Financial xStock,XsEv23PPmUAxWJ8VMyN84tyJzEnUg4Yg3636Mvyw4Pk,stock,XNYS,TwentyFourFive,overnight,0,3,,139.33,,False,,,,,,,,no,FAIL,buy100_sin_ruta_market_maker,2026-10-06T06:39:57.920864Z
AFLx,AFL,Aflac xStock,XsQ2JJPzG5EMvkRPSshA1mmpVvGPKBNYQmvuEnzpJhZ,stock,XNYS,TwentyFourFive,overnight,0,7,,112.38,,False,,,,,,,,no,FAIL,buy100_sin_ruta_market_maker,2026-10-06T06:42:27.495920Z
AFRMx,AFRM,Affirm xStock,XsKfV36es7HHpJFKrDqaaXSFC1dwsrwLit4N67JH5LV,stock,XNAS,TwentyFourFive,overnight,0,2,,74.76,,False,,,,,,,,no,FAIL,buy100_sin_ruta_market_maker,2026-10-06T06:42:12.571794Z
AGCOx,AGCO,AGCO xStock,Xsm1hzi4P7XehWBnG9CLKG7eWC1ssJjobd3hnYXuREK,stock,XNYS,TwentyFourFive,overnight,0,2,,116.19,,False,,,,,,,,no,FAIL,buy100_sin_ruta_market_maker,2026-10-06T06:37:02.927236Z
AGNCx,AGNC,AGNC Investment xStock,XsycyYwi9Kekp26jyGg3x5Fo1JDRr3XnTJmVaf5CRUb,stock,XNAS,TwentyFourFive,overnight,0,2,,8.649,,False,,,,,,,,no,FAIL,buy100_sin_ruta_market_maker,2026-10-06T06:41:41.762835Z
AHRx,AHR,American Healthcare REIT xStock,XsLEJJP8FpnaSP17ETzVfkTQFHBP4i4hRvmz3RKX7B8,stock,XNYS,TwentyFourFive,overnight,0,2,,50.47,,False,,,,,,,,no,FAIL,buy100_sin_ruta_market_maker,2026-10-06T06:40:03.962955Z
AI.FRx,AIP,Air Liquide xStock,XsYmcuPsjC55LFnDGmD8S72VvZEc21UiLNUWR7uKdnR,stock,XPAR,MarketHours,closed,0,3,,,,,,,,,,,,no,FAIL,subyacente_no_usd|bolsa_no_permitida_XPAR|sin_precio_de_referencia,
AIAGRx,1299,AIA xStock,XsQk7zRMNmbgSr4ZnvANH4enGH7zkUAtahKuckYy7x7,stock,XHKG,Regular,market,0,2,,,,,,,,,,,,no,FAIL,subyacente_no_usd|bolsa_no_permitida_XHKG|sin_precio_de_referencia,
AIGx,AIG,American International xStock,XsTg4SHooxeYYvQK5Q2wdKBKY46UdtZkF2LfNwbHEtu,stock,XNYS,TwentyFourFive,overnight,0,7,,75.12,,False,,,,,,,,no,FAIL,buy100_sin_ruta_market_maker,2026-10-06T06:42:35.001736Z
AIR.FRx,AIRP,Airbus xStock,XsH7p2FDK2cF5AWZ6Mp9y6kbaNTQHvSYS49C22fDZpG,stock,XPAR,MarketHours,closed,0,3,,,,,,,,,,,,no,FAIL,subyacente_no_usd|bolsa_no_permitida_XPAR|sin_precio_de_referencia,
AITx,AIT,Applied Industrial Technologies xStock,XsvJzDTuRrc3cWVwPXVcaXaFJFVtGcpDsfCA56z868Q,stock,XNYS,TwentyFourFive,overnight,0,7,,345.79,,False,,,,,,,,no,FAIL,buy100_sin_ruta_market_maker,2026-10-06T06:43:40.518312Z
AIZx,AIZ,Assurant xStock,Xs7U7QD6amUpjuEZ1VM3rx5TSrKtJ3r7xU1aRcTHhw8,stock,XNYS,TwentyFourFive,overnight,0,7,,266.41,,False,,,,,,,,no,FAIL,buy100_sin_ruta_market_maker,2026-10-06T06:43:31.691733Z
AIx,AI,C3.ai xStock,Xs7QhN79WzM4hjfHbu2W46ZRkdyumim3ooJHhPxenoU,stock,XNYS,TwentyFourFive,overnight,0,4,,11.12,,False,,,,,,,,no,FAIL,buy100_sin_ruta_market_maker,2026-10-06T06:35:03.053749Z
AJBx,AJBL,AJ Bell xStock,XsKU1nPbnBTpVegUrMaapscL7thNmQTq365eLYidPZa,stock,XLON,MarketHours,closed,0,3,,587,,,,,,,,,,no,FAIL,subyacente_no_usd|bolsa_no_permitida_XLON,
AJGx,AJG,Arthur J. Gallagher xStock,XsYka4UhXnzoqmdPCfqX8EZBQcN2MkrG4gJt4SxGvsN,stock,XNYS,TwentyFourFive,overnight,0,7,,227.24,,False,,,,,,,,no,FAIL,buy100_sin_ruta_market_maker,2026-10-06T06:57:32.902047Z
AKAMx,AKAM,Akamai Technologies xStock,XsJW9EhZBVQawVj1aGFweU2LwQjZCvyHVYb3vXq8s99,stock,XNAS,TwentyFourFive,overnight,0,7,,108.2,,False,,,,,,,,no,FAIL,buy100_sin_ruta_market_maker,2026-10-06T06:41:56.076759Z
ALABx,ALAB,Astera Labs xStock,XsuJLDjTibUFnh1gNgnXeDSjQTVffnaWFKzUht5rVvc,stock,XNAS,TwentyFourFive,overnight,0,15,359.3717937154374,366.2253,-187.1,False,,,,,,,,no,FAIL,buy100_sin_ruta_market_maker,2026-10-06T06:42:37.963472Z
ALBx,ALB,Albemarle xStock,XsGea4488p7ydWQTQMYxtvCXDJiAJwgt4HsoKiKrGa3,stock,XNYS,TwentyFourFive,overnight,0,7,,104.37,,False,,,,,,,,no,FAIL,buy100_sin_ruta_market_maker,2026-10-06T06:52:31.987888Z
ALGMx,ALGM,Allegro Microsystems xStock,XsMsmWgZ5TXmLDRyEg4y5ozYoDPSM6HNHD8H4HPbXFL,stock,XNAS,TwentyFourFive,overnight,0,2,,38.55,,False,,,,,,,,no,FAIL,buy100_sin_ruta_market_maker,2026-10-06T06:36:08.365317Z
ALGNx,ALGN,Align Technology xStock,XsmMYEkQRXZ9CodFfqGEwNvtqVZdsDLHoYqPVm2EpHX,stock,XNAS,TwentyFourFive,overnight,0,7,,140.2,,False,,,,,,,,no,FAIL,buy100_sin_ruta_market_maker,2026-10-06T06:43:51.483487Z
ALLYx,ALLY,Ally Financial xStock,XsRifLZvp2XvCpPFQNK6XGTjHSL7sTZmmGyEs4NLAV2,stock,XNYS,TwentyFourFive,overnight,0,8,,37.63,,False,,,,,,,,no,FAIL,buy100_sin_ruta_market_maker,2026-10-06T06:43:42.663702Z
ALLx,ALL,Allstate xStock,Xs1kbMkmahb44LPLLdjscSYZ4c2HUu4WNfgk8P7ndQf,stock,XNYS,TwentyFourFive,overnight,0,9,229.83171735906765,224.71,227.9,False,,,,,,,,no,FAIL,buy100_sin_ruta_market_maker,2026-10-06T06:58:23.865435Z
ALMx,ALM,Almonty Industries xStock,Xs84nJtD9xbChybJEVrwvFu8wYEPvexXKpDNjmutq3g,stock,XNAS,TwentyFourFive,overnight,0,2,,13.4704,,False,,,,,,,,no,FAIL,buy100_sin_ruta_market_maker,2026-10-06T06:35:05.404269Z
ALNYx,ALNY,Alnylam Pharmaceuticals xStock,Xs1asXCeRWVFLE3mun2UZhaY9VEDYfyjUhp5mjkjX7b,stock,XNAS,TwentyFourFive,overnight,0,8,,219.89,,False,,,,,,,,no,FAIL,buy100_sin_ruta_market_maker,2026-10-06T06:42:25.883558Z
ALSNx,ALSN,Allison Transmission xStock,XsZLnz25FKoaHSjhGDYtv2E7sgKwP3g5XeC7eSWLVnm,stock,XNYS,TwentyFourFive,overnight,0,3,,115.75,,False,,,,,,,,no,FAIL,buy100_sin_ruta_market_maker,2026-10-06T06:39:45.836142Z
ALV.DEx,ALVD,Allianz xStock,XsXsieF8EQQj5jNR4MjocLv49DYE8QbRmdjE2DKvR6W,stock,XETR,MarketHours,closed,0,3,,,,,,,,,,,,no,FAIL,subyacente_no_usd|bolsa_no_permitida_XETR|sin_precio_de_referencia,
AMCx,AMC,AMC Entertainment xStock,XsEkwEYVKnvqVF3sxsimXVEEB17jdT9pVA6SP3NBEYe,stock,,TwentyFourFive,overnight,0,3,,2.81,,,,,,,,,,no,FAIL,bolsa_no_informada,
AMEx,AME,AMETEK xStock,XsVNxwvuQghf6TYBmCck75ddYD3KiWozujR8C67bPXC,stock,XNYS,TwentyFourFive,overnight,0,7,,251.92,,False,,,,,,,,no,FAIL,buy100_sin_ruta_market_maker,2026-10-06T06:57:26.114222Z
AMGNx,AMGN,Amgen xStock,XsgKwBMbv8LDzEYRgbKtyqsub6QB56PQVzgTGbiGaNe,stock,XNAS,TwentyFourFive,overnight,0,7,,403.99,,False,,,,,,,,no,FAIL,buy100_sin_ruta_market_maker,2026-10-06T07:00:22.619272Z
AMGx,AMG,Affiliated Managers xStock,Xsr15NngsustwnX5HQM328UAJkJbyBgEzT497Dh1tjz,stock,XNYS,TwentyFourFive,overnight,0,2,,380.7,,False,,,,,,,,no,FAIL,buy100_sin_ruta_market_maker,2026-10-06T06:38:08.697326Z
AMHx,AMH,American Homes 4 Rent xStock,XsFUCDYcyPbbYKFXaNUU661ZGip7mwjUEEk3W1YPCrK,stock,XNYS,TwentyFourFive,overnight,0,2,,30.08,,False,,,,,,,,no,FAIL,buy100_sin_ruta_market_maker,2026-10-06T06:40:35.153781Z
AMKRx,AMKR,Amkor Technology xStock,Xsqbg1tmAvNT5332hhX4hMSznqf2NJ1tz2cNWmAkRD3,stock,XNAS,TwentyFourFive,overnight,0,2,,55.03,,False,,,,,,,,no,FAIL,buy100_sin_ruta_market_maker,2026-10-06T06:40:24.254711Z
AMPx,AMP,Ameriprise Financial xStock,XsqWwT9y8ajA8LXQEy7msQmM6ExkP8Va3XYcr7oVhXg,stock,XNYS,TwentyFourFive,overnight,0,7,,494.94,,False,,,,,,,,no,FAIL,buy100_sin_ruta_market_maker,2026-10-06T06:56:22.865229Z
AMS.ESx,AMSE,Amadeus IT xStock,Xswno7eKuDGK8Gc71BMequFBSzuafBqce5bU7gw3fqW,stock,XMAD,MarketHours,closed,0,3,,,,,,,,,,,,no,FAIL,subyacente_no_usd|bolsa_no_permitida_XMAD|sin_precio_de_referencia,
AMTMx,AMTM,Amentum xStock,XsnvWraWAJXEDF7cMAjsQfSb5QJ5RovnCPHx9p3P5Pc,stock,XNYS,TwentyFourFive,overnight,0,2,,18.24,,False,,,,,,,,no,FAIL,buy100_sin_ruta_market_maker,2026-10-06T06:35:20.541170Z
AMTx,AMT,American Tower xStock,XsvYPZkrDDg7259oDv5E76HSmeLWgHPgNEQ44KVbJJU,stock,XNYS,TwentyFourFive,overnight,0,7,,162.26,,False,,,,,,,,no,FAIL,buy100_sin_ruta_market_maker,2026-10-06T06:59:13.116927Z
AMx,AM,Antero Midstream xStock,XsLLmMhRTib24GrQd3wfrgh3rBWF6NHeVx6hox2eZXH,stock,XNYS,TwentyFourFive,overnight,0,3,,20.56,,False,,,,,,,,no,FAIL,buy100_sin_ruta_market_maker,2026-10-06T06:39:34.837261Z
ANTASx,2020,ANTA Sports Products xStock,XsdP2Pc9F6UsUujiydSsBGZGNYpDMivEjNfQ1ytHD1P,stock,XHKG,Regular,market,0,2,,,,,,,,,,,,no,FAIL,subyacente_no_usd|bolsa_no_permitida_XHKG|sin_precio_de_referencia,
ANTOx,ANTOL,Antofagasta xStock,Xs1HiAY2BitDiQVebt2EJ6TFueRLia5ujSGqnh3vp3w,stock,XLON,MarketHours,closed,0,3,,3794.62,,,,,,,,,,no,FAIL,subyacente_no_usd|bolsa_no_permitida_XLON,
AOSx,AOS,A.O. Smith xStock,XscjvXEYWWaC82tYyJBuC7n6V1smXM783KgkocujVeG,stock,XNYS,TwentyFourFive,overnight,0,2,,56.97,,False,,,,,,,,no,FAIL,buy100_sin_ruta_market_maker,2026-10-06T06:36:38.268198Z
APAx,APA,APA xStock,Xs5b8FFins32GgTH2FURV3Y873yA85jc4kZ6r8H9YyR,stock,XNAS,TwentyFourFive,overnight,0,7,,43.86,,False,,,,,,,,no,FAIL,buy100_sin_ruta_market_maker,2026-10-06T06:43:29.828680Z
APDx,APD,Air Products and Chemicals xStock,XsdeDQyocwoXYq4rvm3eAxN4uDUqww78i9nKLABhp6h,stock,XNYS,TwentyFourFive,overnight,0,7,,279.45,,False,,,,,,,,no,FAIL,buy100_sin_ruta_market_maker,2026-10-06T06:58:04.905031Z
APGx,APG,APi xStock,XsNKyNtZCbtcCFtJHSeKTGqNQ9gCEaAaKrZBzPH5LLS,stock,XNYS,TwentyFourFive,overnight,0,7,,40.66,,False,,,,,,,,no,FAIL,buy100_sin_ruta_market_maker,2026-10-06T06:40:31.388297Z
APHx,APH,Amphenol xStock,XsvqNba1k4wF5ZEZ6Nrx8AXUDkKzAFuj4HaVDEemyYH,stock,XNYS,TwentyFourFive,overnight,0,7,,87.3134,,False,,,,,,,,no,FAIL,buy100_sin_ruta_market_maker,2026-10-06T06:52:29.163072Z
APLDx,APLD,Applied Digital Corporation xStock,Xs2ZEuDVSQkNnXHqfqEYKVShLHpecyKfdfpEYwiHtQE,stock,XNAS,TwentyFourFive,overnight,0,13,99.19736982246366,24.8,29998.9,False,,,,,,,,no,FAIL,desvio_precio_jupiter_vs_referencia|buy100_sin_ruta_market_maker,2026-10-06T07:01:55.290024Z
APOx,APO,Apollo Global Management xStock,XsosRSUc3n5pod3YNNyQ7go6811xWYd3YME2uEQohEx,stock,XNYS,TwentyFourFive,overnight,0,7,,115.35,,False,,,,,,,,no,FAIL,buy100_sin_ruta_market_maker,2026-10-06T06:58:00.546083Z
APPFx,APPF,AppFolio xStock,XsjK8kemu9BnVjdG2VPZohznVA7e28AgFpXccnTBskb,stock,XNAS,TwentyFourFive,overnight,0,2,,204.25,,False,,,,,,,,no,FAIL,buy100_sin_ruta_market_maker,2026-10-06T06:36:39.532542Z
ARESx,ARES,Ares Management xStock,Xsm7SVTuyeaeD5fwaWD1RFKX7Rr8WmNGz5j35r5npth,stock,XNYS,TwentyFourFive,overnight,0,7,,117.13,,False,,,,,,,,no,FAIL,buy100_sin_ruta_market_maker,2026-10-06T06:52:09.675701Z
AREx,ARE,Alexandria Real Estate Equities xStock,XsZiynuHS7pnCUYa2SfixhkML8KFanh2PYAT25arr7W,stock,XNYS,TwentyFourFive,overnight,0,2,,45.88,,False,,,,,,,,no,FAIL,buy100_sin_ruta_market_maker,2026-10-06T06:38:24.848983Z
ARMKx,ARMK,Aramark xStock,XsVhUJLbtEhVSPHFcyjZYYXJqmK8j8kfD553wZ8of6W,stock,XNYS,TwentyFourFive,overnight,0,7,,55.23,,False,,,,,,,,no,FAIL,buy100_sin_ruta_market_maker,2026-10-06T06:40:59.844735Z
ARMx,ARM,ARM xStock,XswUFSYE5CWsZM3X3yo6e2pZvxcAzx912DonGvgUFka,stock,XNAS,TwentyFourFive,overnight,0,13,302.6225902064335,303.19,-18.7,False,,,,,,,,no,FAIL,buy100_sin_ruta_market_maker,2026-10-06T06:42:57.075947Z
ARWRx,ARWR,Arrowhead Pharmaceuticals xStock,Xszh2XpEww4ndD8CyFzD5DcmqXpw7HMkEdSU1Ngunbe,stock,XNAS,TwentyFourFive,overnight,0,3,,62.35,,False,,,,,,,,no,FAIL,buy100_sin_ruta_market_maker,2026-10-06T06:41:22.009438Z
ARWx,ARW,Arrow Electronics xStock,XscZvQvu7gYS4yuF3NcCeDbQjQynZ823xGCk9uUVePN,stock,XNYS,TwentyFourFive,overnight,0,7,,240.22,,False,,,,,,,,no,FAIL,buy100_sin_ruta_market_maker,2026-10-06T06:43:53.225701Z
ARx,AR,Antero Resources xStock,Xscms1jQDud7fsxLTKibMVxSTSQz3JFeJ1HDshRkPwc,stock,XNYS,TwentyFourFive,overnight,0,3,,34.69,,False,,,,,,,,no,FAIL,buy100_sin_ruta_market_maker,2026-10-06T06:40:22.606407Z
ASM.NLx,ASMA,ASM International xStock,XsAta4RNGomBAoo5k68MkQNXiwa6azEQJFQ5e7hwhs5,stock,XAMS,MarketHours,closed,0,3,,,,,,,,,,,,no,FAIL,subyacente_no_usd|bolsa_no_permitida_XAMS|sin_precio_de_referencia,
ASMPTx,522,ASMPT xStock,XscQZXWUx2vw2cP1oQSBgRVJaky1pV6anaAKomxoFYn,stock,XHKG,Regular,market,0,2,,,,,,,,,,,,no,FAIL,subyacente_no_usd|bolsa_no_permitida_XHKG|sin_precio_de_referencia,
ASx,AS,Amer Sports xStock,XsoxUeZzk47VGpqwE9wLi3DM9xuHSSmnsfXmvZH2bxw,stock,XNYS,TwentyFourFive,overnight,0,2,,27.47,,False,,,,,,,,no,FAIL,buy100_sin_ruta_market_maker,2026-10-06T06:40:17.315661Z
ATIx,ATI,ATI xStock,Xs7jmdBozN4RTu3YgSZeLcimiHJcsovXjvRtHhJbafT,stock,XNYS,TwentyFourFive,overnight,0,7,,193.09,,False,,,,,,,,no,FAIL,buy100_sin_ruta_market_maker,2026-10-06T06:53:19.825726Z
ATOx,ATO,Atmos Energy xStock,Xsz1UqWKSjB4X7zcvXV6XVL5eBA2YaRqEjXZVP6GXwZ,stock,XNYS,TwentyFourFive,overnight,0,7,,158.05,,False,,,,,,,,no,FAIL,buy100_sin_ruta_market_maker,2026-10-06T06:42:03.601610Z
ATRx,ATR,AptarGroup xStock,XsM9Fx4hgF9u1o8xJMPB1trBJBEikGAv5TUzicGxtFk,stock,XNYS,TwentyFourFive,overnight,0,2,,120.61,,False,,,,,,,,no,FAIL,buy100_sin_ruta_market_maker,2026-10-06T06:37:54.535615Z
AUGOx,AUGO,Aura Minerals xStock,XsH3seQgiPtDejogLVe85Uzy5FbztLyj21CURASU3Hu,stock,XNAS,TwentyFourFive,overnight,0,2,,84.89,,False,,,,,,,,no,FAIL,buy100_sin_ruta_market_maker,2026-10-06T06:36:22.770028Z
AURx,AUR,Aurora Innovation xStock,Xs7x2HYEazWDXpYQYPBiRYh6o2AbkYrdrFwaBfBxyaU,stock,XNAS,TwentyFourFive,overnight,0,2,,5.7602,,False,,,,,,,,no,FAIL,buy100_sin_ruta_market_maker,2026-10-06T06:41:20.181223Z
AUTO.GBx,AUTOL,Auto Trader xStock,Xsuq2i3pPWHHM8o8i2jgvD9uAU6Kkzosi335iKRa1my,stock,XLON,MarketHours,closed,0,3,,,,,,,,,,,,no,FAIL,subyacente_no_usd|bolsa_no_permitida_XLON|sin_precio_de_referencia,
AV.GBx,AVL,Aviva xStock,XsRUVKNpti3iMz5pU7nUTrfGHLVuLUKuh3qxXSsE9wZ,stock,XLON,MarketHours,closed,0,3,,,,,,,,,,,,no,FAIL,subyacente_no_usd|bolsa_no_permitida_XLON|sin_precio_de_referencia,
AVAVx,AVAV,AeroVironment xStock,XsBBTUAnNsSfXLAF9bte8S3947fyf4z5SFBqBGHxR5K,stock,XNAS,TwentyFourFive,overnight,0,2,,140.12,,False,,,,,,,,no,FAIL,buy100_sin_ruta_market_maker,2026-10-06T06:37:55.679981Z
AVTRx,AVTR,Avantor xStock,Xs5DtgsS6w7Ya6ESzKBoSC6EW9fEvtuensctD2w795p,stock,XNYS,TwentyFourFive,overnight,0,2,,15.81,,False,,,,,,,,no,FAIL,buy100_sin_ruta_market_maker,2026-10-06T06:38:14.800015Z
AVTx,AVT,Avnet xStock,XsYoafiHJnG7Rmj6fmW5R2XXF7axj7YxUtTN7cQiJaD,stock,XNAS,TwentyFourFive,overnight,0,2,,106.19,,False,,,,,,,,no,FAIL,buy100_sin_ruta_market_maker,2026-10-06T06:36:21.696680Z
AVYx,AVY,Avery Dennison xStock,XsAfpyk9U7qUZKq9STpXyzDaoQjGRe6Yqo7TYebpxkx,stock,XNYS,TwentyFourFive,overnight,0,7,,170,,False,,,,,,,,no,FAIL,buy100_sin_ruta_market_maker,2026-10-06T06:40:40.389735Z
AWIx,AWI,Armstrong World Industries xStock,XsQH2fpYKipspmDukBtjbgP5yTvc9SYrv6JSVdpAEcA,stock,XNYS,TwentyFourFive,overnight,0,2,,163.47,,False,,,,,,,,no,FAIL,buy100_sin_ruta_market_maker,2026-10-06T06:37:05.465047Z
AWKx,AWK,American Water Works xStock,XsUQA7YBvJyBXDrQy23WNydKWdhVCPRVMxEF6MgXytd,stock,XNYS,TwentyFourFive,overnight,0,7,,127.84,,False,,,,,,,,no,FAIL,buy100_sin_ruta_market_maker,2026-10-06T06:41:45.631439Z
AXONx,AXON,Axon Enterprise xStock,Xshh7vNfHqyqbnfuvhn8o53wXcuUbBYKASPq8DEHPbx,stock,XNAS,TwentyFourFive,overnight,0,7,,413.05,,False,,,,,,,,no,FAIL,buy100_sin_ruta_market_maker,2026-10-06T06:55:54.821787Z
AXSMx,AXSM,Axsome Therapeutics xStock,XsYa1w57EZDEiryphKCD8AJf33f4ewr2BHUW4RcjSuE,stock,XNAS,TwentyFourFive,overnight,0,2,,177.08,,False,,,,,,,,no,FAIL,buy100_sin_ruta_market_maker,2026-10-06T06:40:00.699705Z
AXSx,AXS,Axis Capital xStock,XsjLUCBxgCJkX1Bg1YX95oBAWqAh3ARAecGBQeQhH2m,stock,XNYS,TwentyFourFive,overnight,0,2,,95.62,,False,,,,,,,,no,FAIL,buy100_sin_ruta_market_maker,2026-10-06T06:35:56.369205Z
AXTAx,AXTA,Axalta Coating Systems xStock,XsnfK89SvEgTym2JGHYW52Ex4Pr4WDX48vFDG1g2vco,stock,XNYS,TwentyFourFive,overnight,0,2,,32.68,,False,,,,,,,,no,FAIL,buy100_sin_ruta_market_maker,2026-10-06T06:37:59.146286Z
AXTIx,AXTI,AXT xStock,XswiwGt897dzZU8eHoojgUu2ka34brmPGvWeVHcHho9,stock,XNAS,TwentyFourFive,overnight,0,3,,86.78,,False,,,,,,,,no,FAIL,buy100_sin_ruta_market_maker,2026-10-06T06:42:14.592464Z
AYIx,AYI,Acuity xStock,Xs9QXjNBvN1fahbG5yF2WAFTk56cfpijbG4i5CZTtHX,stock,XNYS,TwentyFourFive,overnight,0,2,,304.84,,False,,,,,,,,no,FAIL,buy100_sin_ruta_market_maker,2026-10-06T06:38:54.913919Z
AZOx,AZO,AutoZone xStock,XsfLtqmidw4ouMrdWvH5usSs3r77Usm6rXGygxhRTjz,stock,XNYS,TwentyFourFive,overnight,0,7,,2807.73,,False,,,,,,,,no,FAIL,buy100_sin_ruta_market_maker,2026-10-06T06:57:24.449578Z
Ax,A,Agilent Technologies xStock,Xs5drDwMFxkcChq5cU49EX2oTQUVWQ64qsSL5bVQoS3,stock,XNYS,TwentyFourFive,overnight,0,7,,171.29,,False,,,,,,,,no,FAIL,buy100_sin_ruta_market_maker,2026-10-06T06:54:39.177123Z
BA.GBx,BAL,BAE Systems xStock,XsnpBvWb5ZUcVb9MhDUt8Jir8RyaFADjVujpF3REcME,stock,XLON,MarketHours,closed,0,3,,,,,,,,,,,,no,FAIL,subyacente_no_usd|bolsa_no_permitida_XLON|sin_precio_de_referencia,
BAB.GBx,BABL,Babcock International xStock,XsPJ7qgHgLGn78JVNuoMGsCXQsThJQmxcp3yGK86X5X,stock,XLON,MarketHours,closed,0,3,,,,,,,,,,,,no,FAIL,subyacente_no_usd|bolsa_no_permitida_XLON|sin_precio_de_referencia,
BABAx,BABA,Alibaba xStock,XsJBX1kSf58ymLVKFSm2MkbLtsPiVRMWTvkvF7TSiVT,stock,,TwentyFourFive,overnight,0,3,,110.85,,,,,,,,,,no,FAIL,bolsa_no_informada,
BAHx,BAH,Booz Allen Hamilton xStock,XstjwNncMAuuXPK839aSHajhf86mvoivQ7Gq6k49ZWu,stock,XNYS,TwentyFourFive,overnight,0,2,,68.61,,False,,,,,,,,no,FAIL,buy100_sin_ruta_market_maker,2026-10-06T06:38:22.349805Z
BALLx,BALL,Ball xStock,Xsy9RdWC26fp8c84BB2SD4eE74vG1478YKjxAwjRRQY,stock,XNYS,TwentyFourFive,overnight,0,7,,57.11,,False,,,,,,,,no,FAIL,buy100_sin_ruta_market_maker,2026-10-06T06:45:21.505920Z
BAMIx,BAMIM,Banco BPM xStock,XsvrdpTRckZCkSVzFji1KYzZvVMbgnC7ceAQQWJf5sz,stock,MTAA,MarketHours,closed,0,3,,5.73,,,,,,,,,,no,FAIL,subyacente_no_usd|bolsa_no_permitida_MTAA,
BAMx,BAM,Brookfield Asset Management xStock,XsLdXScusw7mCSATbp7bWKfyBR1RVWEEayKgRcmJ8dZ,stock,XNYS,TwentyFourFive,overnight,0,7,,44.96,,False,,,,,,,,no,FAIL,buy100_sin_ruta_market_maker,2026-10-06T06:52:17.858381Z
BANKCx,3988,Bank Of China xStock,Xs3uhDYpQGfkeZ7rrzQgmozWQHC5uDLUa6iAN65qHM1,stock,XHKG,Regular,market,0,2,,,,,,,,,,,,no,FAIL,subyacente_no_usd|bolsa_no_permitida_XHKG|sin_precio_de_referencia,
BARCx,BARCL,Barclays xStock,Xsj83vfdGZqBQ6pTHJ7PRqWQBnm9UgUzWqT2fUztwme,stock,XLON,MarketHours,closed,0,3,,446,,,,,,,,,,no,FAIL,subyacente_no_usd|bolsa_no_permitida_XLON,
BASx,BASD,Basf xStock,Xs3cFpw3ZtrhCzjuoNKM72EC2Bb4P3nGc8ECK4VMS6t,stock,XETR,MarketHours,closed,0,3,,0.06,,,,,,,,,,no,FAIL,subyacente_no_usd|bolsa_no_permitida_XETR,
BATSx,BATSL,British American Tobacco xStock,XsnHFPDQiWVbmZobbRvneRpvY5BL7AGKcJ9kMJGvUgk,stock,XLON,MarketHours,closed,0,3,,3979,,,,,,,,,,no,FAIL,subyacente_no_usd|bolsa_no_permitida_XLON,
BAXx,BAX,Baxter International xStock,XsFo6dYyRQwVtxbfdGs3zwyyQ1QBkh8D4ANjWXN3zTo,stock,XNYS,TwentyFourFive,overnight,0,3,,24.22,,False,,,,,,,,no,FAIL,buy100_sin_ruta_market_maker,2026-10-06T06:40:08.399613Z
BAYNx,BAYND,Bayer xStock,XsrC2CvvnrZa2A3F8coDpviJymiDmTjYiUWtaKE6G1u,stock,XETR,MarketHours,closed,0,2,,29880,,,,,,,,,,no,FAIL,subyacente_no_usd|bolsa_no_permitida_XETR,
BBIOx,BBIO,BridgeBio Pharma xStock,XsbJzb2V963yBoCKjRJqSLbNUeBsqy6uV4dVnCnNp4q,stock,XNAS,TwentyFourFive,overnight,0,3,,66.5,,False,,,,,,,,no,FAIL,buy100_sin_ruta_market_maker,2026-10-06T06:41:09.451222Z
BBVAx,BBVAE,Banco Bilbao Vizcaya Argentaria xStock,XsP7v4TvM1BUpufG8deESLCQxsVNTpptc6u7VKoQ6Lw,stock,XMAD,MarketHours,closed,0,3,,26.94,,,,,,,,,,no,FAIL,subyacente_no_usd|bolsa_no_permitida_XMAD,
BBY.GBx,BBYL,Balfour Beatty xStock,Xs6aBbsUaqRPpA1dCW5VTr3nytceSMFqf126ZixvFPk,stock,XLON,MarketHours,closed,0,3,,,,,,,,,,,,no,FAIL,subyacente_no_usd|bolsa_no_permitida_XLON|sin_precio_de_referencia,
BBYx,BBY,Best Buy xStock,Xsac5qkc4B254kpnb2qneeu6qsNX1fPtACeuNEiXWMR,stock,XNYS,TwentyFourFive,overnight,0,7,,87.39,,False,,,,,,,,no,FAIL,buy100_sin_ruta_market_maker,2026-10-06T06:41:04.431865Z
BBx,BB,BlackBerry xStock,XsBPCyiRanUFCw5zd3m9EUGWMZZRhtpavZ5SWPdTWM6,stock,,TwentyFourFive,overnight,0,3,,9.0798,,,,,,,,,,no,FAIL,bolsa_no_informada,
BCx,BC,Brunswick xStock,Xsdgad56V6hBBgvwUhcw9wi67bfTozYqhkoPnWQGm25,stock,XNYS,TwentyFourFive,overnight,0,2,,64.83,,False,,,,,,,,no,FAIL,buy100_sin_ruta_market_maker,2026-10-06T06:35:45.404276Z
BDWAPx,1876,Budweiser Brewing Co APAC xStock,XscpBVm2popZi9D3rPNEV5fyxonLfJeTZ8iFeowZQ9b,stock,XHKG,Regular,market,0,2,,,,,,,,,,,,no,FAIL,subyacente_no_usd|bolsa_no_permitida_XHKG|sin_precio_de_referencia,
BDXx,BDX,Becton Dickinson xStock,Xs3yrczxLidKAArdTKepU5NV8KUmwFM11NMyYbGqWDZ,stock,XNYS,TwentyFourFive,overnight,0,7,,180.67,,False,,,,,,,,no,FAIL,buy100_sin_ruta_market_maker,2026-10-06T06:56:11.405352Z
BENx,BEN,Franklin Templeton xStock,XsHXhZf6yLqBvcbuswpbio7m6yNTMrMiQWWN7csQMAr,etf,XNYS,TwentyFourFive,overnight,0,3,,32.88,,False,,,,,,,,no,FAIL,buy100_sin_ruta_market_maker,2026-10-06T06:40:15.797236Z
BEPCx,BEPC,Brookfield Renewable xStock,XsAgT37m4kpTnh73GfssVeceqAR667oCe5Sr5yGgwZt,stock,XNYS,TwentyFourFive,overnight,0,2,,28.32,,False,,,,,,,,no,FAIL,buy100_sin_ruta_market_maker,2026-10-06T06:36:09.566410Z
BETRx,BETR,Better Home & Finance xStock,Xsv3MnH24RsSJwcBvkPUMsDAZqszgmxnbWcUDbfzaYW,stock,XNAS,TwentyFourFive,overnight,0,4,,11.35,,False,,,,,,,,no,FAIL,buy100_sin_ruta_market_maker,2026-10-06T06:34:28.871097Z
BEZ.GBx,BEZL,Beazley xStock,Xs4gTbX4XBcHxQq5qFSn56zhuoe6NKwsSqKk3LoX226,stock,XLON,MarketHours,closed,0,3,,,,,,,,,,,,no,FAIL,subyacente_no_usd|bolsa_no_permitida_XLON|sin_precio_de_referencia,
BEx,BE,Bloom Energy xStock,XsmGSEqT6VXpVis3aVBDxaNwPgHNXbkjkVUCncsLkNB,stock,XNYS,TwentyFourFive,overnight,0,22,278.125661107729,287.8794,-338.8,False,,,,,,,,no,FAIL,desvio_precio_jupiter_vs_referencia|buy100_sin_ruta_market_maker,2026-10-06T06:42:26.891818Z
BGEOx,BGEOL,Lion Finance xStock,XsbAuLnxt5JVLzcLC3nCo4h3jnRiFqxXzauVe4bHvDp,stock,XLON,MarketHours,closed,0,3,,13280,,,,,,,,,,no,FAIL,subyacente_no_usd|bolsa_no_permitida_XLON,
BIDUx,BIDU,Baidu xStock,XsnStpqwfPD5mC1KRVrJ3w6kxEYVkUQivDHBSEr4uxf,stock,,TwentyFourFive,overnight,0,3,,86.9,,,,,,,,,,no,FAIL,bolsa_no_informada,
BIIBx,BIIB,Biogen xStock,Xsv9aoiWTdvBzVpvetL7LBkuS9xvceDdbLkfqMbTVDx,stock,XNAS,TwentyFourFive,overnight,0,7,,223.59,,False,,,,,,,,no,FAIL,buy100_sin_ruta_market_maker,2026-10-06T06:55:46.635658Z
BILIx,BILI,Bilibili xStock,Xsgu2ZZPVjVdjf2HN9F2weJNSyyireZBfu8MYJBBH1S,stock,,TwentyFourFive,overnight,0,3,,14.7999,,,,,,,,,,no,FAIL,bolsa_no_informada,
BIOx,BIO,Bio-Rad Laboratories xStock,Xs9u6B8BVbLs4fEs5NWw5cAiGSTyUtxKgBf93hG5FZz,stock,XNYS,TwentyFourFive,overnight,0,2,,379.82,,False,,,,,,,,no,FAIL,buy100_sin_ruta_market_maker,2026-10-06T06:38:07.552922Z
BITXx,BITX,Volatility Shares 2x Bitcoin Strategy xStock,XsraCsjDB8cYn672MZSxCzZBhrodEPXD7pWd5EiRUhm,etp_apalancado,BATS,TwentyFourFive,overnight,0,7,,20.57,,,,,,,,,,no,FAIL,producto_apalancado_inverso_o_volatilidad,
BJx,BJ,BJ's Wholesale Club xStock,XsAGAMqiAySqkUDf5ZXCTR4v6hSgcBj7mQQy7w3Nja7,stock,XNYS,TwentyFourFive,overnight,0,7,,93.8,,False,,,,,,,,no,FAIL,buy100_sin_ruta_market_maker,2026-10-06T06:42:36.487621Z
BKG.GBx,BKGL,Berkeley xStock,XseXMu35TstUhDHfyQZJjt8Gk3k1Ki7sNgJ7zyr5CNA,stock,XLON,MarketHours,closed,0,3,,,,,,,,,,,,no,FAIL,subyacente_no_usd|bolsa_no_permitida_XLON|sin_precio_de_referencia,
BKRx,BKR,Baker Hughes xStock,XsBE7iAzaJEBpSwG5JZ7zQTWNgTaerweBy7nJCachaJ,stock,XNAS,TwentyFourFive,overnight,0,6,,57.5,,False,,,,,,,,no,FAIL,buy100_sin_ruta_market_maker,2026-10-06T06:40:25.732925Z
BLDRx,BLDR,Builders FirstSource xStock,Xs15osmjEQrq49CkPigXhrRQ6kHkX2cjAPGvpkQFyY8,stock,XNYS,TwentyFourFive,overnight,0,2,,55.75,,False,,,,,,,,no,FAIL,buy100_sin_ruta_market_maker,2026-10-06T06:37:00.560601Z
BMRNx,BMRN,BioMarin Pharmaceutical xStock,XsF6swLUV7mDXkG39Ywmgouktp1PXaJ3oyGnCDvYs9G,stock,XNAS,TwentyFourFive,overnight,0,2,,57.54,,False,,,,,,,,no,FAIL,buy100_sin_ruta_market_maker,2026-10-06T06:40:00.828700Z
BMWx,BMWD,Bayerische Motoren Werke xStock,Xss3w6AXstRPA696R5CsefzHPMvmTY1ZTbEG4m8eccx,stock,XETR,MarketHours,closed,0,3,,54.22,,,,,,,,,,no,FAIL,subyacente_no_usd|bolsa_no_permitida_XETR,
BMYx,BMY,Bristol-Myers Squibb xStock,Xsa3dm4UT6TdzPJV75UiuGUeGywYUnfSNhsV5nHPZEu,stock,XNYS,TwentyFourFive,overnight,0,9,63.24274143500346,58.81,753.7,False,,,,,,,,no,FAIL,desvio_precio_jupiter_vs_referencia|buy100_sin_ruta_market_maker,2026-10-06T06:44:14.976890Z
BN.FRx,BNP,Danone xStock,XsWKvozUT6KwSS3n8jFPb9gHi8WfScwo9bKcTwy1VGT,stock,XPAR,MarketHours,closed,0,3,,,,,,,,,,,,no,FAIL,subyacente_no_usd|bolsa_no_permitida_XPAR|sin_precio_de_referencia,
BNPx,BNPP,BNP Paribas xStock,XsofkoeXZcCrkaoLfv8Ew26rCxiR2csFf13BWJxm7C3,stock,XPAR,MarketHours,closed,0,3,,92.76,,,,,,,,,,no,FAIL,subyacente_no_usd|bolsa_no_permitida_XPAR,
BNYx,BNY,Bank of New York Mellon xStock,Xs2hXX5B6aYUn1Nf8RkspKQbBTjbsa1Co9SjpwgZbNr,stock,XNYS,TwentyFourFive,overnight,0,7,,143.75,,False,,,,,,,,no,FAIL,buy100_sin_ruta_market_maker,2026-10-06T06:43:10.297071Z
BNZLx,BNZLL,Bunzl xStock,XsV7rBpwfAQVkKK1NmNTCMzJQvsVwXYxFciVYXeA9nV,stock,XLON,MarketHours,closed,0,3,,2622,,,,,,,,,,no,FAIL,subyacente_no_usd|bolsa_no_permitida_XLON,
BOCHKx,2388,BOC Hong Kong xStock,XsdyyYJSCDVHBdAujSoWnQEDBQi9Y85YxoGVueJNf1j,stock,XHKG,Regular,market,0,2,,,,,,,,,,,,no,FAIL,subyacente_no_usd|bolsa_no_permitida_XHKG|sin_precio_de_referencia,
BOCOMx,3328,Bank of Communications xStock,XscjyoChdmwiZwDzQZQXEVFsyYTc6Bhfn9TzyfufjVd,stock,XHKG,Regular,market,0,2,,,,,,,,,,,,no,FAIL,subyacente_no_usd|bolsa_no_permitida_XHKG|sin_precio_de_referencia,
BOKFx,BOKF,BOK Financial xStock,Xs5vVE5Btppjq4SxzivSiywf4EjBoL6aRJMAarjaJ2N,stock,XNAS,TwentyFourFive,overnight,0,2,,128.23,,False,,,,,,,,no,FAIL,buy100_sin_ruta_market_maker,2026-10-06T06:37:40.395533Z
BOTx,BOT,RoboStrategy xStock,Xsi8P9r7ZWDBBnBj9JTfnKWqyKNV19X2CQPWQsGdjnS,stock,XNAS,Regular,overnight,0,16,,32.89,,False,,,,,,,,no,FAIL,buy100_sin_ruta_market_maker,2026-10-06T07:00:45.401046Z
BPEx,BPEM,BPER Banca xStock,XsBN1ma4t5qXn5Pwkv36ySQsZ8DnhA9HiU9NXRXffBK,stock,MTAA,MarketHours,closed,0,3,,13.82,,,,,,,,,,no,FAIL,subyacente_no_usd|bolsa_no_permitida_MTAA,
BPOPx,BPOP,Popular xStock,Xs75Z8HFGHFnTubABp1CZSLvzCPepWsYhtHYLAFYEa7,stock,XNAS,TwentyFourFive,overnight,0,3,,158.82,,False,,,,,,,,no,FAIL,buy100_sin_ruta_market_maker,2026-10-06T06:39:51.902746Z
BPx,BPL,BP xStock,Xsdj6kUSZo4jUq1bpJ5bh9z4deR1fVY6Fn8e2ySvrkJ,stock,XLON,MarketHours,closed,0,3,,44.9268,,,,,,,,,,no,FAIL,subyacente_no_usd|bolsa_no_permitida_XLON,
BRBYx,BRBYL,Burberry xStock,XsijAxbQkBewsynCHDdEgHWavY3pwuRkJfGi8jNdAnL,stock,XLON,MarketHours,closed,0,3,,1000.5,,,,,,,,,,no,FAIL,subyacente_no_usd|bolsa_no_permitida_XLON,
BRKRx,BRKR,Bruker xStock,XsUn9LE75xoGx3TzJpuhDMnAUpEFDyxXSwCyQdXK6uq,stock,XNAS,TwentyFourFive,overnight,0,2,,64.9937,,False,,,,,,,,no,FAIL,buy100_sin_ruta_market_maker,2026-10-06T06:38:17.213846Z
BROSx,BROS,Dutch Bros xStock,XsBugUzyEvG9tNCV82U3nA6R13LbfV9LzEsXe7ckhCz,stock,XNYS,TwentyFourFive,overnight,0,2,,38.27,,False,,,,,,,,no,FAIL,buy100_sin_ruta_market_maker,2026-10-06T06:36:32.906818Z
BROx,BRO,Brown & Brown xStock,Xs9hw3a4acJr629NUzDbEC376rv3AhfmwvXm9BNnD9G,stock,XNYS,TwentyFourFive,overnight,0,7,,60.93,,False,,,,,,,,no,FAIL,buy100_sin_ruta_market_maker,2026-10-06T06:46:51.800369Z
BRXx,BRX,Brixmor Property xStock,XsUHRLCeyjXj1hxD24opbhvNaPkCjCzTktTodU61bnL,stock,XNYS,TwentyFourFive,overnight,0,2,,27.05,,False,,,,,,,,no,FAIL,buy100_sin_ruta_market_maker,2026-10-06T06:38:09.819098Z
BRx,BR,Broadridge Financial Solutions xStock,XsvEMALzsRVnPED4KEAd7pivT5ho9vgqzqZxQxNBkWW,stock,XNYS,TwentyFourFive,overnight,0,7,,159.08,,False,,,,,,,,no,FAIL,buy100_sin_ruta_market_maker,2026-10-06T06:43:53.265501Z
BSXx,BSX,Boston Scientific xStock,Xs7vm4sZj1LiNLvnxUCyUTuxRMTt4WGJfdbCASTYhN9,stock,XNYS,TwentyFourFive,overnight,0,7,,42.4197,,False,,,,,,,,no,FAIL,buy100_sin_ruta_market_maker,2026-10-06T06:43:58.425369Z
BSYx,BSY,Bentley Systems xStock,XsMJnAApxALiWrwPBkAqm2FebHRmMLQVyjv9xVckzyk,stock,XNAS,TwentyFourFive,overnight,0,2,,33.0527,,False,,,,,,,,no,FAIL,buy100_sin_ruta_market_maker,2026-10-06T06:39:45.877176Z
BT.Ax,BTL,BT xStock,XskY8Q5ZHvhVJuBBor4iVjCbztSfBV4hsmEtoa9vPnT,stock,XLON,MarketHours,closed,0,3,,199,,,,,,,,,,no,FAIL,subyacente_no_usd|bolsa_no_permitida_XLON,
BTBTx,BTBT,Bit Digital xStock,XsPLBFy59Q3hY59KLAJur8QyvziMF4xUxGTxXqXE7cT,stock,XNAS,TwentyFourFive,overnight,0,21,1.5997031354959332,1.54,387.7,False,,,,,,,,no,FAIL,desvio_precio_jupiter_vs_referencia|buy100_sin_ruta_market_maker,2026-10-06T07:02:22.104616Z
BTRWx,BTRWL,Barratt Redrow xStock,Xs7Lv15gA3Rjf5W7jVjcLAnjce7LKHSknMRHBVAyNzT,stock,XLON,MarketHours,closed,0,3,,319.4,,,,,,,,,,no,FAIL,subyacente_no_usd|bolsa_no_permitida_XLON,
BURLx,BURL,Burlington Stores xStock,Xszn8sMqeBqfLDXAsDa9uEYo6WT3LYSD4jje2pGK6k5,stock,XNYS,TwentyFourFive,overnight,0,7,,271.81,,False,,,,,,,,no,FAIL,buy100_sin_ruta_market_maker,2026-10-06T06:41:41.168408Z
BWAx,BWA,BorgWarner xStock,Xs34rXKEs63rPs3qWZeAubRmSVJNG5hSy6Ubt7Qag2F,stock,XNYS,TwentyFourFive,overnight,0,7,,60.26,,False,,,,,,,,no,FAIL,buy100_sin_ruta_market_maker,2026-10-06T06:40:56.843247Z
BWXTx,BWXT,BWX Technologies xStock,XsVpsBVdjW8SWAu4jAjqJ9qnGYzBmUzNDRcG6uiZ9xo,stock,XNYS,TwentyFourFive,overnight,0,7,,136.477,,False,,,,,,,,no,FAIL,buy100_sin_ruta_market_maker,2026-10-06T06:47:05.995307Z
BWYx,BWYL,Bellway xStock,Xs8NtGgTwwHAjdDvdhjcDBDYbEoF39ggi5QKKAwWu97,stock,XLON,MarketHours,closed,0,3,,2100,,,,,,,,,,no,FAIL,subyacente_no_usd|bolsa_no_permitida_XLON,
BXPx,BXP,BXP xStock,Xsc3DUGC7diNKyYkKTagzj4R42EuM8KHBgFnLmXA12y,stock,XNYS,TwentyFourFive,overnight,0,2,,59.37,,False,,,,,,,,no,FAIL,buy100_sin_ruta_market_maker,2026-10-06T06:39:29.883031Z
BXx,BX,Blackstone xStock,XsYtTeabUTJnkxWrHZUChwcKpNq6BbqPbWs9ZgLk4Xa,stock,XNYS,TwentyFourFive,overnight,0,11,113.85479569681517,111.83,181.1,False,,,,,,,,no,FAIL,buy100_sin_ruta_market_maker,2026-10-06T06:59:17.001319Z
BYDCOx,1211,BYD xStock,Xsbcv5nSVTc5A7jRZNe2Sg6VtgCyyb32SC2nnaPK5MZ,stock,XHKG,Regular,market,0,2,,,,,,,,,,,,no,FAIL,subyacente_no_usd|bolsa_no_permitida_XHKG|sin_precio_de_referencia,
BYDx,BYD,Boyd Gaming xStock,XsiAD92p2UdtNxmZi5piyhsLarB8exRdKtCtWxv5XQd,stock,XNYS,TwentyFourFive,overnight,0,2,,68.71,,False,,,,,,,,no,FAIL,buy100_sin_ruta_market_maker,2026-10-06T06:36:11.872148Z
CABKx,CABKE,CaixaBank xStock,XsW6ZU3ZmzHTQbnh9DPQYNP63TvyynftkxNeaaqPpFt,stock,XMAD,MarketHours,closed,0,3,,12.22,,,,,,,,,,no,FAIL,subyacente_no_usd|bolsa_no_permitida_XMAD,
CACCx,CACC,Credit Acceptance xStock,XsyJm49SDdnZnFvnduxo7kAx3CGxqdfryYqPqDGcYm2,stock,XNAS,TwentyFourFive,overnight,0,2,,531.35,,False,,,,,,,,no,FAIL,buy100_sin_ruta_market_maker,2026-10-06T06:36:14.351132Z
CACIx,CACI,CACI International xStock,Xs7wD8JEF2KoED55Re7W6GDoHwA5QPGJvLwQYHYw5wr,stock,XNYS,TwentyFourFive,overnight,0,2,,624.19,,False,,,,,,,,no,FAIL,buy100_sin_ruta_market_maker,2026-10-06T06:41:30.839519Z
CAGx,CAG,Conagra Brands xStock,XspahpqdDTxoL1XKPysDSyeMKVaKerguZQeBPqtmFjM,stock,XNYS,TwentyFourFive,overnight,0,2,,13.2131,,False,,,,,,,,no,FAIL,buy100_sin_ruta_market_maker,2026-10-06T06:38:00.399948Z
CAHx,CAH,Cardinal Health xStock,XsrstNGy7STAR22txNru2ahbEwdBadFJwYRCBNEQYBS,stock,XNYS,TwentyFourFive,overnight,0,7,,233.12,,False,,,,,,,,no,FAIL,buy100_sin_ruta_market_maker,2026-10-06T06:57:17.891807Z
CAIx,CAI,Caris Life Sciences xStock,Xs6bQ33TshWbmqGNp1BUei6SqzZrNWmPwLh4jbfXLm4,stock,XNAS,TwentyFourFive,overnight,0,2,,30.443,,False,,,,,,,,no,FAIL,buy100_sin_ruta_market_maker,2026-10-06T06:36:29.079147Z
CARRx,CARR,Carrier Global xStock,XsvQh2FdVWMpbNsnYAbDNg38GtAWBEjcweJR42yRTgy,stock,XNYS,TwentyFourFive,overnight,0,7,,55.99,,False,,,,,,,,no,FAIL,buy100_sin_ruta_market_maker,2026-10-06T06:42:36.755976Z
CARx,CAR,Avis Budget xStock,Xs1KurTeKA8Y6iYwqiEkc9uKLWyAUYMZWsE7wFJ6z4p,stock,XNAS,TwentyFourFive,overnight,0,2,,107.98,,False,,,,,,,,no,FAIL,buy100_sin_ruta_market_maker,2026-10-06T06:34:34.578831Z
CASYx,CASY,Casey's General Stores xStock,XsDBYWqoxayY5cqFWs6jNJn4wv5vbP3RkTNqceEQRGW,stock,XNAS,TwentyFourFive,overnight,0,7,,617.33,,False,,,,,,,,no,FAIL,buy100_sin_ruta_market_maker,2026-10-06T06:54:55.905365Z
CATx,CAT,Caterpillar xStock,XsRvd1meWQ9kW1SrZPa1jokQqmBoPWWjd6wGTgdp5E6,stock,XNYS,TwentyFourFive,overnight,0,8,,849.4,,False,,,,,,,,no,FAIL,buy100_sin_ruta_market_maker,2026-10-06T07:00:44.289850Z
CBREx,CBRE,CBRE xStock,XsTJV8FFx22kv41kMcuHawx8eoDybUnLxiiEscw317x,stock,XNYS,TwentyFourFive,overnight,0,8,,129.4,,False,,,,,,,,no,FAIL,buy100_sin_ruta_market_maker,2026-10-06T06:44:36.627958Z
CBRSx,CBRS,Cerebras Systems xStock,Xstq9oUsBPd8LSyivHhnt8P8t9xK5RYoM9P6izLczvm,stock,XNAS,TwentyFourFive,overnight,0,15,200.6406895775103,182.7,982.0,True,37.0,rfq/JupiterZ,True,37.2,False,,,no,FAIL,desvio_precio_jupiter_vs_referencia|sell100_sin_ruta_market_maker,2026-10-06T06:51:17.687120Z
CBSHx,CBSH,Commerce Bancshares xStock,XsR9hVB5M5oF5L5sMH5HvpLKyatAhKAkz5yqmf1qcdE,stock,XNAS,TwentyFourFive,overnight,0,2,,55.14,,False,,,,,,,,no,FAIL,buy100_sin_ruta_market_maker,2026-10-06T06:37:25.447818Z
CCC.GBx,CCCL,Computacenter xStock,Xsox8WPr1nuUYChxKKzXbwAdAUdtD3B62RBQHrwB2ws,stock,XLON,MarketHours,closed,0,3,,,,,,,,,,,,no,FAIL,subyacente_no_usd|bolsa_no_permitida_XLON|sin_precio_de_referencia,
CCIx,CCI,Crown Castle xStock,XsbPN4VFi14geuC8D2Tb2u37kQM83VSkfMUyvXsWWoC,stock,XNYS,TwentyFourFive,overnight,0,7,,67.58,,False,,,,,,,,no,FAIL,buy100_sin_ruta_market_maker,2026-10-06T06:56:09.987795Z
CCKx,CCK,Crown xStock,XsHjSQhp7Eac5azSKy7cZbZGCrpEUAA3RseKh2X7c8C,stock,XNYS,TwentyFourFive,overnight,0,3,,106.58,,False,,,,,,,,no,FAIL,buy100_sin_ruta_market_maker,2026-10-06T06:40:12.932164Z
CCONBx,939,China Construction Bank xStock,XsvPonyU9dZWsZsT2rJ1MBRAmPw8gMtS7M3ERko8XkK,stock,XHKG,Regular,market,0,2,,,,,,,,,,,,no,FAIL,subyacente_no_usd|bolsa_no_permitida_XHKG|sin_precio_de_referencia,
CDEx,CDE,Coeur Mining xStock,Xst5zttaWoyT8Td5jNhxwVQ1ku4bSRv8EVJe3SHoGdc,stock,XNYS,TwentyFourFive,overnight,0,3,,17.1001,,False,,,,,,,,no,FAIL,buy100_sin_ruta_market_maker,2026-10-06T06:41:54.695324Z
CDNSx,CDNS,Cadence Design Systems xStock,XsrB8RyBpbMWm8zCQutdT2n95BgNj4rJFfxuhHFjk2v,stock,XNAS,TwentyFourFive,overnight,0,7,,353.82,,False,,,,,,,,no,FAIL,buy100_sin_ruta_market_maker,2026-10-06T06:59:29.995425Z
CDWx,CDW,CDW xStock,XsMmhKdFMiFdNFBcznYHx2zAU1SLtMnUL2G6bRzPpaY,stock,XNAS,TwentyFourFive,overnight,0,8,,134,,False,,,,,,,,no,FAIL,buy100_sin_ruta_market_maker,2026-10-06T06:43:18.796226Z
CELHx,CELH,Celsius xStock,Xs6jmX6ggZVqEjdPy2eEi6pE27qrtrBMSni91KiXyk3,stock,XNAS,TwentyFourFive,overnight,0,2,,27.52,,False,,,,,,,,no,FAIL,buy100_sin_ruta_market_maker,2026-10-06T06:38:09.972055Z
CFGx,CFG,Citizens Financial xStock,Xsp9avBowUQeip8NfLXcwfw5VT74kc72BafgYPXN74a,stock,XNYS,TwentyFourFive,overnight,0,7,,64.31,,False,,,,,,,,no,FAIL,buy100_sin_ruta_market_maker,2026-10-06T06:55:11.418346Z
CFRx,CFR,Cullen/Frost Bankers xStock,XshqzpQNhZoRBqp9Tj4EDLasQYouHyo5RdgDTC4Cbaj,stock,XNYS,TwentyFourFive,overnight,0,2,,153.83,,False,,,,,,,,no,FAIL,buy100_sin_ruta_market_maker,2026-10-06T06:38:59.800351Z
CFx,CF,CF Industries xStock,XsH9yfX7GuRbCDnNvD4A7x8gvMc8sc8Htz1fQd7VYWw,stock,XNYS,TwentyFourFive,overnight,0,8,,116.02,,False,,,,,,,,no,FAIL,buy100_sin_ruta_market_maker,2026-10-06T06:41:10.127070Z
CGNXx,CGNX,Cognex xStock,Xsf68mBJ5DKypfp2eBy2R2PTusXrQR9b5vfa2SRn896,stock,XNAS,TwentyFourFive,overnight,0,2,,64.9,,False,,,,,,,,no,FAIL,buy100_sin_ruta_market_maker,2026-10-06T06:38:27.357503Z
CGx,CG,The Carlyle xStock,XsaLeEQ2RtXLwLYBtJv1wT7CXk4paWCvKxNWMNk4mbZ,stock,XNAS,TwentyFourFive,overnight,0,8,,39.55,,False,,,,,,,,no,FAIL,buy100_sin_ruta_market_maker,2026-10-06T06:44:16.504332Z
CHDNx,CHDN,Churchill Downs xStock,XsaSdNN42h4zVSuhYiWzYDFWfHHQhFcymAZRxjPXZqh,stock,XNAS,TwentyFourFive,overnight,0,2,,77.57,,False,,,,,,,,no,FAIL,buy100_sin_ruta_market_maker,2026-10-06T06:36:47.903543Z
CHDx,CHD,Church & Dwight xStock,Xs712gQLCYkFSYJwdu3pE5itNfyKwsXQ1HEGZF8Esc5,stock,XNYS,TwentyFourFive,overnight,0,7,,95.66,,False,,,,,,,,no,FAIL,buy100_sin_ruta_market_maker,2026-10-06T06:46:42.045471Z
CHEx,CHE,Chemed xStock,Xso4JpBFSzQe6cpGR4yCqgi9x1dkC8BNyJ2gyMe2B5C,stock,XNYS,TwentyFourFive,overnight,0,2,,511.51,,False,,,,,,,,no,FAIL,buy100_sin_ruta_market_maker,2026-10-06T06:36:07.150270Z
CHONGx,1378,China Hongqiao xStock,Xs1Pd2VsTd1MBDnnBNtH2V68Z5WPNtMmYmE9cuMoBcT,stock,XHKG,Regular,market,0,2,,,,,,,,,,,,no,FAIL,subyacente_no_usd|bolsa_no_permitida_XHKG|sin_precio_de_referencia,
CHRDx,CHRD,Chord Energy xStock,XsPMAKTg3shFYc1svXasdkmCJJdobvegcZgA9yKrtWN,stock,XNAS,TwentyFourFive,overnight,0,2,,139.11,,False,,,,,,,,no,FAIL,buy100_sin_ruta_market_maker,2026-10-06T06:37:57.953999Z
CHRWx,CHRW,C.H. Robinson Worldwide xStock,Xsm5zBfHeiGWjraGLwT8DwJhYGjUfhESs7QANcYVp8E,stock,XNAS,TwentyFourFive,overnight,0,7,,141,,False,,,,,,,,no,FAIL,buy100_sin_ruta_market_maker,2026-10-06T06:46:22.116955Z
CHTRx,CHTR,Charter Communications xStock,XstvDoqmcKjMHZP8FoWy3Ee2EkCf4KZgqNtg21WFW3X,stock,XNAS,TwentyFourFive,overnight,0,8,,108.25,,False,,,,,,,,no,FAIL,buy100_sin_ruta_market_maker,2026-10-06T06:43:06.859916Z
CHWYx,CHWY,Chewy xStock,XsQPrqFMbPDp3fa36oU9PT61DiQPJaGwEmox3CsXTqB,stock,XNYS,TwentyFourFive,overnight,0,2,,18.219,,False,,,,,,,,no,FAIL,buy100_sin_ruta_market_maker,2026-10-06T06:38:44.925212Z
CIENx,CIEN,Ciena xStock,XsE5qZhg6oL1ypWwtwXPQtW1EpFSvRmLXk9ceX9TtZx,stock,XNYS,TwentyFourFive,overnight,0,13,346.6452886224409,390.62,-1125.8,False,,,,,,,,no,FAIL,desvio_precio_jupiter_vs_referencia|buy100_sin_ruta_market_maker,2026-10-06T06:57:39.733372Z
CINFx,CINF,Cincinnati Financial xStock,XsNufzbQz3zzhuGTSBi73Rds6wo1ghjn74ooK7ZbLVX,stock,XNAS,TwentyFourFive,overnight,0,7,,162.14,,False,,,,,,,,no,FAIL,buy100_sin_ruta_market_maker,2026-10-06T06:41:51.534117Z
CITICx,267,CITIC xStock,XsdSGGAQyFiEuCVyV5ZQgB79pXXpr7vZPm3nhvHwKzK,stock,XHKG,Regular,market,0,2,,,,,,,,,,,,no,FAIL,suspendido|subyacente_no_usd|bolsa_no_permitida_XHKG|sin_precio_de_referencia,
CIx,CI,The Cigna xStock,XsGfYyioN9bfk6M6RGKvucDq8grQehqkBz8ziEtT124,stock,XNYS,TwentyFourFive,overnight,0,7,,271.06,,False,,,,,,,,no,FAIL,buy100_sin_ruta_market_maker,2026-10-06T06:59:00.044045Z
CKAHx,1113,CK Asset xStock,XsEV5rBKdRtbmVLXmCxTm6Dox3467drekVVwpupVLrP,stock,XHKG,Regular,market,0,2,,,,,,,,,,,,no,FAIL,suspendido|subyacente_no_usd|bolsa_no_permitida_XHKG|sin_precio_de_referencia,
CKHUTx,1,CK Hutchison xStock,XsjMBmvjeERTrf2odjQKQKFgBVWsiC5J9Mhe9eCNyfW,stock,XHKG,Regular,market,0,2,,,,,,,,,,,,no,FAIL,suspendido|subyacente_no_usd|bolsa_no_permitida_XHKG|sin_precio_de_referencia,
CKINFx,1038,CK Infrastructure xStock,XsgYr5PbwmUuQTDFwVDAx2M4KzZKwz2zvYMzg4Nuwym,stock,XHKG,Regular,market,0,2,,,,,,,,,,,,no,FAIL,subyacente_no_usd|bolsa_no_permitida_XHKG|sin_precio_de_referencia,
CLFx,CLF,Cleveland-Cliffs xStock,XsXzwQgoZ1iyfyTh8ZhHGbrdSLsCkFNKQ6e8DWPWtyh,stock,XNYS,TwentyFourFive,overnight,0,2,,12.2982,,False,,,,,,,,no,FAIL,buy100_sin_ruta_market_maker,2026-10-06T06:36:03.609185Z
CLHx,CLH,Clean Harbors xStock,XsRwkmMcYT1jEJ9cnUsnWkUitWJRufu2qCmd6fbRRYj,stock,XNYS,TwentyFourFive,overnight,0,8,,322.37,,False,,,,,,,,no,FAIL,buy100_sin_ruta_market_maker,2026-10-06T06:44:38.470444Z
CLINSx,2628,China Life Insurance xStock,XsoHpcJS91HhgMCe9ApwgpXbXFjV4ZoYATsZ5WQM4RB,stock,XHKG,Regular,market,0,2,,,,,,,,,,,,no,FAIL,subyacente_no_usd|bolsa_no_permitida_XHKG|sin_precio_de_referencia,
CLONPx,916,China Longyuan Power xStock,XsyGQnVqV2XoDzSGsHoemfpvpctbEMtqdBvRk1nGnLZ,stock,XHKG,Regular,market,0,2,,,,,,,,,,,,no,FAIL,subyacente_no_usd|bolsa_no_permitida_XHKG|sin_precio_de_referencia,
CLPHDx,2,CLP xStock,XsC1MeKZhxG5mv1h6oen9YVT2Skfxa3GMVkXymkTF8N,stock,XHKG,Regular,market,0,2,,,,,,,,,,,,no,FAIL,subyacente_no_usd|bolsa_no_permitida_XHKG|sin_precio_de_referencia,
CLXx,CLX,Clorox xStock,XshmkFbMrRMtVb2HoJw1nc9jGMKNjTWcutT86YpMbKi,stock,XNYS,TwentyFourFive,overnight,0,8,,82.12,,False,,,,,,,,no,FAIL,buy100_sin_ruta_market_maker,2026-10-06T06:42:57.610014Z
CLx,CL,Colgate-Palmolive xStock,XsWzjAeMsR9pMX1aKkq7uDKpr11daUHkmjXya15yCqd,stock,XNYS,TwentyFourFive,overnight,0,7,,85.66,,False,,,,,,,,no,FAIL,buy100_sin_ruta_market_maker,2026-10-06T06:58:36.380709Z
CMENDx,2319,China Mengniu Dairy xStock,XsD87ikehM9bu4pEdyT32TdMP2J5ph3F1uBCwEFdLUo,stock,XHKG,Regular,market,0,2,,,,,,,,,,,,no,FAIL,subyacente_no_usd|bolsa_no_permitida_XHKG|sin_precio_de_referencia,
CMERPx,144,China Merchants Port xStock,Xsa8uVzPAfd1FwuHEhVXKFj9Nn2Bprn4DAzUw7Hz7SR,stock,XHKG,Regular,market,0,2,,,,,,,,,,,,no,FAIL,subyacente_no_usd|bolsa_no_permitida_XHKG|sin_precio_de_referencia,
CMEx,CME,CME xStock,Xsx234fZF5KMZ5catYi7m9P682Pk9TWWHF5jAfYGZJk,stock,XNAS,TwentyFourFive,overnight,0,8,,270.03,,False,,,,,,,,no,FAIL,buy100_sin_ruta_market_maker,2026-10-06T06:46:00.172085Z
CMGx,CMG,Chipotle Mexican Grill xStock,XsR1ktNCRYDoDNxhaSxF6NX2HyT4ACSQBgPRLpXTWmm,stock,XNYS,TwentyFourFive,overnight,0,9,33.10289885380761,30.8997,713.0,False,,,,,,,,no,FAIL,desvio_precio_jupiter_vs_referencia|buy100_sin_ruta_market_maker,2026-10-06T06:55:58.685777Z
CMIx,CMI,Cummins xStock,XsqZ16VmoeszDniTfGTnwPBMv7j7uSDArddziagHWit,stock,XNYS,TwentyFourFive,overnight,0,7,,523.37,,False,,,,,,,,no,FAIL,buy100_sin_ruta_market_maker,2026-10-06T06:59:23.096610Z
CMSx,CMS,CMS Energy xStock,Xs6Udev3M1atxRjjXCjAg24BdjYuLs6Qj7eTh7XjEjW,stock,XNYS,TwentyFourFive,overnight,0,7,,64.03,,False,,,,,,,,no,FAIL,buy100_sin_ruta_market_maker,2026-10-06T06:47:03.717637Z
CNA.GBx,CNAL,Centrica xStock,XsNZhxqPhitSup6kZr8NUZZnhGzZy4JiYsPwJUCwuCu,stock,XLON,MarketHours,closed,0,3,,,,,,,,,,,,no,FAIL,subyacente_no_usd|bolsa_no_permitida_XLON|sin_precio_de_referencia,
CNAx,CNA,CNA Financial xStock,XsKfL6LbQaqnUfz3QZrBVwS3RqP34NKR3cmvbRu3doJ,stock,XNYS,TwentyFourFive,overnight,0,3,,46.21,,False,,,,,,,,no,FAIL,buy100_sin_ruta_market_maker,2026-10-06T06:41:32.803617Z
CNCx,CNC,Centene xStock,XsegJtRFtvC3qqhNYdN2QXxumd2fjvWQmithQZ33ehS,stock,XNYS,TwentyFourFive,overnight,0,7,,64,,False,,,,,,,,no,FAIL,buy100_sin_ruta_market_maker,2026-10-06T06:42:21.519671Z
CNMx,CNM,Core & Main xStock,XsKtGMgrVNWVRTRGP2kVGKFTippX6cWVknDv588Emf8,stock,XNYS,TwentyFourFive,overnight,0,2,,41.82,,False,,,,,,,,no,FAIL,buy100_sin_ruta_market_maker,2026-10-06T06:37:56.722177Z
CNPx,CNP,CenterPoint Energy xStock,Xsx9i1A6e4xc9r5Gxxy4uZV4YSmwAXBJScvGLRv4nH2,stock,XNYS,TwentyFourFive,overnight,0,7,,37.75,,False,,,,,,,,no,FAIL,buy100_sin_ruta_market_maker,2026-10-06T06:42:06.655118Z
COFx,COF,Capital One Financial xStock,Xstd4ems8vhfGwTngpXCzgnSvJ4oD7E5gExUue2KEZX,stock,XNYS,TwentyFourFive,overnight,0,7,,195.14,,False,,,,,,,,no,FAIL,buy100_sin_ruta_market_maker,2026-10-06T06:59:48.327007Z
COHRx,COHR,Coherent xStock,XsipFyePxrgwZJrX4s26RJ25cqwpkfn6ec8JLy26w5b,stock,XNYS,TwentyFourFive,overnight,0,11,,334.7397,,False,,,,,,,,no,FAIL,buy100_sin_ruta_market_maker,2026-10-06T06:43:53.769715Z
COLBx,COLB,Columbia Banking System xStock,XsQXTfrY4PZxcSZmX4ESvJr7JDK615K1cvJZdYCQGdv,stock,XNAS,TwentyFourFive,overnight,0,2,,28.84,,False,,,,,,,,no,FAIL,buy100_sin_ruta_market_maker,2026-10-06T06:38:01.555494Z
COOx,COO,The Cooper Companies xStock,XsWetupD7QGe8e5fXsJAPHYFXFTUdYVjT44hJMsVDtY,stock,XNAS,TwentyFourFive,overnight,0,8,,56.77,,False,,,,,,,,no,FAIL,buy100_sin_ruta_market_maker,2026-10-06T06:40:44.889362Z
COPx,COP,ConocoPhillips xStock,Xs58CxmUcgT17reeVV64se747XuRfjsJQnpb8DX9TDq,stock,XNYS,TwentyFourFive,overnight,0,8,,128.4,,False,,,,,,,,no,FAIL,buy100_sin_ruta_market_maker,2026-10-06T06:59:49.977961Z
CORTx,CORT,Corcept Therapeutics xStock,Xs7YhGRdqb6nzTTPqViWue7TT3EXbmWwmD4XdrnW3Ux,stock,XNAS,TwentyFourFive,overnight,0,2,,123.0384,,False,,,,,,,,no,FAIL,buy100_sin_ruta_market_maker,2026-10-06T06:40:46.037689Z
CORZx,CORZ,Core Scientific xStock,XsBGEXxbBcuu8Nrokj14G8v4ezT3JYWWLneTzXK8t6Z,stock,XNAS,TwentyFourFive,overnight,0,14,18.3358909098901,16.668,1000.7,False,,,,,,,,no,FAIL,desvio_precio_jupiter_vs_referencia|buy100_sin_ruta_market_maker,2026-10-06T07:02:25.102912Z
CORx,COR,Cencora xStock,Xsst4VThLi3nvYTsNCVwJi1z23LfXrdyKmhArkrSn1n,stock,XNYS,TwentyFourFive,overnight,0,7,,314.93,,False,,,,,,,,no,FAIL,buy100_sin_ruta_market_maker,2026-10-06T06:56:27.204541Z
COSCx,1919,COSCO SHIPPING xStock,Xsq94yaNbSREX4vckv2jKRaZziduQMQX3nwDm4eJNet,stock,XHKG,Regular,market,0,2,,,,,,,,,,,,no,FAIL,subyacente_no_usd|bolsa_no_permitida_XHKG|sin_precio_de_referencia,
COVELx,688,China Overseas Land & Investment xStock,XsSWT1Cw3vemPuy82ATtfT8R347jctHVri1m2NzfD2G,stock,XHKG,Regular,market,0,2,,,,,,,,,,,,no,FAIL,subyacente_no_usd|bolsa_no_permitida_XHKG|sin_precio_de_referencia,
CPAYx,CPAY,Corpay xStock,XsPtqd1RVDcZzSmeVwY253J4EHVUqMSrR9FcFmjZjqq,stock,XNYS,TwentyFourFive,overnight,0,7,,401.72,,False,,,,,,,,no,FAIL,buy100_sin_ruta_market_maker,2026-10-06T06:53:11.574119Z
CPBx,CPB,The Campbell's xStock,XsCd1pXsmVgiacWR4oVuEghamgHPisFZmA5RdNs2NLM,stock,XNAS,TwentyFourFive,overnight,0,2,,19.3,,False,,,,,,,,no,FAIL,buy100_sin_ruta_market_maker,2026-10-06T06:35:40.357584Z
CPETCx,386,China Petroleum & Chemical xStock,Xsk88vf8LbRSVFTd9nu7kBsC2hNpQt4UckiV7eLSct4,stock,XHKG,Regular,market,0,2,,,,,,,,,,,,no,FAIL,subyacente_no_usd|bolsa_no_permitida_XHKG|sin_precio_de_referencia,
CPNGx,CPNG,Coupang xStock,XsoVbMATH8hMemisZZvGCc9YEkve3Yiirr2VtinKTuw,stock,XNYS,TwentyFourFive,overnight,0,8,,14.184,,False,,,,,,,,no,FAIL,buy100_sin_ruta_market_maker,2026-10-06T06:41:12.044747Z
CPRTx,CPRT,Copart xStock,XshHba6o5aAUPJFL19gmvSn4KRk6N44JVgiFt6UoRsB,stock,XNAS,TwentyFourFive,overnight,0,7,,27.68,,False,,,,,,,,no,FAIL,buy100_sin_ruta_market_maker,2026-10-06T06:53:59.394358Z
CPTx,CPT,Camden Property Trust xStock,XsvoRXtZZfwvkLhp4qKPR9B9mcbuWakDUWnPszYw2BT,etf,XNYS,TwentyFourFive,overnight,0,8,,97.37,,False,,,,,,,,no,FAIL,buy100_sin_ruta_market_maker,2026-10-06T06:43:18.823968Z
CRAUTx,9973,Chery Automobile xStock,XsN23gnUFVBFR2RL9pQicMG1NNy56okJ9eTTQUSNubA,stock,XHKG,Regular,market,0,2,,,,,,,,,,,,no,FAIL,subyacente_no_usd|bolsa_no_permitida_XHKG|sin_precio_de_referencia,
CRBGx,CRBG,Corebridge Financial xStock,XswAx2kd4aKQtTszJ4zuA4nAY49hHzT82Vn8DqNcktY,stock,XNYS,TwentyFourFive,overnight,0,3,,34.84,,False,,,,,,,,no,FAIL,buy100_sin_ruta_market_maker,2026-10-06T06:41:52.640426Z
CRDAx,CRDAL,Croda International xStock,XshoX6qy11Q4HHcaJKU6h7JVmVqXiAXPLACiGLqLTxZ,stock,XLON,MarketHours,closed,0,3,,3293,,,,,,,,,,no,FAIL,suspendido|subyacente_no_usd|bolsa_no_permitida_XLON,
CRDOx,CRDO,Credo Technology xStock,XsPZqWN9qCGwwasxuo3zSEnM6vQbBJ9imktKjUeBMyF,stock,,TwentyFourFive,overnight,0,3,,213.7,,,,,,,,,,no,FAIL,bolsa_no_informada,
CRESBx,291,China Resources Beer Holdings xStock,XsptDxuTbpFNx9vic5CMDRiGzPDhNDcVp2i9bUdTktn,stock,XHKG,Regular,market,0,2,,,,,,,,,,,,no,FAIL,subyacente_no_usd|bolsa_no_permitida_XHKG|sin_precio_de_referencia,
CRESLx,1109,China Resources Land xStock,XsbsVbQ24JD4HKnrz4eLktPBgZEMX3cooqiFapFjUtB,stock,XHKG,Regular,market,0,2,,,,,,,,,,,,no,FAIL,subyacente_no_usd|bolsa_no_permitida_XHKG|sin_precio_de_referencia,
CRESMx,1209,China Resources Mixc Lifestyle Services xStock,XsKFSq4aTzj9L2g1rqbdcewZH3bZNE2WwWBZKcGNxsX,stock,XHKG,Regular,market,0,2,,,,,,,,,,,,no,FAIL,subyacente_no_usd|bolsa_no_permitida_XHKG|sin_precio_de_referencia,
CRESPx,836,China Resources Power xStock,Xs22M1UvnSTzoiVopRbsYxcSFX4caT93eQgx27R8Xu7,stock,XHKG,Regular,market,0,2,,,,,,,,,,,,no,FAIL,subyacente_no_usd|bolsa_no_permitida_XHKG|sin_precio_de_referencia,
CROXx,CROX,Crocs xStock,XswuznKVzdZLDHqsPHx9LdgHqjDQa4d1Eb1LRaFTMyf,stock,XNAS,TwentyFourFive,overnight,0,2,,118.19,,False,,,,,,,,no,FAIL,buy100_sin_ruta_market_maker,2026-10-06T06:36:12.904174Z
CRSx,CRS,Carpenter Technology xStock,Xs8FjYWcxTREaUj5hv77f4M2UCreGfP7HegLvqzX56X,stock,XNYS,TwentyFourFive,overnight,0,7,,392.2,,False,,,,,,,,no,FAIL,buy100_sin_ruta_market_maker,2026-10-06T06:54:23.883259Z
CRUSx,CRUS,Cirrus Logic xStock,Xs3ZWbe6L4nUo39psVrSaaDBqq9sZF1EgdzWswyEqka,stock,XNAS,TwentyFourFive,overnight,0,2,,121.35,,False,,,,,,,,no,FAIL,buy100_sin_ruta_market_maker,2026-10-06T06:35:45.849089Z
CRWVx,CRWV,CoreWeave xStock,Xs3trfdPXSZuxBJsgau6HRfu8SdrCirkwHpPNgSpJz9,stock,XNAS,TwentyFourFive,overnight,0,18,85.509480449361,87.7893,-259.7,False,,,,,,,,no,FAIL,buy100_sin_ruta_market_maker,2026-10-06T06:42:14.640428Z
CRx,CR,Crane xStock,XskkJXTNFU8cFstbYCAtxTa18tLkuRFe1AWHQhiBLy7,stock,XNYS,TwentyFourFive,overnight,0,3,,209.61,,False,,,,,,,,no,FAIL,buy100_sin_ruta_market_maker,2026-10-06T06:41:00.286309Z
CSGPx,CSGP,CoStar xStock,XsJH1qPyJgbJiYo2KZXNirCQxC3QqQgYE1iNHY3Ecm2,stock,XNAS,TwentyFourFive,overnight,0,8,,27.55,,False,,,,,,,,no,FAIL,buy100_sin_ruta_market_maker,2026-10-06T06:44:50.906372Z
CSHEEx,1088,China Shenhua Energy xStock,XspgPmoq1m39tGMLmourzxXgGmSLbjfxiytABBwGA2u,stock,XHKG,Regular,market,0,2,,,,,,,,,,,,no,FAIL,subyacente_no_usd|bolsa_no_permitida_XHKG|sin_precio_de_referencia,
CSLx,CSL,Carlisle Companies xStock,XsATdqpeobhFEM71r5MgZe4E5BcHuWk6jSnYnHLYTwS,stock,XNYS,TwentyFourFive,overnight,0,8,,330.98,,False,,,,,,,,no,FAIL,buy100_sin_ruta_market_maker,2026-10-06T06:41:06.045964Z
CSPCx,1093,CSPC Pharmaceutical xStock,Xs5hnQoLHnA2xeHaaxYGkCV2Kp12SwCEeCKBK7BW3gr,stock,XHKG,Regular,market,0,2,,,,,,,,,,,,no,FAIL,subyacente_no_usd|bolsa_no_permitida_XHKG|sin_precio_de_referencia,
CSXx,CSX,CSX xStock,XskJzVZDKvqm999PGat2ifznPVmmDXn4Zi1LZ7Y5CVr,stock,XNAS,TwentyFourFive,overnight,0,7,,47.43,,False,,,,,,,,no,FAIL,buy100_sin_ruta_market_maker,2026-10-06T06:59:10.146426Z
CSx,CSP,AXA xStock,XsPsxxEWjRBX2tbdBNdPt9qxBBvHJvnahzeYPjNeBXL,stock,XPAR,MarketHours,closed,0,3,,14.67,,,,,,,,,,no,FAIL,subyacente_no_usd|bolsa_no_permitida_XPAR,
CTASx,CTAS,Cintas xStock,XszBTLtg8oMmEWsZHbJJwViiB6unNh2ei1e6miArqps,stock,XNAS,TwentyFourFive,overnight,0,8,,195.4,,False,,,,,,,,no,FAIL,buy100_sin_ruta_market_maker,2026-10-06T06:58:10.151717Z
CTEC.GBx,CTECL,ConvaTec xStock,Xsftt2xCow4ZccztK3ai3tV8qjfNvMbiUMYmQUknLNV,stock,XLON,MarketHours,closed,0,3,,,,,,,,,,,,no,FAIL,subyacente_no_usd|bolsa_no_permitida_XLON|sin_precio_de_referencia,
CTFJWx,1929,Chow Tai Fook Jewellery xStock,XsWgkRwEBBWSzUTXX8CU84LpRheciMF8o6ZdSMR3Gny,stock,XHKG,Regular,market,0,2,,,,,,,,,,,,no,FAIL,subyacente_no_usd|bolsa_no_permitida_XHKG|sin_precio_de_referencia,
CTINSx,966,China Taiping Insurance xStock,Xst1K519UWCXvw2nKW6qHWfiUmFA3ybvvYpifzYhTWF,stock,XHKG,Regular,market,0,2,,,,,,,,,,,,no,FAIL,subyacente_no_usd|bolsa_no_permitida_XHKG|sin_precio_de_referencia,
CTPCAx,293,Cathay Pacific Airways xStock,Xs9ZqDkZpNZ62FMdQeAQhz5a9fNQ7hXy2XCWDvEnpKn,stock,XHKG,Regular,market,0,2,,,,,,,,,,,,no,FAIL,subyacente_no_usd|bolsa_no_permitida_XHKG|sin_precio_de_referencia,
CTSHx,CTSH,Cognizant Technology Solutions xStock,XsMNmV7wVizphwXgMtXTVhLDpqmKPdfoYPK3JTXXnYW,stock,XNAS,TwentyFourFive,overnight,0,8,,58.2,,False,,,,,,,,no,FAIL,buy100_sin_ruta_market_maker,2026-10-06T06:52:16.220848Z
CTVAx,CTVA,Corteva xStock,XsJXYLby91CWhGhTXds9oxjoc8EdsLy2iuxmq55U1Y3,stock,XNYS,TwentyFourFive,overnight,0,8,,12.42,,False,,,,,,,,no,FAIL,buy100_sin_ruta_market_maker,2026-10-06T06:56:59.304227Z
CUBEx,CUBE,CubeSmart xStock,XsdRFrSZWbS5bsUrcgDpHCfj5qVx5SbRXTx2iwB1b3h,stock,XNYS,TwentyFourFive,overnight,0,2,,37.19,,False,,,,,,,,no,FAIL,buy100_sin_ruta_market_maker,2026-10-06T06:38:06.587118Z
CURYx,CURYL,Currys xStock,XsmG4XcqGRyjuk6j6mAwT7QeVPom76GbXipBZ5TkirK,stock,XLON,MarketHours,closed,0,3,,146.1,,,,,,,,,,no,FAIL,subyacente_no_usd|bolsa_no_permitida_XLON,
CVNAx,CVNA,Carvana xStock,Xs8YT2AdFmjuG2HFjcvVTpXPwneiKNHMrR49muHY7z9,stock,XNYS,TwentyFourFive,overnight,0,8,,64.0524,,False,,,,,,,,no,FAIL,buy100_sin_ruta_market_maker,2026-10-06T06:44:49.189452Z
CVSx,CVS,CVS Health xStock,XsKWyokwxJfb5aVBfDJYGte4wk2NPMNFo6SivouPeSy,stock,XNYS,TwentyFourFive,overnight,0,7,,87.06,,False,,,,,,,,no,FAIL,buy100_sin_ruta_market_maker,2026-10-06T06:44:16.666987Z
CWENx,CWEN,Clearway Energy xStock,XsrghaUHRttcx5gCB3amjyd4K1HJgYR9mE4VXskeB3n,stock,XNYS,TwentyFourFive,overnight,0,2,,29.52,,False,,,,,,,,no,FAIL,buy100_sin_ruta_market_maker,2026-10-06T06:36:45.489758Z
CWK.GBx,CWKL,Cranswick xStock,XsESJA8L13skRorjkG6pMxKk2cPLthCeXoDsThiLhzc,stock,XLON,MarketHours,closed,0,3,,,,,,,,,,,,no,FAIL,subyacente_no_usd|bolsa_no_permitida_XLON|sin_precio_de_referencia,
CWx,CW,Curtiss-Wright xStock,XsWCYadcnfTLH3W8sBbJZepwotUkfV1qg7QQmzVo8M8,stock,XNYS,TwentyFourFive,overnight,0,7,,540.79,,False,,,,,,,,no,FAIL,buy100_sin_ruta_market_maker,2026-10-06T06:42:19.969915Z
CZRx,CZR,Caesars Entertainment xStock,XsH2Wp6y922aQqAjvM8FFLSzvLqVDHry6dqgvCSFM29,stock,XNAS,TwentyFourFive,overnight,0,2,,29.65,,False,,,,,,,,no,FAIL,buy100_sin_ruta_market_maker,2026-10-06T06:36:10.506080Z
Cx,C,Citigroup xStock,XsM1FstDXh1pA4uNXzvJdAop9SRJnnRdWt2o8A2mLpN,stock,XNYS,TwentyFourFive,overnight,0,7,,128.7,,False,,,,,,,,no,FAIL,buy100_sin_ruta_market_maker,2026-10-06T07:00:35.660195Z
DALx,DAL,Delta Air Lines xStock,XsQVuhV5fBEb3b8TauFuRimcXSJdVrKqFgQTVqLZiq9,stock,XNYS,TwentyFourFive,overnight,0,7,,83.48,,False,,,,,,,,no,FAIL,buy100_sin_ruta_market_maker,2026-10-06T06:57:19.210439Z
DARx,DAR,Darling Ingredients xStock,XsFDH7DAPJ9q2KrU8itMbb4bWWSH5zm3Yu1aoWgjDH5,stock,XNYS,TwentyFourFive,overnight,0,2,,62.7,,False,,,,,,,,no,FAIL,buy100_sin_ruta_market_maker,2026-10-06T06:38:35.209205Z
DASHx,DASH,DoorDash xStock,XsuW1yxtbifjEYojFLmoavTWBT7hsuUXXeReAWK9X91,stock,XNAS,TwentyFourFive,overnight,0,8,,190.7654,,False,,,,,,,,no,FAIL,buy100_sin_ruta_market_maker,2026-10-06T06:46:27.727576Z
DAXx,DAX,Global X DAX Germany xStock,XsKbKZ6e1BtERDn2cF11WkpVwvzSWCrf83AMafgnMQT,etf,XNAS,TwentyFourFive,overnight,0,4,,43.93,,False,,,,,,,,no,FAIL,buy100_sin_ruta_market_maker,2026-10-06T07:00:57.075875Z
DB1x,DB1D,Deutsche Boerse xStock,XswCrDp1WgEuNg6RmNsv3U3anukLKnbXxgiWn5pPAwz,stock,XETR,MarketHours,closed,0,3,,289.7,,,,,,,,,,no,FAIL,subyacente_no_usd|bolsa_no_permitida_XETR,
DBKx,DBKD,Deutsche Bank xStock,XsJtYDk8eG2qf3ATqYypkA1PM58KR9m4bXfZSx7eyAm,stock,XETR,MarketHours,closed,0,3,,31.28,,,,,,,,,,no,FAIL,subyacente_no_usd|bolsa_no_permitida_XETR,
DBXx,DBX,Dropbox xStock,XsvL76J7hHiDTihktuhLNdLXNVhZkba7VvRNfCUMfT7,stock,XNAS,TwentyFourFive,overnight,0,2,,34.37,,False,,,,,,,,no,FAIL,buy100_sin_ruta_market_maker,2026-10-06T06:36:27.645060Z
DCIx,DCI,Donaldson xStock,Xs1n717k7fpA1edvo1xndLzPGYnkF81MPFsW3CC8jiZ,stock,XNYS,TwentyFourFive,overnight,0,3,,89.19,,False,,,,,,,,no,FAIL,buy100_sin_ruta_market_maker,2026-10-06T06:39:47.742959Z
DDOGx,DDOG,Datadog xStock,XsQJQHNMLiZCBHgJfq2yK95BFraouUdSspv1aD8jCgQ,stock,XNAS,TwentyFourFive,overnight,0,8,,276.3875,,False,,,,,,,,no,FAIL,buy100_sin_ruta_market_maker,2026-10-06T06:41:20.592209Z
DDSx,DDS,Dillard's xStock,XsUqoLRQuF1kmMpXbyWmTqC5jQ8uuQLoqLCzw3qUSxr,stock,XNYS,TwentyFourFive,overnight,0,2,,683.7206,,False,,,,,,,,no,FAIL,buy100_sin_ruta_market_maker,2026-10-06T06:38:18.448292Z
DECKx,DECK,Deckers Outdoor xStock,XsbahiFKw3f3pgsAwREvQZAdERbV1NGUjWnkzUaBz91,stock,XNYS,TwentyFourFive,overnight,0,8,,80.34,,False,,,,,,,,no,FAIL,buy100_sin_ruta_market_maker,2026-10-06T06:40:52.411823Z
DELLx,DELL,Dell Technologies Inc. xStock,Xsu7Tc5J2fVUE4H5vYAiSr34cvLJeCsYPMjAYnayQn6,stock,XNYS,TwentyFourFive,overnight,0,33,697.5859141894313,553.0088,2614.4,False,,,,,,,,no,FAIL,desvio_precio_jupiter_vs_referencia|buy100_sin_ruta_market_maker,2026-10-06T07:02:05.167371Z
DEx,DE,Deere xStock,Xsh3Lt6pLpH65udstiFuZThJ6gyQTL6ryVXtNwEy5zd,stock,XNYS,TwentyFourFive,overnight,0,9,,682.2,,False,,,,,,,,no,FAIL,buy100_sin_ruta_market_maker,2026-10-06T06:59:52.823958Z
DG.FRx,DGP,Vinci xStock,Xs1wXKkamrcVCAhf3V9nej43Ew278Szc55zKUxJHYvN,stock,XPAR,MarketHours,closed,0,3,,,,,,,,,,,,no,FAIL,subyacente_no_usd|bolsa_no_permitida_XPAR|sin_precio_de_referencia,
DGEx,DGEL,Diageo xStock,Xskk9MXXX59dgwbj8hSZZUCc6RCyVVE2jLk7AsAQhyw,stock,XLON,MarketHours,closed,0,3,,1425.1,,,,,,,,,,no,FAIL,subyacente_no_usd|bolsa_no_permitida_XLON,
DGXx,DGX,Quest Diagnostics xStock,XsFyCPFNa7os3PvzuYQJcpws9WQS6bci2W8zqesHwPN,stock,XNYS,TwentyFourFive,overnight,0,7,,230.38,,False,,,,,,,,no,FAIL,buy100_sin_ruta_market_maker,2026-10-06T06:41:25.267253Z
DGx,DG,Dollar General xStock,Xsuex5gGigmPKMs6hsYpHbcg8HwBbBdWkGKub9MQbea,stock,XNYS,TwentyFourFive,overnight,0,7,,119.32,,False,,,,,,,,no,FAIL,buy100_sin_ruta_market_maker,2026-10-06T06:41:33.607056Z
DHIx,DHI,D.R. Horton xStock,XsiNAvTHpvygKjMqb8Hz5Nqeo8NTAsWzT6DYLH287FA,stock,XNYS,TwentyFourFive,overnight,0,7,,133.23,,False,,,,,,,,no,FAIL,buy100_sin_ruta_market_maker,2026-10-06T06:42:24.684089Z
DHLx,DHLD,Deutsche Post xStock,XsxaG2ebJjFE9iJgZX6oLUnk6pbVs1fbDgKbDmunVE4,stock,XETR,MarketHours,closed,0,3,,55.92,,,,,,,,,,no,FAIL,subyacente_no_usd|bolsa_no_permitida_XETR,
DINOx,DINO,HF Sinclair xStock,XsVuEGU83SBvgQiuynK2qtinyPVyKukoTCACdJg2767,stock,XNYS,TwentyFourFive,overnight,0,3,,116,,False,,,,,,,,no,FAIL,buy100_sin_ruta_market_maker,2026-10-06T06:41:41.953495Z
DISx,DIS,The Walt Disney xStock,Xsg93jDV656ULQ5u9yT2x5DS9b4xGD8aDCtfESSW6Bb,stock,XNYS,TwentyFourFive,overnight,0,7,,103.5942,,False,,,,,,,,no,FAIL,buy100_sin_ruta_market_maker,2026-10-06T07:00:06.707342Z
DJTx,DJT,Trump Media & Technology Group xStock,XscR1RVZydyrL6Wn7WqbW2k6EmkLuS8SqDzuyptwxoj,stock,XNAS,TwentyFourFive,overnight,0,3,,8.6585,,False,,,,,,,,no,FAIL,buy100_sin_ruta_market_maker,2026-10-06T06:40:20.302274Z
DKNGx,DKNG,DraftKings xStock,XscCMVe1Qu2rk1YoCDJGwMLZkfVnd69xcPER4DJ8tpB,stock,XNAS,TwentyFourFive,overnight,0,11,,19.66,,False,,,,,,,,no,FAIL,buy100_sin_ruta_market_maker,2026-10-06T06:44:27.685500Z
DKSx,DKS,Dick's Sporting Goods xStock,Xs9aEtZqQDzTtb1PLVJ2W2d6NGJSSaJepTsQ2CZAjhn,stock,XNYS,TwentyFourFive,overnight,0,8,,137.44,,False,,,,,,,,no,FAIL,buy100_sin_ruta_market_maker,2026-10-06T06:44:16.786109Z
DLBx,DLB,Dolby Laboratories xStock,XsxCjnJxHdpDYZVQBz9GtgbkMrLFA8S2Pn1eR3hMxxj,stock,XNYS,TwentyFourFive,overnight,0,2,,59.36,,False,,,,,,,,no,FAIL,buy100_sin_ruta_market_maker,2026-10-06T06:35:53.173911Z
DLRx,DLR,Digital Realty Trust xStock,Xstp4CYu1181rhhi7w32Lj6wQZ2VDjFhQNKZwZARk5G,etf,XNYS,TwentyFourFive,overnight,0,7,,179.87,,False,,,,,,,,no,FAIL,buy100_sin_ruta_market_maker,2026-10-06T06:58:06.498823Z
DLTRx,DLTR,Dollar Tree xStock,XsPWGRNQF1Thif9qaadTNtF8xfHTb8sjvw1NC46hkED,stock,XNAS,TwentyFourFive,overnight,0,7,,113.19,,False,,,,,,,,no,FAIL,buy100_sin_ruta_market_maker,2026-10-06T06:53:53.322124Z
DOCNx,DOCN,DigitalOcean xStock,XsKJGRCayh5LQ6bsET8ZVip8BaRZbWmj9fjSnCcy9P6,stock,XNYS,TwentyFourFive,overnight,0,3,,137.5,,False,,,,,,,,no,FAIL,buy100_sin_ruta_market_maker,2026-10-06T06:40:11.366023Z
DOCUx,DOCU,Docusign xStock,XszH3SckdYS1Kbyj9wcmjttt9Lp8jMgU39rGL8b9Wcp,stock,XNAS,TwentyFourFive,overnight,0,2,,69.8,,False,,,,,,,,no,FAIL,buy100_sin_ruta_market_maker,2026-10-06T06:40:47.678458Z
DOCx,DOC,Healthpeak Properties xStock,XsgtMhyQgTevrWQNyLpHxwQeRAeaxQEtoiV1pNyxmfy,stock,XNYS,TwentyFourFive,overnight,0,8,,18.88,,False,,,,,,,,no,FAIL,buy100_sin_ruta_market_maker,2026-10-06T06:44:06.282123Z
DOVx,DOV,Dover xStock,XsXG3ytqNM8wMwxbZnbZjY3wFua4nU58ZR6Lwr5wSDp,stock,XNYS,TwentyFourFive,overnight,0,7,,191.3,,False,,,,,,,,no,FAIL,buy100_sin_ruta_market_maker,2026-10-06T06:42:12.549775Z
DOWx,DOW,Dow xStock,XsKWMeTN8wmhrkoWKy6tXAj6476Guj8zonzQu7jivqP,stock,XNYS,TwentyFourFive,overnight,0,7,,28.45,,False,,,,,,,,no,FAIL,buy100_sin_ruta_market_maker,2026-10-06T06:41:44.014356Z
DPLMx,DPLML,Diploma xStock,XsF4YQ8jUR5rRPoGdwSCEmJ9xrfJ2vorWoMxyzFCJp2,stock,XLON,MarketHours,closed,0,3,,7760.43,,,,,,,,,,no,FAIL,subyacente_no_usd|bolsa_no_permitida_XLON,
DPZx,DPZ,Domino's Pizza xStock,Xs6z8AmfhiHTGmfdcX6hG7hho5P7xnbE21ChtJ94oVj,stock,XNAS,TwentyFourFive,overnight,0,2,,297.27,,False,,,,,,,,no,FAIL,buy100_sin_ruta_market_maker,2026-10-06T06:40:11.866844Z
DRAMx,DRAM,Storage ETF (Roundhill) xStock,XsESMQjWyDczCfiJ3QDjZEiaKwp1uXYp3TMZ6viuLcm,etf,BATS,TwentyFourFive,overnight,0,5,,61.67,,False,,,,,,,,no,FAIL,buy100_sin_ruta_market_maker,2026-10-06T06:42:13.535381Z
DRIx,DRI,Darden Restaurants xStock,XsTNaRrDQtFJi56TAQbmk6tHzWQvihWGoafKSJzbJdY,stock,XNYS,TwentyFourFive,overnight,0,7,,199.72,,False,,,,,,,,no,FAIL,buy100_sin_ruta_market_maker,2026-10-06T06:46:05.968590Z
DRSx,DRS,Leonardo DRS xStock,Xsf3NfLggzL9WXy4yaxJB3866ehq7y7sQxohwAkNiEu,stock,XNAS,TwentyFourFive,overnight,0,3,,36.6,,False,,,,,,,,no,FAIL,buy100_sin_ruta_market_maker,2026-10-06T06:39:17.413975Z
DRXx,DRXL,Drax xStock,XsTf4WyqGhigiQC8mg3RHresyrwT5M9hmWKnvrnZ7wm,stock,XLON,MarketHours,closed,0,3,,809,,,,,,,,,,no,FAIL,subyacente_no_usd|bolsa_no_permitida_XLON,
DSY.FRx,DSYP,Dassault Systemes xStock,XsZcamAGFscRJ7K3R4DVm3gZ3u2HwTJCiqWuCPJ7i43,stock,XPAR,MarketHours,closed,0,3,,,,,,,,,,,,no,FAIL,subyacente_no_usd|bolsa_no_permitida_XPAR|sin_precio_de_referencia,
DTE.DEx,DTED,Deutsche Telekom xStock,Xs1tsA9oB9dMu1H2qXcL21ejvRQ7r2rCe1a4NdMY4SH,stock,XETR,MarketHours,closed,0,3,,,,,,,,,,,,no,FAIL,subyacente_no_usd|bolsa_no_permitida_XETR|sin_precio_de_referencia,
DTEx,DTE,DTE Energy xStock,XsVK4gk4X1ANBSKF9DGjy9WseKhBfMUuEmP8v7J8u2G,stock,XNYS,TwentyFourFive,overnight,0,8,,125.04,,False,,,,,,,,no,FAIL,buy100_sin_ruta_market_maker,2026-10-06T06:55:29.928042Z
DTG.DEx,DTGD,Daimler Truck xStock,XsGkGQJY428VKyC3keq8uScFhpNfGAuqf4nhnUSweaz,stock,XETR,MarketHours,closed,0,3,,,,,,,,,,,,no,FAIL,subyacente_no_usd|bolsa_no_permitida_XETR|sin_precio_de_referencia,
DTx,DT,Dynatrace xStock,Xs8Jb7S3qqWbgkRGvwKmT62MD7gt1qYU7oUaR9oDC11,stock,XNYS,TwentyFourFive,overnight,0,8,,60.21,,False,,,,,,,,no,FAIL,buy100_sin_ruta_market_maker,2026-10-06T06:40:37.430423Z
DUKx,DUK,Duke Energy xStock,XswU7kXY6dGgMqpiWW2jKSYVZMsCWv5LKcLaFBgYzPv,stock,XNYS,TwentyFourFive,overnight,0,7,,113.86,,False,,,,,,,,no,FAIL,buy100_sin_ruta_market_maker,2026-10-06T06:59:39.994374Z
DVAx,DVA,DaVita xStock,XsS3GWSysqkDJZYFSuMDFZ2ELSjQAWwMH28vxLThnb4,stock,XNYS,TwentyFourFive,overnight,0,2,,178.72,,False,,,,,,,,no,FAIL,buy100_sin_ruta_market_maker,2026-10-06T06:39:25.010670Z
DVNx,DVN,Devon Energy xStock,Xs8WNVWbYNsHsqEu9WTb9AazMfG7wFxFat11V6mVK1x,stock,XNYS,TwentyFourFive,overnight,0,7,,48.1501,,False,,,,,,,,no,FAIL,buy100_sin_ruta_market_maker,2026-10-06T06:57:31.146587Z
DXCMx,DXCM,DexCom xStock,Xsspestq9YiZofYG2pvuHgYM1aKdRNocveBodzrGjbg,stock,XNAS,TwentyFourFive,overnight,0,7,,86.9,,False,,,,,,,,no,FAIL,buy100_sin_ruta_market_maker,2026-10-06T06:54:36.324060Z
DYx,DY,Dycom Industries xStock,XsHsqDrvsU85aJXNNmPBkxU4STbELJUeTV7zT4cJQD5,stock,XNYS,TwentyFourFive,overnight,0,3,,275.06,,False,,,,,,,,no,FAIL,buy100_sin_ruta_market_maker,2026-10-06T06:39:49.902598Z
Dx,D,Dominion Energy xStock,XsiYzgRPqPjAaJjpDMo2CaQ7c9khuCwD7Hj1po2dxSj,stock,XNYS,TwentyFourFive,overnight,0,7,,61.25,,False,,,,,,,,no,FAIL,buy100_sin_ruta_market_maker,2026-10-06T06:57:43.632073Z
EBS.ATx,EBSV,Erste Group Bank xStock,XsqDAfKb9ayWsqgLXL7jJWq9ghWmD58JjJARQZ5ujgr,stock,XWBO,MarketHours,closed,0,3,,,,,,,,,,,,no,FAIL,subyacente_no_usd|bolsa_no_permitida_XWBO|sin_precio_de_referencia,
ECGx,ECG,Everus Construction xStock,XskTVxSdQAqbLssgRfnpueuqW7kUwjZKeZiBkm55xoy,stock,XNYS,TwentyFourFive,overnight,0,2,,126.17,,False,,,,,,,,no,FAIL,buy100_sin_ruta_market_maker,2026-10-06T06:36:30.427255Z
ECLx,ECL,Ecolab xStock,XsPPAW5wuUa1ALN1NstEkUAajbwycXTRxtWoLfFriy4,stock,XNYS,TwentyFourFive,overnight,0,7,,277.07,,False,,,,,,,,no,FAIL,buy100_sin_ruta_market_maker,2026-10-06T06:58:34.952395Z
EDPx,EDPU,EDP-Energias De Portugal xStock,XsixUHqqDoX4mrfFTt7rB96xmbfC9T28WfpnJDkwEK5,stock,XLIS,MarketHours,closed,0,3,,4.78,,,,,,,,,,no,FAIL,subyacente_no_usd|bolsa_no_permitida_XLIS,
EDV.GBx,EDVL,Endeavour Mining xStock,Xs3qTSWcLp9WP4BH8ihLcFsRLzv8CRw2tWHymhEfyTx,stock,XLON,MarketHours,closed,0,3,,,,,,,,,,,,no,FAIL,subyacente_no_usd|bolsa_no_permitida_XLON|sin_precio_de_referencia,
EDx,ED,Consolidated Edison xStock,XsESyqE7kRmE1RVQDmo4aiMGMXogeY1Sdo8FQKwAmco,stock,XNYS,TwentyFourFive,overnight,0,7,,103.38,,False,,,,,,,,no,FAIL,buy100_sin_ruta_market_maker,2026-10-06T06:55:39.886964Z
EFXx,EFX,Equifax xStock,Xs3dfAaDSQMVrDcEVbxypK4UeXhCbDBK2AgAWCHwqmq,stock,XNYS,TwentyFourFive,overnight,0,7,,142.6,,False,,,,,,,,no,FAIL,buy100_sin_ruta_market_maker,2026-10-06T06:53:32.127565Z
EGPx,EGP,EastGroup Properties xStock,XsuAyd21vBFvAJfpzYQgmTi3A9Qwb6feHmNVsU6Z5vM,stock,XNYS,TwentyFourFive,overnight,0,3,,195.84,,False,,,,,,,,no,FAIL,buy100_sin_ruta_market_maker,2026-10-06T06:40:03.048896Z
EGx,EG,Everest xStock,XsvYonMjAxFXYW6PKBz9jFEuvX6xAhm9BifzxgLzurb,stock,XNYS,TwentyFourFive,overnight,0,8,,366.81,,True,811.9,rfq/JupiterZ,,,,,,no,FAIL,buy100_costo_alto,2026-10-06T06:42:48.990813Z
EHCx,EHC,Encompass Health xStock,XsM3qqkARr8UMejnZUU3gBs7hz2fUdxDP35Dhxx9z94,stock,XNYS,TwentyFourFive,overnight,0,2,,120.97,,False,,,,,,,,no,FAIL,buy100_sin_ruta_market_maker,2026-10-06T06:40:38.977836Z
EIXx,EIX,Edison International xStock,Xsm4TwT5UtCCjkcrj2eMZDPNCTdBeJacMmRCrxoXpZ8,stock,XNYS,TwentyFourFive,overnight,0,7,,54.2225,,False,,,,,,,,no,FAIL,buy100_sin_ruta_market_maker,2026-10-06T06:54:22.199763Z
EL.FRx,ELP,Essilorluxottica xStock,Xsx8oMRhZrWSjPYLfwzYD7Y2JGZSNZkYnQdD7hqW3cr,stock,XPAR,MarketHours,closed,0,3,,,,,,,,,,,,no,FAIL,subyacente_no_usd|bolsa_no_permitida_XPAR|sin_precio_de_referencia,
ELANx,ELAN,Elanco Animal Health xStock,XsKLqYX4dXLxZhM7bXyNsQdf5P1wFAuwLYaSPqt3j1q,stock,XNYS,TwentyFourFive,overnight,0,8,,22.51,,False,,,,,,,,no,FAIL,buy100_sin_ruta_market_maker,2026-10-06T06:42:38.279447Z
ELE.ESx,ELEE,"Endesa, S.A. xStock",Xs9a4pqLkmAw8yw1qJ6Pti61v7vnZbJ7wH14FYAvNrU,stock,XMAD,MarketHours,closed,0,3,,,,,,,,,,,,no,FAIL,subyacente_no_usd|bolsa_no_permitida_XMAD|sin_precio_de_referencia,
ELFx,ELF,e.l.f. Beauty xStock,XsJcqhpVRGtL7EbFdLKv8q6AgYRqutoHwK126Dk9psS,stock,XNYS,TwentyFourFive,overnight,0,2,,103.9911,,False,,,,,,,,no,FAIL,buy100_sin_ruta_market_maker,2026-10-06T06:35:46.744590Z
ELSx,ELS,Equity Lifestyle Properties xStock,XsMPKfVuLeJ4mSahPcSgVGHEVGt41QU41CfgfvRzvBG,stock,XNYS,TwentyFourFive,overnight,0,8,,58.49,,False,,,,,,,,no,FAIL,buy100_sin_ruta_market_maker,2026-10-06T06:43:20.763201Z
ELVx,ELV,Elevance Health xStock,XsJbC4TFupSLpxNwsfq9o1BB5tdTT7eZ3YNerVvE49H,stock,XNYS,TwentyFourFive,overnight,0,9,395.7471962230764,394.51,31.4,False,,,,,,,,no,FAIL,buy100_sin_ruta_market_maker,2026-10-06T06:59:08.518363Z
ELx,EL,The Estee Lauder Companies xStock,XsTisPuTVM8VVHagEyeGR7CBt6TUD93AEhptETHWMsd,stock,XNYS,TwentyFourFive,overnight,0,8,,93.3,,False,,,,,,,,no,FAIL,buy100_sin_ruta_market_maker,2026-10-06T06:45:21.572502Z
EMEx,EME,EMCOR xStock,XsHsi7FvQo4T7AkmtyszYkhNdKDCVgrJFS7CWGeaeM8,stock,XNYS,TwentyFourFive,overnight,0,7,,779.2,,False,,,,,,,,no,FAIL,buy100_sin_ruta_market_maker,2026-10-06T06:55:14.354673Z
EMGx,EMGL,Man xStock,XshcRvneh6GUWeFNREY6bKRGHZvPK7C44TQyykaoaTf,stock,XLON,MarketHours,closed,0,3,,321.4,,,,,,,,,,no,FAIL,subyacente_no_usd|bolsa_no_permitida_XLON,
EMNx,EMN,Eastman Chemical xStock,XsZv8AqbYCeK1Di8aetMUjhZgNUu4JxSRqeqn3M3UMQ,stock,XNYS,TwentyFourFive,overnight,0,2,,64.94,,False,,,,,,,,no,FAIL,buy100_sin_ruta_market_maker,2026-10-06T06:37:17.938101Z
EMRx,EMR,Emerson Electric xStock,Xskqq9tKh2gc1PBJHf2q6jMgBpt3AojT3HVkWhjoY5h,stock,XNYS,TwentyFourFive,overnight,0,7,,162.33,,False,,,,,,,,no,FAIL,buy100_sin_ruta_market_maker,2026-10-06T06:59:07.398174Z
ENELx,ENELM,Enel xStock,Xs9JAHryA5XqRdFun661HpisAte6o2pLD9NHGXrCzbP,stock,MTAA,MarketHours,closed,0,3,,910.07,,,,,,,,,,no,FAIL,subyacente_no_usd|bolsa_no_permitida_MTAA,
ENGIx,ENGIP,Engie xStock,XsAoaKGj4moP8NEy5TLaAx6xGkDeotR88NKs2MJhEhj,stock,XPAR,MarketHours,closed,0,3,,22.87,,,,,,,,,,no,FAIL,subyacente_no_usd|bolsa_no_permitida_XPAR,
ENHAx,ENHA,Enhanced Group xStock,XsGAnis8BY5TLxEGdPY1LeeqY1DHPcUkkBQWRyQaJya,stock,XNYS,TwentyFourFive,overnight,0,8,1.656019550538071,1.45,1420.8,False,,,,,,,,no,FAIL,desvio_precio_jupiter_vs_referencia|buy100_sin_ruta_market_maker,2026-10-06T06:44:27.159450Z
ENIx,ENIM,Eni xStock,XsfLFzBuLUxzfFVZ3p5XAnfskhZSj1V8rVqfguotJ8w,stock,MTAA,MarketHours,closed,0,2,,24.41,,,,,,,,,,no,FAIL,subyacente_no_usd|bolsa_no_permitida_MTAA,
ENNHLx,2688,ENN Energy xStock,XsfTYmMC73C6xJsc5k92ZWBdQtEtmnRsVtkN9s5RPQZ,stock,XHKG,Regular,market,0,2,,,,,,,,,,,,no,FAIL,subyacente_no_usd|bolsa_no_permitida_XHKG|sin_precio_de_referencia,
ENR.DEx,ENRD,Siemens Energy xStock,XsBhqaPj2vtFEo6QRRTZLdSK7eQNwpir9MMwGYugebL,stock,XETR,MarketHours,closed,0,3,,,,,,,,,,,,no,FAIL,subyacente_no_usd|bolsa_no_permitida_XETR|sin_precio_de_referencia,
ENSGx,ENSG,Ensign xStock,Xsw6qFK7h7pQVrw7jEpGms675Kc5iAhJnfP719iKora,stock,XNAS,TwentyFourFive,overnight,0,2,,172.89,,False,,,,,,,,no,FAIL,buy100_sin_ruta_market_maker,2026-10-06T06:38:33.966079Z
ENTGx,ENTG,Entegris xStock,XsD6kFBZCYumf4awQ9tgFFh8m2HGJBtTFdLYt7HcwRr,stock,XNAS,TwentyFourFive,overnight,0,7,,167,,False,,,,,,,,no,FAIL,buy100_sin_ruta_market_maker,2026-10-06T06:54:09.304889Z
ENTx,ENTL,Entain xStock,XsSZgwA3SCj5n6TEtkpfUweKXUuZWFgAJtn7SmkBBMV,stock,XLON,MarketHours,closed,0,3,,426.3,,,,,,,,,,no,FAIL,subyacente_no_usd|bolsa_no_permitida_XLON,
ENx,ENP,Bouygues xStock,XsJeQnnpJMhVYy1jYdpWHiypozekUWxcJBPo7dpNhWS,stock,XPAR,MarketHours,closed,0,2,,981.59,,,,,,,,,,no,FAIL,subyacente_no_usd|bolsa_no_permitida_XPAR,
EOANx,EOAND,E.ON xStock,Xst5eEMX3MBuph8Sn5y7YhDiU6LxHmp5hE2E7rf3azn,stock,XETR,MarketHours,closed,0,3,,380.5,,,,,,,,,,no,FAIL,subyacente_no_usd|bolsa_no_permitida_XETR,
EOGx,EOG,EOG Resources xStock,XsfBx5h3LBhypgy7goD4i8nAfLU8ZZ5QBSQUtASRVox,stock,XNYS,TwentyFourFive,overnight,0,7,,144.08,,False,,,,,,,,no,FAIL,buy100_sin_ruta_market_maker,2026-10-06T06:57:50.374117Z
EPAMx,EPAM,EPAM Systems xStock,Xs4q7KSys674dRgCRCX1ttBKEGTobCKRSiFq95KuxS4,stock,XNYS,TwentyFourFive,overnight,0,2,,109.95,,False,,,,,,,,no,FAIL,buy100_sin_ruta_market_maker,2026-10-06T06:35:27.972604Z
EQHx,EQH,Equitable xStock,Xsf8f6sqb9p6JK9oR8UHXk7CmFDvofc1nxeink7AoGA,stock,XNYS,TwentyFourFive,overnight,0,8,,54,,False,,,,,,,,no,FAIL,buy100_sin_ruta_market_maker,2026-10-06T06:44:34.781515Z
EQIXx,EQIX,Equinix xStock,XsBo6pg8N9kk7YnL69NnBBSZBWDkF1gHWjTAXpYuAVo,stock,XNAS,TwentyFourFive,overnight,0,7,,1023.44,,False,,,,,,,,no,FAIL,buy100_sin_ruta_market_maker,2026-10-06T06:59:36.708330Z
EQTx,EQT,EQT xStock,XsvS1ZY358vAjNJ7s3fz13s64ZqYF36rgUDR8yVJkuA,stock,XNYS,TwentyFourFive,overnight,0,7,,51.36,,False,,,,,,,,no,FAIL,buy100_sin_ruta_market_maker,2026-10-06T06:42:05.125183Z
ESIx,ESI,Element Solutions xStock,XsC1G5XmzrxsAPwY1ScoJfggRmVJL6buaCsJtCHijDK,stock,XNYS,TwentyFourFive,overnight,0,2,,37.54,,False,,,,,,,,no,FAIL,buy100_sin_ruta_market_maker,2026-10-06T06:37:10.268929Z
ESSx,ESS,Essex Property Trust xStock,XsZsYW1U5exCzHqwsxwjTDABR2SW9MzKccXSkAgx47N,etf,XNYS,TwentyFourFive,overnight,0,7,,271.93,,False,,,,,,,,no,FAIL,buy100_sin_ruta_market_maker,2026-10-06T06:41:34.787762Z
ESx,ES,Eversource Energy xStock,XsgPX8MYf23yPRv9DrT5ofHn4mThBZgkhboLHz5uSx7,stock,XNYS,TwentyFourFive,overnight,0,7,,64.21,,False,,,,,,,,no,FAIL,buy100_sin_ruta_market_maker,2026-10-06T06:46:59.827241Z
ETNx,ETN,Eaton Corporation plc xStock,Xs8S5L4HkJpeBWF1J4oyUX6rVwGHmG7GZ7PiChPt7nY,stock,XNYS,TwentyFourFive,overnight,0,7,,432.6,,False,,,,,,,,no,FAIL,buy100_sin_ruta_market_maker,2026-10-06T07:02:02.503680Z
ETRx,ETR,Entergy xStock,XssZsJPrzg7n9Sc1stfPcB4vygcVeMfz5uZK2gPwNdv,stock,XNYS,TwentyFourFive,overnight,0,7,,100.82,,False,,,,,,,,no,FAIL,buy100_sin_ruta_market_maker,2026-10-06T06:56:48.145450Z
ETSYx,ETSY,Etsy xStock,XsXarMSoXHF1zMcWM6e37h1S1JezEHizbn7XwNcM7Zh,stock,XNYS,TwentyFourFive,overnight,0,2,,70.89,,False,,,,,,,,no,FAIL,buy100_sin_ruta_market_maker,2026-10-06T06:36:55.567807Z
EVRGx,EVRG,Evergy xStock,XswxMcsrN9WpDhX7wDf53ZFGWNhcWYKSa6UY26AgpET,stock,XNAS,TwentyFourFive,overnight,0,7,,79.09,,False,,,,,,,,no,FAIL,buy100_sin_ruta_market_maker,2026-10-06T06:52:43.009139Z
EVRx,EVR,Evercore xStock,XsmTgboNTsssYV1VZrS4u1YMkcNWTKVMzUjghkXa3RF,stock,XNYS,TwentyFourFive,overnight,0,8,,265.35,,False,,,,,,,,no,FAIL,buy100_sin_ruta_market_maker,2026-10-06T06:45:12.658941Z
EWBCx,EWBC,East West Bancorp xStock,XsitAUXgChdnHHVx2qa1Fhw6xe5ZPog1XrEGg4Pp5XW,stock,XNAS,TwentyFourFive,overnight,0,7,,126.84,,False,,,,,,,,no,FAIL,buy100_sin_ruta_market_maker,2026-10-06T06:41:38.110019Z
EWGx,EWG,iShares MSCI Germany xStock,XsM51PKxDNQBZR65VRxRjNqcMWUBoYwHeVn2FR6WXi9,etf,ARCX,TwentyFourFive,overnight,0,6,,41.25,,False,,,,,,,,no,FAIL,buy100_sin_ruta_market_maker,2026-10-06T07:01:06.848231Z
EWJx,EWJ,iShares MSCI Japan ETF xStock,XsaXKP7GaPDA3bLwtuFoZ2oGsaukfeS1v2U1xUeqwrp,etf,,TwentyFourFive,overnight,0,3,,99.3,,,,,,,,,,no,FAIL,bolsa_no_informada,
EWQx,EWQ,iShares MSCI France xStock,Xs1neEMHNaDDSHqE9nvDGkmuX73ZASKcLtQqwmVAQde,etf,ARCX,TwentyFourFive,overnight,0,7,,41.79,,False,,,,,,,,no,FAIL,buy100_sin_ruta_market_maker,2026-10-06T07:01:08.183808Z
EWTx,EWT,iShares MSCI Taiwan ETF xStock,XsM8hCeX916xAiVLCeFwxmVpTNYq14rjM8h8Ha2UiTe,etf,,TwentyFourFive,overnight,0,3,,118,,,,,,,,,,no,FAIL,bolsa_no_informada,
EWUx,EWU,iShares MSCI United Kingdom xStock,XsbWCMXPzLdZMLpPtiiWE7M99fySmsnK5eFCWGWfDQ8,etf,ARCX,TwentyFourFive,overnight,0,6,,46.19,,False,,,,,,,,no,FAIL,buy100_sin_ruta_market_maker,2026-10-06T06:44:28.899168Z
EWYx,EWY,iShares MSCI South Korea xStock,XswenHXJtDWYMh89uRYx2tZcABxwXSn7j3jidDPS1Yo,etf,ARCX,TwentyFourFive,overnight,0,16,,191.46,,False,,,,,,,,no,FAIL,buy100_sin_ruta_market_maker,2026-10-06T07:00:48.692424Z
EWZx,EWZ,iShares MSCI Brazil ETF xStock,XsvsSHRUz5dAmUGH9jvVnkEZRcLkgo7uJf1VWhSuVLk,etf,,TwentyFourFive,overnight,0,3,,42.98,,,,,,,,,,no,FAIL,bolsa_no_informada,
EWx,EW,Edwards Lifesciences xStock,XsSfT8eYeR2NqYFwCNLRNfDARHUTXvLeSnGbw2UKqrA,stock,XNYS,TwentyFourFive,overnight,0,8,,87.23,,False,,,,,,,,no,FAIL,buy100_sin_ruta_market_maker,2026-10-06T06:57:16.222511Z
EXCx,EXC,Exelon xStock,XswJRi3vQhng81dGRXnaUjpyCzM89pwvYyHveT2xzEB,stock,XNAS,TwentyFourFive,overnight,0,7,,40.82,,False,,,,,,,,no,FAIL,buy100_sin_ruta_market_maker,2026-10-06T06:42:15.499323Z
EXELx,EXEL,Exelixis xStock,XsAPSDzHwPr2UX83cY4KCHSdyvfighyeTPLaPXq1m3o,stock,XNAS,TwentyFourFive,overnight,0,8,,59.0949,,False,,,,,,,,no,FAIL,buy100_sin_ruta_market_maker,2026-10-06T06:44:05.873194Z
EXEx,EXE,Expand Energy xStock,XsodbeGRpfyAzq1MMqZu7u1vCYNKNDuYrCtofaT1PJK,stock,XNAS,TwentyFourFive,overnight,0,7,,86.43,,False,,,,,,,,no,FAIL,buy100_sin_ruta_market_maker,2026-10-06T06:41:36.394025Z
EXLSx,EXLS,ExlService xStock,XsdLo91ag9cwQQSmqjXhx6dyRvNsdum5wVpDq7jNm2L,stock,XNAS,TwentyFourFive,overnight,0,2,,35.92,,False,,,,,,,,no,FAIL,buy100_sin_ruta_market_maker,2026-10-06T06:35:44.270936Z
EXPDx,EXPD,Expeditors International of Washington xStock,XsJB61YjcXkEf114fDGMMnWhhFf8a1x12Z6hARUUeAM,stock,XNYS,TwentyFourFive,overnight,0,7,,194.12,,False,,,,,,,,no,FAIL,buy100_sin_ruta_market_maker,2026-10-06T06:47:01.916781Z
EXPNx,EXPNL,Experian xStock,XscBXwj1Xq7g5ayDwJCFUGF3UDxxsVVCnZuwpxMxSQ6,stock,XLON,MarketHours,closed,0,3,,25.5315,,,,,,,,,,no,FAIL,subyacente_no_usd|bolsa_no_permitida_XLON,
EXPx,EXP,Eagle Materials xStock,XsGUXmg1urKUGms6jy5eNWQ6ffzx4ipWBd63fDPHBj9,stock,XNYS,TwentyFourFive,overnight,0,2,,169.82,,False,,,,,,,,no,FAIL,buy100_sin_ruta_market_maker,2026-10-06T06:35:35.453985Z
EXRx,EXR,Extra Space Storage xStock,XseFccApcVhrqASiXFM97ZkX7a2uDWbUWjC4T82LgAT,stock,XNYS,TwentyFourFive,overnight,0,7,,132.91,,False,,,,,,,,no,FAIL,buy100_sin_ruta_market_maker,2026-10-06T06:42:17.199341Z
FAAAx,FAAA,Fidelity AAA CLO xStock,Xs8rb8QG9mEuQ41g2cUzuJLZt3xEPQFhvgb9s4obXSn,stock,XNAS,MarketHours,overnight,0,5,,50.255,,False,,,,,,,,no,FAIL,buy100_sin_ruta_market_maker,2026-10-06T07:01:37.082114Z
FAFx,FAF,First American Financial xStock,XsB3S1PMhuhucSmzQgovuaUapTLF4Jo2L9tfqaNv5dM,stock,XNYS,TwentyFourFive,overnight,0,2,,61.97,,False,,,,,,,,no,FAIL,buy100_sin_ruta_market_maker,2026-10-06T06:36:57.930140Z
FANGx,FANG,Diamondback Energy xStock,XsdLjeamzdsWW5aBhsGVAaQFcZtCL6yF9nhtWfszGT3,stock,XNAS,TwentyFourFive,overnight,0,10,193.2971677119188,184.1,499.6,False,,,,,,,,no,FAIL,desvio_precio_jupiter_vs_referencia|buy100_sin_ruta_market_maker,2026-10-06T06:55:02.770659Z
FASTx,FAST,Fastenal xStock,Xs58AdBQTkqkejRvfMrGMQMML1m5xMQKVfKgPmqNhwg,stock,XNAS,TwentyFourFive,overnight,0,7,,50.69,,False,,,,,,,,no,FAIL,buy100_sin_ruta_market_maker,2026-10-06T06:56:36.581972Z
FBINx,FBIN,Fortune Brands Innovations xStock,XsVDgWoDPQEsE4VzyVbwy23CxNykkaQcYTdot7MMSeC,stock,XNYS,TwentyFourFive,overnight,0,2,,38.66,,False,,,,,,,,no,FAIL,buy100_sin_ruta_market_maker,2026-10-06T06:35:40.737814Z
FCNCAx,FCNCA,First Citizens BancShares xStock,XsccgtwEgwSxTh553v8iVLxNUrbHJfdnaJUjxgZfr48,stock,XNAS,TwentyFourFive,overnight,0,8,,2091.07,,False,,,,,,,,no,FAIL,buy100_sin_ruta_market_maker,2026-10-06T06:52:14.942507Z
FCXx,FCX,Freeport-McMoRan xStock,XsT9Z9BYM5Bp2JAuKVgw1XLdENGyvQwC5C2gAuzeKyY,stock,XNYS,TwentyFourFive,overnight,0,7,,72.88,,False,,,,,,,,no,FAIL,buy100_sin_ruta_market_maker,2026-10-06T06:59:26.987862Z
FDSx,FDS,FactSet Research Systems xStock,XsMQfkLnhK1ERGibdgGDHFaSHB8ETDtMiC5TtVZKMAv,stock,XNYS,TwentyFourFive,overnight,0,2,,276.44,,False,,,,,,,,no,FAIL,buy100_sin_ruta_market_maker,2026-10-06T06:39:58.598555Z
FDXFx,FDXF,FedEx Freight xStock,XsVT5d6jAm7dTcwz9o5jCUVrpdd1t86WLf4U7wb9mxs,stock,XNYS,TwentyFourFive,overnight,0,8,,111.58,,True,812.4,rfq/JupiterZ,,,,,,no,FAIL,buy100_costo_alto,2026-10-06T06:40:27.236482Z
FDXx,FDX,FedEx xStock,XsEmsxmtT12GBiqtvTxoNaipTBNEdUs6oq7pwHFHTb7,stock,XNYS,TwentyFourFive,overnight,0,7,,289.13,,False,,,,,,,,no,FAIL,buy100_sin_ruta_market_maker,2026-10-06T06:58:46.234961Z
FERGx,FERG,Ferguson Enterprises xStock,XsfdW27Z6gk5otDjYw5R2ad7PP1dKoR1Qx2ayurRBGc,stock,XNYS,TwentyFourFive,overnight,0,7,,222.93,,False,,,,,,,,no,FAIL,buy100_sin_ruta_market_maker,2026-10-06T06:55:09.758028Z
FEZx,FEZ,SPDR EURO STOXX 50 xStock,XsbZDdYJKxEBQASz4KBj23NRgymXw2NK6mbNQ6PYhC7,etf,ARCX,TwentyFourFive,overnight,0,8,,66.74,,False,,,,,,,,no,FAIL,buy100_sin_ruta_market_maker,2026-10-06T07:01:19.708411Z
FEx,FE,FirstEnergy xStock,XsLpCFJxUb43H6da8YzrS4j79wuddw8Z4GETup7hKMc,stock,XNYS,TwentyFourFive,overnight,0,7,,43.64,,False,,,,,,,,no,FAIL,buy100_sin_ruta_market_maker,2026-10-06T06:41:57.407655Z
FFIVx,FFIV,F5 xStock,XspZSVf3tmPqV7QXqNzCjmvv11nnAtQ4n4YwPxykt3U,stock,XNAS,TwentyFourFive,overnight,0,7,,458.53,,False,,,,,,,,no,FAIL,buy100_sin_ruta_market_maker,2026-10-06T06:46:16.187174Z
FGDLx,FGDL,Franklin Responsibly Sourced Gold ETF xStock,XspurdrAqbRJMQfAUEfh88QxE3XbSWxQGu3GneJR6e3,etf,ARCX,,,0,4,,55.1283,,,,,,,,,,no,FAIL,sin_datos_de_trading,
FHNx,FHN,First Horizon xStock,XsD9pjJdLHkbvk3hGF13Mq9nY5ELLeGbQAoeDLZcRY8,stock,XNYS,TwentyFourFive,overnight,0,7,,23.36,,False,,,,,,,,no,FAIL,buy100_sin_ruta_market_maker,2026-10-06T06:42:48.326192Z
FICOx,FICO,Fair Isaac xStock,XsiZh3X1uThVm4bNh8PzyXVNe3v11oS6v2DCGdkboUL,stock,XNYS,TwentyFourFive,overnight,0,7,,689.3,,False,,,,,,,,no,FAIL,buy100_sin_ruta_market_maker,2026-10-06T06:42:02.115631Z
FISVx,FISV,Fiserv xStock,XsXU2DbkVLWPRBG3QEpEXCTKS8Jv8VCxkB7e7ThdyLC,stock,XNAS,TwentyFourFive,overnight,0,7,,45.94,,False,,,,,,,,no,FAIL,buy100_sin_ruta_market_maker,2026-10-06T06:46:39.769246Z
FISx,FIS,Fidelity National Information Services xStock,XsTdkPyDNVtJYUjV7VhyZwtqQmA2Lg4DdTkRjYPD2gQ,stock,XNYS,TwentyFourFive,overnight,0,7,,33.58,,False,,,,,,,,no,FAIL,buy100_sin_ruta_market_maker,2026-10-06T06:46:04.024578Z
FITBx,FITB,Fifth Third Bancorp xStock,XsVsC5yPcJKdeuZDejjymo2KJTuE3zdXZoSVuTXA7qv,stock,XNYS,TwentyFourFive,overnight,0,8,,50.8,,False,,,,,,,,no,FAIL,buy100_sin_ruta_market_maker,2026-10-06T06:57:29.962831Z
FIVEx,FIVE,Five Below xStock,Xs7zvvE6QUtYmpMBrz4oWJexS7WSJPwJs7vQsvMCpaG,stock,XNAS,TwentyFourFive,overnight,0,2,,216.163,,False,,,,,,,,no,FAIL,buy100_sin_ruta_market_maker,2026-10-06T06:41:09.207117Z
FIXx,FIX,Comfort Systems USA xStock,XsPTVwrSE3MMZF1bt15vxM7NuuRHdsBJ7mtGW4cttHX,stock,XNYS,TwentyFourFive,overnight,0,7,,1713.07,,False,,,,,,,,no,FAIL,buy100_sin_ruta_market_maker,2026-10-06T06:58:02.115511Z
FLBLx,FLBL,Franklin Senior Loan xStock,XsCZJYnCmjs5cYZDMLVxVzvMy5AK2oqsWpobS6SYno8,etf,BATS,MarketHours,overnight,0,4,,22.8,,False,,,,,,,,no,FAIL,buy100_sin_ruta_market_maker,2026-10-06T07:01:32.220062Z
FLNCx,FLNC,Fluence Energy xStock,Xsc5BxL1ucvrQNXZqW3CT8M9gWTko1LPSLLkSVzGe9h,stock,XNAS,TwentyFourFive,overnight,0,4,,7.66,,True,50.3,rfq/JupiterZ,True,50.3,False,,,no,FAIL,sell100_sin_ruta_market_maker,2026-10-06T07:12:04.895911Z
FLQMx,FLQM,Franklin U.S. Mid Cap Multi-Factor xStock,XsZdwvwEAn7KH8bCCo8AkxJmSm4MbaRxcDeh9Gt2VTF,etf,BATS,MarketHours,overnight,0,5,,58.16,,False,,,,,,,,no,FAIL,buy100_sin_ruta_market_maker,2026-10-06T06:44:31.443341Z
FLSx,FLS,Flowserve xStock,Xs9L3oiA7VxA6STG9RNhRFtDo6G1aubRHJNsDR8PBf7,stock,XNYS,TwentyFourFive,overnight,0,2,,74.3,,False,,,,,,,,no,FAIL,buy100_sin_ruta_market_maker,2026-10-06T06:38:24.415785Z
FLYx,FLY,Firefly Aerospace xStock,XsA5xNUbsqxyz22XSFnNeALLv5XsmBgq3SCaK6xFR5R,stock,,TwentyFourFive,overnight,0,3,,22.62,,,,,,,,,,no,FAIL,bolsa_no_informada,
FNBx,FNB,F N B xStock,XsdEDb1wYXVvMMVLWNmZZbKkW7GNBHWJW4mTE26C6Gv,stock,XNYS,TwentyFourFive,overnight,0,2,,17.4,,False,,,,,,,,no,FAIL,buy100_sin_ruta_market_maker,2026-10-06T06:36:13.160481Z
FNDx,FND,Floor & Decor xStock,Xsjp2ZcEBoo6fGyTrt8BB95d4nhBybNzb7vK9Ha7StA,stock,XNYS,TwentyFourFive,overnight,0,2,,46.55,,False,,,,,,,,no,FAIL,buy100_sin_ruta_market_maker,2026-10-06T06:36:16.726169Z
FNFx,FNF,Fidelity National Financial xStock,XsPH7DxK5rGBdoFSSCpU6HgJZp1mKpRTVnsKQUN1j8B,stock,XNYS,TwentyFourFive,overnight,0,8,,39,,False,,,,,,,,no,FAIL,buy100_sin_ruta_market_maker,2026-10-06T06:40:47.865312Z
FNx,FN,Fabrinet xStock,XsJ6W21MaWMQCqhRLbLTD82427vcMVzxULkomGRg4gJ,stock,XNYS,TwentyFourFive,overnight,0,3,,455.33,,False,,,,,,,,no,FAIL,buy100_sin_ruta_market_maker,2026-10-06T06:41:32.930902Z
FORMx,FORM,FormFactor xStock,XsweEBLf9yJz58So3Z1WsJAzYFsbTQSdE4FeW7nQBH2,stock,XNAS,TwentyFourFive,overnight,0,2,,147.5,,False,,,,,,,,no,FAIL,buy100_sin_ruta_market_maker,2026-10-06T06:38:12.372279Z
FPSx,FPS,Forgent Power Solutions xStock,XsvH4G2oumrBsL73QvVvc3pAw8KYWQJaACWsLtWrR9G,stock,XNYS,TwentyFourFive,overnight,0,2,,39.05,,False,,,,,,,,no,FAIL,buy100_sin_ruta_market_maker,2026-10-06T06:38:03.109808Z
FRE.DEx,FRED,Fresenius xStock,XsNSTSEzdqCoBvKgNT2EMt73owjLRygThZmWp9K5dTF,stock,XETR,MarketHours,closed,0,3,,,,,,,,,,,,no,FAIL,subyacente_no_usd|bolsa_no_permitida_XETR|sin_precio_de_referencia,
FRESx,FRESL,Fresnillo xStock,XsLQMGy9R2u9nHvh3G7qbtRyREEXvXpUfjjmdLaxGcd,stock,XLON,MarketHours,closed,0,3,,2742,,,,,,,,,,no,FAIL,subyacente_no_usd|bolsa_no_permitida_XLON,
FRHCx,FRHC,Freedom xStock,XsCKGVtLBwZ4Z264jSPgPxzm3w6Sm3UkKv5WgHd3ike,stock,XNAS,TwentyFourFive,overnight,0,2,,173.49,,False,,,,,,,,no,FAIL,buy100_sin_ruta_market_maker,2026-10-06T06:39:32.407979Z
FRTx,FRT,Federal Realty Investment Trust xStock,XsC9pEmm4AiJgrtMKpvc7WGbaeEgXnSiC2csF8zWuYh,etf,XNYS,TwentyFourFive,overnight,0,2,,105.97,,False,,,,,,,,no,FAIL,buy100_sin_ruta_market_maker,2026-10-06T06:38:25.478524Z
FRx,FR,First Industrial Realty Trust xStock,XsFBTajwjnbUML9uZYCkWZtzyRnWJRqud2N5pv2HrKX,etf,XNYS,TwentyFourFive,overnight,0,2,,59.22,,False,,,,,,,,no,FAIL,buy100_sin_ruta_market_maker,2026-10-06T06:37:50.810195Z
FSLRx,FSLR,First Solar xStock,XsSbcq8MZso4DLAMgtRKjzCvgozdh4sje8PLj45kxJZ,stock,XNAS,TwentyFourFive,overnight,0,7,,176.1,,False,,,,,,,,no,FAIL,buy100_sin_ruta_market_maker,2026-10-06T06:54:29.157936Z
FSMLx,FSML,Franklin Small Cap Enhanced xStock,Xs9nAeuqjogYHy2UfL6jYqGmM5MPrRjuz6UYk8H79mZ,etf,ARCX,Regular,overnight,0,5,,29.4975,,False,,,,,,,,no,FAIL,buy100_sin_ruta_market_maker,2026-10-06T07:01:23.768090Z
FTAIx,FTAI,FTAI Aviation xStock,XsX857TxHhoS3CbRt58me2xx8zcAn6n5kMJScZKrHJa,stock,XNAS,TwentyFourFive,overnight,0,7,,166.5,,False,,,,,,,,no,FAIL,buy100_sin_ruta_market_maker,2026-10-06T06:42:00.627722Z
FTNTx,FTNT,Fortinet xStock,XsWrVR5F8eUgoienkVAQLwjvtzEAUoWWcwhcDzu3qRX,stock,XNAS,TwentyFourFive,overnight,0,7,,184.4607,,False,,,,,,,,no,FAIL,buy100_sin_ruta_market_maker,2026-10-06T06:44:05.902943Z
FTVx,FTV,Fortive xStock,XsvL1QcWfqpUM7CQzcNsicatBTZK2dgJRTor3SHUXdD,stock,XNYS,TwentyFourFive,overnight,0,7,,57.38,,False,,,,,,,,no,FAIL,buy100_sin_ruta_market_maker,2026-10-06T06:41:23.990132Z
FWDIx,FWDI,Forward Industries xStock,XsQTDfyyWUBRbLnikwDoSqrcn3YKLG2EDRLHCoQ9e3a,stock,,TwentyFourFive,overnight,0,3,,8.19,,,,,,,,,,no,FAIL,bolsa_no_informada,
FWONKx,FWONK,Liberty Media xStock,XsDum7DWP825ChLAhSN5NYBpoCUsHJJdRKTPseA9VxR,stock,XNAS,TwentyFourFive,overnight,0,7,,95,,False,,,,,,,,no,FAIL,buy100_sin_ruta_market_maker,2026-10-06T06:53:25.099202Z
G.ITx,MTAA:GM,Generali xStock,XsR8kfp3Lcb1Aqr2FqhXh2ZwjxuV6BDVJGiGvF8tmhd,stock,MTAA,MarketHours,closed,0,3,,,,,,,,,,,,no,FAIL,subyacente_no_usd|bolsa_no_permitida_MTAA|sin_precio_de_referencia,
GAPx,GAP,Gap xStock,XsTqdbD9ghH3oAqqGQEkRXhNt2F9CGbnWE1ohiQf79Q,stock,XNYS,TwentyFourFive,overnight,0,2,,23.3,,False,,,,,,,,no,FAIL,buy100_sin_ruta_market_maker,2026-10-06T06:36:42.868592Z
GAWx,GAWL,Games Workshop xStock,XsmZTCZ66HMRvK87zwbicJ9sthjqvu5GVbRV57mgTpc,stock,XLON,MarketHours,closed,0,3,,17030,,,,,,,,,,no,FAIL,subyacente_no_usd|bolsa_no_permitida_XLON,
GDDYx,GDDY,GoDaddy xStock,XsZLNUcjAVzNSbU5Z198ngop2mmoinZnw5ijBeMgWhW,stock,XNYS,TwentyFourFive,overnight,0,3,,99.74,,False,,,,,,,,no,FAIL,buy100_sin_ruta_market_maker,2026-10-06T06:39:27.485702Z
GDXx,GDX,VanEck Gold Miners xStock,XsVRhRg9eRE9PrsoPsAt5Mifa8mfjm9R3vdw6orp54j,etf,ARCX,MarketHours,overnight,0,9,86.49133495524782,87.42,-106.2,False,,,,,,,,no,FAIL,buy100_sin_ruta_market_maker,2026-10-06T07:01:10.974368Z
GDx,GD,General Dynamics xStock,Xsgk6nv6V81zQms4mcvUiEtLDdVueXfWPRCaxayqkSN,stock,XNYS,TwentyFourFive,overnight,0,9,365.56159875981706,331.72,1020.2,False,,,,,,,,no,FAIL,desvio_precio_jupiter_vs_referencia|buy100_sin_ruta_market_maker,2026-10-06T06:44:10.257366Z
GEELx,175,Geely Automobile xStock,XsxsXLryvGn9xUBvkzcjNLR9C1krKy8YEySN7yVEyme,stock,XHKG,Regular,market,0,2,,,,,,,,,,,,no,FAIL,subyacente_no_usd|bolsa_no_permitida_XHKG|sin_precio_de_referencia,
GEHCx,GEHC,GE HealthCare Technologies xStock,XsQoxoLVogLGYRRRcFwjdcFQVLxFpCuYfDtvh3vJ2Ft,stock,XNAS,TwentyFourFive,overnight,0,8,,64.969,,False,,,,,,,,no,FAIL,buy100_sin_ruta_market_maker,2026-10-06T06:55:25.658227Z
GENTEx,27,Galaxy Entertainment xStock,Xs8q9nMs3HPqxpGqxRXaSrnVcMXPKkXzR9f9XT9doXG,stock,XHKG,Regular,market,0,2,,,,,,,,,,,,no,FAIL,subyacente_no_usd|bolsa_no_permitida_XHKG|sin_precio_de_referencia,
GENx,GEN,Gen Digital xStock,Xso2H7vbDS6HVokLUecSG5GvWAZXjH7PEHAH9rAYXUP,stock,XNAS,TwentyFourFive,overnight,0,8,,22.35,,False,,,,,,,,no,FAIL,buy100_sin_ruta_market_maker,2026-10-06T06:40:58.465924Z
GEVx,GEV,GE Vernova Inc. xStock,XswXzAsMV9kebQjCVtr1btvrQgQ7C4C9kKgH4QYAVzw,stock,XNYS,TwentyFourFive,overnight,0,11,,991.94,,True,53.0,rfq/JupiterZ,True,53.0,False,,,no,FAIL,sell100_sin_ruta_market_maker,2026-10-06T07:12:36.264152Z
GEx,GE,GE Aerospace xStock,XsfsBjSZoXXKJsxoSt8TyLYsjhBAKFaDPZTCQbFRirP,stock,XNYS,TwentyFourFive,overnight,0,7,,306.43,,False,,,,,,,,no,FAIL,buy100_sin_ruta_market_maker,2026-10-06T07:00:38.974305Z
GFLx,GFL,GFL Environmental xStock,Xs7pKrTAgPBaXjiZbGm8QQK36GRRX1Vsh7pTndjhxng,stock,XNYS,TwentyFourFive,overnight,0,3,,42.28,,False,,,,,,,,no,FAIL,buy100_sin_ruta_market_maker,2026-10-06T06:40:13.505933Z
GFSx,GFS,GLOBALFOUNDRIES xStock,XsrTYnfAtuMDpQQgZtpQZreJWtjaRnRCTBeekcQi8AS,stock,XNAS,TwentyFourFive,overnight,0,2,,48.69,,False,,,,,,,,no,FAIL,buy100_sin_ruta_market_maker,2026-10-06T06:42:03.721954Z
GGGx,GGG,Graco xStock,XseQK4PEeLfxY7HgvuSiawFUL5gfveK2maPMV9Ma8qv,stock,XNYS,TwentyFourFive,overnight,0,8,,78.83,,False,,,,,,,,no,FAIL,buy100_sin_ruta_market_maker,2026-10-06T06:40:35.795061Z
GHx,GH,Guardant Health xStock,XsJwJiZkwUTaZE1q2J1hX6YTGv3xRdZGtqan9a2VsYW,stock,XNAS,TwentyFourFive,overnight,0,3,,186,,False,,,,,,,,no,FAIL,buy100_sin_ruta_market_maker,2026-10-06T06:40:18.863077Z
GILDx,GILD,Gilead Sciences xStock,XsmAFboVqfDwGPgXfd7oCunvYAYSzzkuKE2BDRzwjGy,stock,XNAS,TwentyFourFive,overnight,0,7,,145,,False,,,,,,,,no,FAIL,buy100_sin_ruta_market_maker,2026-10-06T07:00:12.893233Z
GISx,GIS,General Mills xStock,XsKfQxVh7wasRmzPQEs4qvnmayt5KTX1CqvQdJ8XcSJ,stock,XNYS,TwentyFourFive,overnight,0,7,,31.748,,False,,,,,,,,no,FAIL,buy100_sin_ruta_market_maker,2026-10-06T06:53:56.328116Z
GLE.FRx,GLEP,Societe Generale xStock,XsufreT4h5jMjPU5urLyujgmAGcnwaQFjaRkPv8QEwY,stock,XPAR,MarketHours,closed,0,3,,,,,,,,,,,,no,FAIL,subyacente_no_usd|bolsa_no_permitida_XPAR|sin_precio_de_referencia,
GLENx,GLENL,Glencore xStock,Xsz31C1hLJRXCxcaw84pMhkUHdF54B5MSFdTWYLZ4Rh,stock,XLON,MarketHours,closed,0,3,,570.65,,,,,,,,,,no,FAIL,subyacente_no_usd|bolsa_no_permitida_XLON,
GLPIx,GLPI,Gaming and Leisure Properties xStock,XsbohnBoBBbXg2scrDy9yzBqeXhNN53F5dcjwFF8XFR,stock,XNAS,TwentyFourFive,overnight,0,8,,37.91,,False,,,,,,,,no,FAIL,buy100_sin_ruta_market_maker,2026-10-06T06:40:43.085334Z
GLWx,GLW,Corning xStock,Xsg3UgvjxpUgV3WZx9Wt9deLx7qvKYp6ZLY6xMY2Dfq,stock,XNYS,TwentyFourFive,overnight,0,14,159.77581705500646,159.3,29.9,False,,,,,,,,no,FAIL,buy100_sin_ruta_market_maker,2026-10-06T07:00:08.352074Z
GLx,GL,Globe Life xStock,Xs2yt21rb2HpuMxE2EBHpcfd8mGdDPDysgWjVaDDR5w,stock,XNYS,TwentyFourFive,overnight,0,8,,165.92,,False,,,,,,,,no,FAIL,buy100_sin_ruta_market_maker,2026-10-06T06:40:50.963776Z
GMEDx,GMED,Globus Medical xStock,XsMkiaVUP5GkFCSJJGcun75edh1FSsLkCtDC3piGK2j,stock,XNYS,TwentyFourFive,overnight,0,2,,76.57,,False,,,,,,,,no,FAIL,buy100_sin_ruta_market_maker,2026-10-06T06:40:58.200769Z
GMx,GM,General Motors xStock,XsSFgHPgZgYNSuz1ttNHNp8zUBBMZGngFcMMfKPK6JQ,stock,XNYS,TwentyFourFive,overnight,0,7,,80.7682,,True,77.0,rfq/JupiterZ,False,,False,,,no,FAIL,buy1000_sin_ruta_market_maker|sell100_sin_ruta_market_maker,2026-10-06T07:12:27.554244Z
GNRCx,GNRC,Generac xStock,XsAiJ9xc1eBoVEz4npaJqySHLrpCoyo1oFfJJpYSXPW,stock,XNYS,TwentyFourFive,overnight,0,8,,215.2,,False,,,,,,,,no,FAIL,buy100_sin_ruta_market_maker,2026-10-06T06:45:42.039395Z
GNS.GBx,GNSL,Genus xStock,XsXXe4iwbJv1PkEgKzGL1oSrVtWT6QDD1qtuahFTfs7,stock,XLON,MarketHours,closed,0,3,,,,,,,,,,,,no,FAIL,subyacente_no_usd|bolsa_no_permitida_XLON|sin_precio_de_referencia,
GPCx,GPC,Genuine Parts xStock,XsAB7oiJL94kURXya1i35Rv9ZoY9EoJSWM3dQ9mZp7t,stock,XNYS,TwentyFourFive,overnight,0,8,,126.24,,False,,,,,,,,no,FAIL,buy100_sin_ruta_market_maker,2026-10-06T06:45:34.011031Z
GPNx,GPN,Global Payments xStock,XsKbuY5Wyzz7Zzz6uxi69hHdxhrE53d746Sb1jBZyD1,stock,XNYS,TwentyFourFive,overnight,0,8,,83,,False,,,,,,,,no,FAIL,buy100_sin_ruta_market_maker,2026-10-06T06:52:10.985846Z
GPROx,GPRO,GoPro xStock,Xs3N3dcHdWXaJ5dv2ysjMA8DS33vixYYzAgVzkG6L3T,stock,,TwentyFourFive,overnight,0,3,,1.3599,,,,,,,,,,no,FAIL,bolsa_no_informada,
GRG.GBx,GRGL,Greggs xStock,Xs1D8Yx8LY1gvRSXQZgyoapZDE6Yt8uM5QZDtunbQ4F,stock,XLON,MarketHours,closed,0,3,,,,,,,,,,,,no,FAIL,subyacente_no_usd|bolsa_no_permitida_XLON|sin_precio_de_referencia,
GSATx,GSAT,Globalstar xStock,XsNB1EjXVMUXGEC5X55DBG1ekMajZZvt9yAKzNmFhk4,stock,XNAS,TwentyFourFive,overnight,0,2,,82.52,,False,,,,,,,,no,FAIL,buy100_sin_ruta_market_maker,2026-10-06T06:39:22.309397Z
GSKx,GSKL,GSK xStock,XsyE4s6Q9qdmAcRAMETHQsSXRBXL8yEov9AuXbfHrVW,stock,XLON,MarketHours,closed,0,3,,47.1338,,,,,,,,,,no,FAIL,subyacente_no_usd|bolsa_no_permitida_XLON,
GTESx,GTES,Gates Industrial xStock,XsuwPNMDGHqeHwu4Hv9YXC8MsfSQCmt8Dy7GdkyXfac,stock,XNYS,TwentyFourFive,overnight,0,2,,27.81,,False,,,,,,,,no,FAIL,buy100_sin_ruta_market_maker,2026-10-06T06:35:55.148901Z
GTLBx,GTLB,GitLab xStock,XsCkPFPzDHLXF7Mxksy1eDcVdYyMVPmwWNR7V7TE4Z6,stock,XNAS,TwentyFourFive,overnight,0,2,,51.47,,False,,,,,,,,no,FAIL,buy100_sin_ruta_market_maker,2026-10-06T06:36:40.527109Z
GWREx,GWRE,Guidewire Software xStock,Xs6w8aJhwu1d5jKbmScXoitaDEE7HWhyujhkELeh4B5,stock,XNYS,TwentyFourFive,overnight,0,3,,163.23,,False,,,,,,,,no,FAIL,buy100_sin_ruta_market_maker,2026-10-06T06:40:06.976303Z
GWWx,GWW,W.W. Grainger xStock,XsSuZjygy7yrbyZJNzBj78ysrKDFMv11HrPPwBUE2Dn,stock,XNYS,TwentyFourFive,overnight,0,7,,1286.84,,False,,,,,,,,no,FAIL,buy100_sin_ruta_market_maker,2026-10-06T06:57:53.651468Z
GXOx,GXO,GXO Logistics xStock,XsNV3k54UhqbcDhanj4oxnm9hyx3ksg6tGRNx8bFH3S,stock,XNYS,TwentyFourFive,overnight,0,2,,45.99,,False,,,,,,,,no,FAIL,buy100_sin_ruta_market_maker,2026-10-06T06:35:18.103218Z
Gx,G,Genpact xStock,XsMuVrYrQsLvbvrSHPAc9xHFYdFbHpt9jDgQDsSxEgY,stock,XNYS,TwentyFourFive,overnight,0,2,,33.52,,False,,,,,,,,no,FAIL,buy100_sin_ruta_market_maker,2026-10-06T06:36:15.548297Z
HAIDLx,6862,Haidilao International xStock,XssLkiDcsHvkTi2BXDLnXszTktNnTPBXFMVTvMBvVtb,stock,XHKG,Regular,market,0,2,,,,,,,,,,,,no,FAIL,subyacente_no_usd|bolsa_no_permitida_XHKG|sin_precio_de_referencia,
HAIERx,6690,Haier Smart Home xStock,XsW6LqAt4tGLAWu31ya4BQ9DLdpXeVEDSNZSqzbkYRC,stock,XHKG,Regular,market,0,2,,,,,,,,,,,,no,FAIL,subyacente_no_usd|bolsa_no_permitida_XHKG|sin_precio_de_referencia,
HALOx,HALO,Halozyme Therapeutics xStock,XsLaYaQLQfc9Z2Qis9gh6zebLbEoG1MLCrxD2wAmBBY,stock,XNAS,TwentyFourFive,overnight,0,2,,108.45,,False,,,,,,,,no,FAIL,buy100_sin_ruta_market_maker,2026-10-06T06:40:15.451062Z
HALx,HAL,Halliburton xStock,XsYq2q3UxkwdHmhxJf5wbuXfDWuy5mYP5xsDBVEDK8Q,stock,XNYS,TwentyFourFive,overnight,0,7,,32.78,,False,,,,,,,,no,FAIL,buy100_sin_ruta_market_maker,2026-10-06T06:55:45.232911Z
HASx,HAS,Hasbro xStock,XsRgwrznvMYsZ1i7ckfxjk6RWR4npsmZT3kqHuRfrva,stock,XNAS,TwentyFourFive,overnight,0,8,,92.29,,False,,,,,,,,no,FAIL,buy100_sin_ruta_market_maker,2026-10-06T06:43:16.612253Z
HBANx,HBAN,Huntington Bancshares xStock,XsuFbhEyBaWikFEfA3QM92rr9VVYm79Lip4cC5rnSp5,stock,XNAS,TwentyFourFive,overnight,0,7,,15.35,,False,,,,,,,,no,FAIL,buy100_sin_ruta_market_maker,2026-10-06T06:42:29.022372Z
HBR.GBx,HBRL,Harbour Energy xStock,XsCb3TJrQb5f84KcDPsJSFf27aXfZkjK13J7v2T5zXG,stock,XLON,MarketHours,closed,0,3,,,,,,,,,,,,no,FAIL,subyacente_no_usd|bolsa_no_permitida_XLON|sin_precio_de_referencia,
HCAx,HCA,HCA Healthcare xStock,XsJ5MSaKx3Y6bKEfmrRmovGEdRM53KWqEEHuaNUsQpD,stock,XNYS,TwentyFourFive,overnight,0,7,,434.4,,False,,,,,,,,no,FAIL,buy100_sin_ruta_market_maker,2026-10-06T06:58:29.630660Z
HDx,HD,Home Depot xStock,XszjVtyhowGjSC5odCqBpW1CtXXwXjYokymrk7fGKD3,stock,XNYS,TwentyFourFive,overnight,0,16,,281.74,,False,,,,,,,,no,FAIL,buy100_sin_ruta_market_maker,2026-10-06T07:02:55.160140Z
HEI.DEx,HEID,Heidelberg Materials xStock,Xs2Q1yVnE9759fKeP5p8du8X3yWq41bvN6AQ9pjwXGv,stock,XETR,MarketHours,closed,0,3,,,,,,,,,,,,no,FAIL,subyacente_no_usd|bolsa_no_permitida_XETR|sin_precio_de_referencia,
HEIAx,HEIAA,Heineken xStock,XsCGaZoU9DkWDtbc9HYDrMHpvFwmUWbPwoNvTvymY1A,stock,XAMS,MarketHours,closed,0,3,,69.96,,,,,,,,,,no,FAIL,subyacente_no_usd|bolsa_no_permitida_XAMS,
HEIx,HEI,Heico xStock,XsjZ8V6qPBNbhXeFawPssBPUW8f7Sv39uxEnzxCboTq,stock,XNYS,TwentyFourFive,overnight,0,8,,301.57,,False,,,,,,,,no,FAIL,buy100_sin_ruta_market_maker,2026-10-06T06:51:52.919350Z
HIGx,HIG,The Hartford Insurance xStock,XsLw8Pw975zbR4QPQkAorVYM6qQq21jSztyDoskVz5x,stock,XNYS,TwentyFourFive,overnight,0,8,,126.21,,False,,,,,,,,no,FAIL,buy100_sin_ruta_market_maker,2026-10-06T06:55:27.053123Z
HIIx,HII,Huntington Ingalls Industries xStock,XsqxvS2n4fRh41imCC68Z6NmDHk2SPXkGXrekg9o9kd,stock,XNYS,TwentyFourFive,overnight,0,3,,266.48,,False,,,,,,,,no,FAIL,buy100_sin_ruta_market_maker,2026-10-06T06:39:54.875790Z
HIK.GBx,HIKL,Hikma Pharmaceuticals xStock,XsFWXQ48hsQxeYdoJg1tGsfANfFHPs8kbJZL8kkFgj6,stock,XLON,MarketHours,closed,0,3,,,,,,,,,,,,no,FAIL,subyacente_no_usd|bolsa_no_permitida_XLON|sin_precio_de_referencia,
HILSx,HILSL,Hill & Smith xStock,XsNdESrkPBsGBunmPxvjkwfxLmBHn2yFukbLQpNzDBx,stock,XLON,MarketHours,closed,0,3,,3295,,,,,,,,,,no,FAIL,subyacente_no_usd|bolsa_no_permitida_XLON,
HIMSx,HIMS,Hims & Hers xStock,XsprHSJzwz3qmHcEf7j7WcUk6hMUL4sPLuAdWaSY1oh,stock,XNYS,TwentyFourFive,overnight,0,15,28.98242942057212,29.8,-274.4,False,,,,,,,,no,FAIL,buy100_sin_ruta_market_maker,2026-10-06T07:01:45.334033Z
HKCGAx,3,Hong Kong and China Gas xStock,XsgLierNGzsEw1eziSPaKANRPfxXadZ6syo4WdGz2S7,stock,XHKG,Regular,market,0,2,,,,,,,,,,,,no,FAIL,subyacente_no_usd|bolsa_no_permitida_XHKG|sin_precio_de_referencia,
HKEXCx,388,Hong Kong Exchanges and Clearing xStock,XsZQt7qW9vH5SWXZPsn1ZAybCSkq5MW2r6HGo891u1X,stock,XHKG,Regular,market,0,2,,,,,,,,,,,,no,FAIL,subyacente_no_usd|bolsa_no_permitida_XHKG|sin_precio_de_referencia,
HLIx,HLI,Houlihan Lokey xStock,Xspg1EH7rQNGRQ9nKW6gDSfpekZq1zm5j1MTcVZSwUj,stock,XNYS,TwentyFourFive,overnight,0,2,,126.9,,False,,,,,,,,no,FAIL,buy100_sin_ruta_market_maker,2026-10-06T06:37:52.718384Z
HLMAx,HLMAL,Halma xStock,XsaX2uNTuVMLS9suc8XfPmUqgjtatcJKgdfRtnXJ4pf,stock,XLON,MarketHours,closed,0,3,,3520.69,,,,,,,,,,no,FAIL,subyacente_no_usd|bolsa_no_permitida_XLON,
HLNx,HLNL,Haleon xStock,XsYEEhCgtTKiVyZFBNKGLG4st4Ken7anB6Upv9cb7ih,stock,XLON,MarketHours,closed,0,3,,8.82,,,,,,,,,,no,FAIL,subyacente_no_usd|bolsa_no_permitida_XLON,
HLTx,HLT,Hilton Worldwide xStock,Xs66hB4NftAJmu73aeBc6RXQC4DX4LwU4xvnfsz581r,stock,XNYS,TwentyFourFive,overnight,0,7,,316.12,,False,,,,,,,,no,FAIL,buy100_sin_ruta_market_maker,2026-10-06T06:44:00.017660Z
HLx,HL,Hecla Mining xStock,Xsp5pDV28HxQDLcoC24G6G2yCNBvVpPJ3DZCjhs7YNR,stock,XNYS,TwentyFourFive,overnight,0,2,,17.06,,False,,,,,,,,no,FAIL,buy100_sin_ruta_market_maker,2026-10-06T06:41:51.761695Z
HNDLDx,12,Henderson Land Development xStock,XsXQAtNjEzXfEotjKz6QQ9WHBdhbzMbPJDQfsc3UR7D,stock,XHKG,Regular,market,0,2,,,,,,,,,,,,no,FAIL,subyacente_no_usd|bolsa_no_permitida_XHKG|sin_precio_de_referencia,
HOx,HOP,Thales xStock,XsJS9S85GVheT49XJ44PDiL2N2mUL6Sn9P1HgNePavP,stock,XPAR,MarketHours,closed,0,3,,226.8,,,,,,,,,,no,FAIL,subyacente_no_usd|bolsa_no_permitida_XPAR,
HPEx,HPE,Hewlett Packard Enterprise xStock,Xszp97B7zgeyNUFkymHdxXp3Y5KTZ1rzd2bAL9TW34t,stock,XNYS,TwentyFourFive,overnight,0,12,67.62863217546361,69.44,-260.9,False,,,,,,,,no,FAIL,buy100_sin_ruta_market_maker,2026-10-06T06:58:43.089878Z
HPQx,HPQ,HP xStock,Xs23PmjqLoJvcLJ2LyMzi17HmkFua1yZsmcxWd4q8Zz,stock,XNYS,TwentyFourFive,overnight,0,7,,31.56,,False,,,,,,,,no,FAIL,buy100_sin_ruta_market_maker,2026-10-06T06:53:02.887943Z
HRBx,HRB,H&R Block xStock,Xs8zdSA9ne1TZr1hNQEcbxvzaNp41n1aq4FQnusY9pm,stock,XNYS,TwentyFourFive,overnight,0,2,,42,,False,,,,,,,,no,FAIL,buy100_sin_ruta_market_maker,2026-10-06T06:35:50.456767Z
HRLx,HRL,Hormel Foods xStock,XsQMbNzqcJURkmjzmh7DMfhjPf7Effu5QS3fpBLtazr,stock,XNYS,TwentyFourFive,overnight,0,2,,20.09,,False,,,,,,,,no,FAIL,buy100_sin_ruta_market_maker,2026-10-06T06:40:36.873570Z
HRZRBx,9660,Horizon Robotics xStock,XskaoJotEKofUeTnxQfvoQuW2kbL53uvnDJqVXj7Gf7,stock,XHKG,Regular,market,0,2,,,,,,,,,,,,no,FAIL,subyacente_no_usd|bolsa_no_permitida_XHKG|sin_precio_de_referencia,
HRx,HR,Healthcare Realty Trust xStock,XsdpjC7aNEteevrzUXdvRX2Kaz67siejxWhx7Qwmatx,etf,XNYS,TwentyFourFive,overnight,0,2,,17.08,,False,,,,,,,,no,FAIL,buy100_sin_ruta_market_maker,2026-10-06T06:36:02.454272Z
HSBAx,HSBAL,HSBC xStock,XsiABbf6PQ8oPyZhqWg9LFTh8K3xMbZWp3ybjhyhE9d,stock,XLON,MarketHours,closed,0,3,,1436,,,,,,,,,,no,FAIL,subyacente_no_usd|bolsa_no_permitida_XLON,
HSICx,HSIC,Henry Schein xStock,Xs6GaCP5pV3cBkCX1w1mZ8zLZ7khW8ZRkZN3x1esBD6,stock,XNAS,TwentyFourFive,overnight,0,2,,84.23,,False,,,,,,,,no,FAIL,buy100_sin_ruta_market_maker,2026-10-06T06:38:57.402174Z
HSTx,HST,Host Hotels & Resorts xStock,XsYbh3CsZ4qCMcfPKEtHAYbePTywhwCkFvdN7Hx3bHA,stock,XNAS,TwentyFourFive,overnight,0,7,,22.44,,False,,,,,,,,no,FAIL,buy100_sin_ruta_market_maker,2026-10-06T06:47:07.840478Z
HSXx,HSXL,Hiscox xStock,XspeLbZhQF4oGcAPPJXhtfAToSMh273TBFSh77B47dv,stock,XLON,MarketHours,closed,0,3,,1871,,,,,,,,,,no,FAIL,subyacente_no_usd|bolsa_no_permitida_XLON,
HSYx,HSY,The Hershey xStock,XscEuBenD5X7CMVdh6MKzTSBQLsKNqmsoLiXHrQMitH,stock,XNYS,TwentyFourFive,overnight,0,7,,161.01,,False,,,,,,,,no,FAIL,buy100_sin_ruta_market_maker,2026-10-06T06:41:59.035701Z
HUBBx,HUBB,Hubbell xStock,XsCz2AUyFUuadE9zxfs7ywkbMvaQNeVTeNBK15L43Qc,stock,XNYS,TwentyFourFive,overnight,0,7,,480.65,,False,,,,,,,,no,FAIL,buy100_sin_ruta_market_maker,2026-10-06T06:54:20.608915Z
HUBSx,HUBS,HubSpot xStock,Xs8sK7KXi6tWULhBq4a8197Ydz4zDdLxtKjK6gBF59x,stock,XNYS,TwentyFourFive,overnight,0,2,,220.05,,False,,,,,,,,no,FAIL,buy100_sin_ruta_market_maker,2026-10-06T06:40:49.791758Z
HUMx,HUM,Humana xStock,XseFxRyaaJixiAzKBrSZAAKSLMQKVYceUGadwUAsQ7L,stock,XNYS,TwentyFourFive,overnight,0,7,,404.07,,False,,,,,,,,no,FAIL,buy100_sin_ruta_market_maker,2026-10-06T06:42:23.199324Z
HUTx,HUT,Hut 8 xStock,XsG5QyZTQnVSpsXRpD92K5ZGoxXjsmfTyx7fW7r18DV,stock,XNAS,TwentyFourFive,overnight,0,10,89.9885347052135,89.2,88.4,False,,,,,,,,no,FAIL,buy100_sin_ruta_market_maker,2026-10-06T07:02:23.915072Z
HWDNx,HWDNL,Howden Joinery xStock,XsderJhLTce957LZDcv8xkuRmjSU3AoaSbAWmf8BYHw,stock,XLON,MarketHours,closed,0,3,,751.16,,,,,,,,,,no,FAIL,subyacente_no_usd|bolsa_no_permitida_XLON,
HWMx,HWM,Howmet Aerospace xStock,XsCX8NnXq3qx6zUxXxWwjV2yQnGc9C5y6UyXvE6RG7r,stock,XNYS,TwentyFourFive,overnight,0,7,,229.57,,False,,,,,,,,no,FAIL,buy100_sin_ruta_market_maker,2026-10-06T06:44:12.048559Z
HXLx,HXL,Hexcel xStock,XsNUEqrq6PwwhbGN7XsvxkuhfAcjJjYMi2AUNmvoweC,stock,XNYS,TwentyFourFive,overnight,0,2,,85.9,,False,,,,,,,,no,FAIL,buy100_sin_ruta_market_maker,2026-10-06T06:35:50.469376Z
Hx,H,Hyatt Hotels xStock,Xs5d6SH8HCeyBRkXNfoLWVnqgBT6tz8HnBoyJES3Fi4,stock,XNYS,TwentyFourFive,overnight,0,2,,156.77,,False,,,,,,,,no,FAIL,buy100_sin_ruta_market_maker,2026-10-06T06:40:48.032426Z
IAG.GBx,IAGL,International Consolidated Airlines xStock,Xs1Y89cAPbtcPfkwmKY5E4EaET1SsLxwQ63pa6MR2YZ,stock,XLON,MarketHours,closed,0,3,,,,,,,,,,,,no,FAIL,subyacente_no_usd|bolsa_no_permitida_XLON|sin_precio_de_referencia,
IBEx,IBEE,Iberdrola xStock,XsWdPzfskUXR6dX5CPqssrkkTFV12Dc88M6QfFMMnz1,stock,XMAD,MarketHours,closed,0,3,,21,,,,,,,,,,no,FAIL,subyacente_no_usd|bolsa_no_permitida_XMAD,
IBKRx,IBKR,Interactive Brokers xStock,XsTS8D9tBV6oQRqkixzNCThctMwFzxScetp4BA9ByTK,stock,XNAS,TwentyFourFive,overnight,0,8,,88.93,,False,,,,,,,,no,FAIL,buy100_sin_ruta_market_maker,2026-10-06T06:45:46.150585Z
ICBCx,1398,Industrial And Commercial Bank Of China xStock,XswoSyxJ3NayixJFM4y7JUNL8CFDrL68oUw7nr3Kbnz,stock,XHKG,Regular,market,0,2,,,,,,,,,,,,no,FAIL,subyacente_no_usd|bolsa_no_permitida_XHKG|sin_precio_de_referencia,
ICEx,ICE,Intercontinental Exchange xStock,XsG6o69zE7mQCeFf6utyMx9Q89cJjGV4vTwi3wFHrkN,stock,XNYS,TwentyFourFive,overnight,0,7,,152.15,,False,,,,,,,,no,FAIL,buy100_sin_ruta_market_maker,2026-10-06T06:58:58.656530Z
ICG.GBx,ICGL,ICG xStock,XsWbh78UsRczCGeJz2xAojo918D13ks9dst83AbscyS,stock,XLON,MarketHours,closed,0,3,,,,,,,,,,,,no,FAIL,subyacente_no_usd|bolsa_no_permitida_XLON|sin_precio_de_referencia,
IDAx,IDA,Idacorp xStock,XsqgB2jeVP27dZYxN5VbCq7hLJAQ6wznb6gccpvApUt,stock,XNYS,TwentyFourFive,overnight,0,2,,131.73,,False,,,,,,,,no,FAIL,buy100_sin_ruta_market_maker,2026-10-06T06:36:35.929213Z
IDXXx,IDXX,IDEXX Laboratories xStock,Xs2AVjDnFK6ShEvX6QfSFodHpy8znSBhimB4kvTFTa1,stock,XNAS,TwentyFourFive,overnight,0,8,,527.07,,False,,,,,,,,no,FAIL,buy100_sin_ruta_market_maker,2026-10-06T06:55:50.756556Z
IESCx,IESC,IES xStock,XsepazYXhizTmBmiZWfGwFnyUUSepwzQkLRgQyBp2Zg,stock,XNAS,TwentyFourFive,overnight,0,2,,339.62,,False,,,,,,,,no,FAIL,buy100_sin_ruta_market_maker,2026-10-06T06:40:58.593996Z
IEXx,IEX,IDEX xStock,XsYoSPpGDGNwgn5HDxgwFxbcrsf8Xjr4Lc62j33JjfK,stock,XNYS,TwentyFourFive,overnight,0,7,,235.29,,False,,,,,,,,no,FAIL,buy100_sin_ruta_market_maker,2026-10-06T06:46:18.293564Z
IFFx,IFF,International Flavors & Fragrances xStock,XsXhUW1Mcpff3vCZWb7v3USU5Zpg1nvFPyfzF3XD6NP,stock,XNYS,TwentyFourFive,overnight,0,7,,83.26,,False,,,,,,,,no,FAIL,buy100_sin_ruta_market_maker,2026-10-06T06:54:03.046570Z
IFXx,IFXD,Infineon Technologies xStock,XsPcwkrPjBP73DGatGG9Hxbac1u8HJjo8jZ9S3RwUfR,stock,XETR,MarketHours,closed,0,3,,63.47,,,,,,,,,,no,FAIL,subyacente_no_usd|bolsa_no_permitida_XETR,
IGGx,IGGL,IG xStock,Xs5Fz9gcBsdz4NnLeTfcMNtE3qgFeXWugY1NctAmEGh,stock,XLON,MarketHours,closed,0,3,,986,,,,,,,,,,no,FAIL,subyacente_no_usd|bolsa_no_permitida_XLON,
ILMNx,ILMN,Illumina xStock,XsahzH43C2rZpZmYX6eCm2avkeYCzntC168xPdqrDzi,stock,XNAS,TwentyFourFive,overnight,0,7,,294,,False,,,,,,,,no,FAIL,buy100_sin_ruta_market_maker,2026-10-06T06:46:53.741758Z
IMBx,IMBL,Imperial Brands xStock,XsQCHobH4od9Yx67dDShF2YG34XYqApCeHVuvj9kchM,stock,XLON,MarketHours,closed,0,3,,2455,,,,,,,,,,no,FAIL,subyacente_no_usd|bolsa_no_permitida_XLON,
IMIx,IMIL,IMI xStock,Xsyi8wDoaaArbZKnyFAVz9LJhed9iLeNxT586QwPwR6,stock,XLON,MarketHours,closed,0,3,,0.07,,,,,,,,,,no,FAIL,subyacente_no_usd|bolsa_no_permitida_XLON,
INCHx,INCHL,Inchcape xStock,XsdWpVSHxm4AZShvAkLBRa5PCaJq3LCdaamJGxgJLrd,stock,XLON,MarketHours,closed,0,3,,732,,,,,,,,,,no,FAIL,subyacente_no_usd|bolsa_no_permitida_XLON,
INCYx,INCY,Incyte xStock,XspemH4yD2PcDuZP4g8whQEeve3jrGbX331ksyaR9G3,stock,XNAS,TwentyFourFive,overnight,0,8,,112.0022,,False,,,,,,,,no,FAIL,buy100_sin_ruta_market_maker,2026-10-06T06:41:16.487268Z
INDIx,INDI,Indie Semiconductor xStock,XsHYm9cRdEJoogpxDSZVDa4g19fKqUFXWxKisLpEuVm,stock,XNAS,TwentyFourFive,overnight,0,4,,2.93,,False,,,,,,,,no,FAIL,buy100_sin_ruta_market_maker,2026-10-06T06:34:55.637717Z
INF.GBx,INFL,Informa xStock,XsM8Hrm1jMh4yAH3DpoVR66YNDV1a4xf5k2mmHv6Wqk,stock,XLON,MarketHours,closed,0,3,,,,,,,,,,,,no,FAIL,subyacente_no_usd|bolsa_no_permitida_XLON|sin_precio_de_referencia,
INFQx,INFQ,Infleqtion xStock,XsXw4uaUyz6fHfK6qcet55Cg8b5rnf4D1TCJ96FUJqe,stock,,TwentyFourFive,overnight,0,3,,12.7,,,,,,,,,,no,FAIL,bolsa_no_informada,
INGAx,INGAA,ING Groep xStock,Xs9faakxis3fMLrycgTtXQngHMZZC2cnfYCeCUjMvMN,stock,XAMS,MarketHours,closed,0,3,,31.04,,,,,,,,,,no,FAIL,subyacente_no_usd|bolsa_no_permitida_XAMS,
INGMx,INGM,Ingram Micro xStock,XsCCh59moy5C7vXFTXQ72TUq2i2z4w6UTQq1Gd6dBhr,stock,XNYS,TwentyFourFive,overnight,0,2,,27.58,,False,,,,,,,,no,FAIL,buy100_sin_ruta_market_maker,2026-10-06T06:36:01.117657Z
INGRx,INGR,Ingredion xStock,XsXxsQLJmCeYf4DPiJV9f9Z7d9p6cbuCVmQq2bVxbhR,stock,XNYS,TwentyFourFive,overnight,0,2,,96.85,,False,,,,,,,,no,FAIL,buy100_sin_ruta_market_maker,2026-10-06T06:36:10.902552Z
INSMx,INSM,Insmed xStock,XsR6i1PnDGCbiV1KHsiMBdKz4MuDgpWHr3QSwC7zNMz,stock,XNAS,TwentyFourFive,overnight,0,7,,104.819,,False,,,,,,,,no,FAIL,buy100_sin_ruta_market_maker,2026-10-06T06:53:16.143810Z
INTUx,INTU,Intuit xStock,XsfodJMz7SyMNsSgATVDcbuMiQDqQoAiRTL1xuyHNUn,stock,XNAS,TwentyFourFive,overnight,0,10,316.2026946646325,284.845,1100.9,False,,,,,,,,no,FAIL,desvio_precio_jupiter_vs_referencia|buy100_sin_ruta_market_maker,2026-10-06T06:58:47.721247Z
INTWx,INTW,INTC 2x Long ETF xStock,Xs7zs57saNfGWUn3h5d2rFxxs43uVqzAY7iQVPHFbwE,etp_apalancado,XNAS,TwentyFourFive,overnight,0,7,,29.3,,,,,,,,,,no,FAIL,producto_apalancado_inverso_o_volatilidad,
INVHx,INVH,Invitation Homes xStock,XsQFmCYjvPGgqYYAth5zNhW8NSCabdamgM1kXMorJs7,stock,XNYS,TwentyFourFive,overnight,0,7,,26.06,,False,,,,,,,,no,FAIL,buy100_sin_ruta_market_maker,2026-10-06T06:41:39.667155Z
INVPx,INVPL,Investec xStock,Xs2Ejy1fMZtHrC4yb9nM4XzsVHVKnJEENi9PZmPqo1L,stock,XLON,MarketHours,closed,0,3,,604,,,,,,,,,,no,FAIL,subyacente_no_usd|bolsa_no_permitida_XLON,
IONQx,IONQ,IonQ xStock,XsqFgFeprZEpayi92MTQGheZiNFmTi2TRJRmrHjCzMx,stock,XNYS,TwentyFourFive,overnight,0,2,,42.9677,,False,,,,,,,,no,FAIL,buy100_sin_ruta_market_maker,2026-10-06T06:42:03.845363Z
IONSx,IONS,Ionis Pharmaceuticals xStock,XsudbKCJV12yMBrDUtfvTJ6HRjVKjThzi5383oyzD3s,stock,XNAS,TwentyFourFive,overnight,0,2,,43.57,,False,,,,,,,,no,FAIL,buy100_sin_ruta_market_maker,2026-10-06T06:38:32.757331Z
IOTx,IOT,Samsara xStock,XsriZ58QT8GfKLep8Vof8oMGq3P9qPhowG8NfyLrLzQ,stock,XNYS,TwentyFourFive,overnight,0,3,,42.39,,False,,,,,,,,no,FAIL,buy100_sin_ruta_market_maker,2026-10-06T06:42:02.591880Z
IPx,IP,International Paper xStock,XsS6AVyq5YpDA5yCUYuwxvkk5hvKvFxAt5tUJik9Y5H,stock,XNYS,TwentyFourFive,overnight,0,7,,32.05,,False,,,,,,,,no,FAIL,buy100_sin_ruta_market_maker,2026-10-06T06:46:12.197274Z
IQMx,IQM,Franklin Intelligent Machines xStock,XsGqU2JhofxjZBBhuXAroJGdiyZdvbx64tPx1Mu6DVK,etf,BATS,MarketHours,overnight,0,4,,115.2561,,False,,,,,,,,no,FAIL,buy100_sin_ruta_market_maker,2026-10-06T07:01:33.649296Z
IQVx,IQV,IQVIA xStock,Xstzb2X8HbtJVUephHsF7XknnwiBRYMxWoLyfUBWaoC,stock,XNYS,TwentyFourFive,overnight,0,7,,266.09,,False,,,,,,,,no,FAIL,buy100_sin_ruta_market_maker,2026-10-06T06:54:52.921873Z
IRDMx,IRDM,Iridium Communications xStock,Xs5jambBqEK8FK2FpxFTLBCQ3uR6q8CBpwCMmQri8TG,stock,XNAS,TwentyFourFive,overnight,0,2,,48.5398,,False,,,,,,,,no,FAIL,buy100_sin_ruta_market_maker,2026-10-06T06:34:35.695686Z
IRENx,IREN,IREN xStock,Xshh1dRsnxatP45yBfrzU9MrvrFCvxHQGTrWjgdA81E,stock,XNAS,TwentyFourFive,overnight,0,17,48.28062676738468,40.5354,1910.7,True,65.3,rfq/JupiterZ,False,,False,,,no,FAIL,desvio_precio_jupiter_vs_referencia|buy1000_sin_ruta_market_maker|sell100_sin_ruta_market_maker,2026-10-06T07:08:13.784774Z
IRMx,IRM,Iron Mountain xStock,XssP4Vb5pahDsdKUXy74gD34DzotHCYKGXegd1KHdiA,stock,XNYS,TwentyFourFive,overnight,0,7,,112.33,,False,,,,,,,,no,FAIL,buy100_sin_ruta_market_maker,2026-10-06T06:55:28.322880Z
IRx,IR,Ingersoll Rand xStock,XsWx5RzivC8d5XwnLiMcgQqqhXiDnrTDwFCDap1o6NW,stock,XNYS,TwentyFourFive,overnight,0,7,,78.55,,False,,,,,,,,no,FAIL,buy100_sin_ruta_market_maker,2026-10-06T06:55:24.021678Z
ISPx,ISPM,Intesa Sanpaolo xStock,XssboQ4BReUAcaDjs1nRFHiKxY8VNyXMpS4KQw29DHz,stock,MTAA,MarketHours,closed,0,3,,0.04,,,,,,,,,,no,FAIL,subyacente_no_usd|bolsa_no_permitida_MTAA,
ISRGx,ISRG,Intuitive Surgical xStock,XsgBcHP3frsQGHr5EoDdoPZMANk52Y4JPg5BYx98NwL,stock,XNAS,TwentyFourFive,overnight,0,11,,406.84,,False,,,,,,,,no,FAIL,buy100_sin_ruta_market_maker,2026-10-06T07:00:11.141772Z
ITAx,ITA,iShares U.S. Aerospace & Defense ETF xStock,XsXoAR52Q2NYFkYiNqhCq4FauvyA1tdRsrmEYNf9fuh,etf,BATS,TwentyFourFive,overnight,0,14,208.86663232721384,206.98,91.2,False,,,,,,,,no,FAIL,buy100_sin_ruta_market_maker,2026-10-06T07:01:52.273733Z
ITTx,ITT,ITT xStock,Xsva3qbt1TDUgQPnU3vVDasaPoUHXPU9FjYXzEUYY8G,stock,XNYS,TwentyFourFive,overnight,0,8,,206.2,,False,,,,,,,,no,FAIL,buy100_sin_ruta_market_maker,2026-10-06T06:45:02.394460Z
ITWx,ITW,Illinois Tool Works xStock,Xs7NEcjqek7SN135xwSafr721njNVyenBdd7NDG2cYo,stock,XNYS,TwentyFourFive,overnight,0,7,,264.19,,False,,,,,,,,no,FAIL,buy100_sin_ruta_market_maker,2026-10-06T06:58:53.129413Z
ITX.ESx,ITXE,Industria De Diseno Textil xStock,XsneYR4U4FLeLrbg7vW8Ak2SL2moZQJsnTKUurqNFhc,stock,XMAD,MarketHours,closed,0,3,,,,,,,,,,,,no,FAIL,subyacente_no_usd|bolsa_no_permitida_XMAD|sin_precio_de_referencia,
ITx,IT,Gartner xStock,XsfNvqLMCuDnxbtV3BhTm7ckCra1NpCVmokKHpvF9j3,stock,XNYS,TwentyFourFive,overnight,0,3,,187.76,,False,,,,,,,,no,FAIL,buy100_sin_ruta_market_maker,2026-10-06T06:40:02.335207Z
IVZx,IVZ,Invesco xStock,XsM5qDSyGiTVyHoi2VixmaEacByd3UCUoWtNhEqsyoH,etf,XNYS,TwentyFourFive,overnight,0,2,,30.5,,False,,,,,,,,no,FAIL,buy100_sin_ruta_market_maker,2026-10-06T06:41:18.129451Z
JAAAx,JAAA,Janus Henderson AAA CLO xStock,XsEYQJtVa51Ww3y28jV1FwheMgmDj8BpxYiCPThcLWW,etf,ARCX,MarketHours,overnight,0,11,,50.49,,,,,,,,,,no,FAIL,suspendido,
JANx,JAN,Janus Living xStock,XsdYADxCGzWungLTsTEHKYrmgEp8ZCTjy9SgDsAcng3,stock,XNYS,TwentyFourFive,overnight,0,2,,28.75,,False,,,,,,,,no,FAIL,buy100_sin_ruta_market_maker,2026-10-06T06:36:24.260920Z
JBHTx,JBHT,JB Hunt Transport Services xStock,Xs5CSFf663gjowEA7ANX8ZhPe4AkLWMqLbriVu1JmUV,stock,XNAS,TwentyFourFive,overnight,0,7,,229.74,,False,,,,,,,,no,FAIL,buy100_sin_ruta_market_maker,2026-10-06T06:46:13.935240Z
JBLx,JBL,Jabil xStock,XsnZQ49Abxr3RJgRSxYd4azhUg4MQVT3amiyaq84oA1,stock,XNYS,TwentyFourFive,overnight,0,8,,302,,False,,,,,,,,no,FAIL,buy100_sin_ruta_market_maker,2026-10-06T06:57:02.195226Z
JD.GBx,JDL,JD Sports Fashion xStock,Xsm81A6dr8mgCUBWPXSV47M2m8BkzFkkcq81vTMGqCL,stock,XLON,MarketHours,closed,0,3,,,,,,,,,,,,no,FAIL,subyacente_no_usd|bolsa_no_permitida_XLON|sin_precio_de_referencia,
JDHLTx,6618,JD Health International xStock,Xsaax31N2dJnKtkDbbJfvdYgz1zWmgx3xaYf6yjNuWx,stock,XHKG,Regular,market,0,2,,,,,,,,,,,,no,FAIL,subyacente_no_usd|bolsa_no_permitida_XHKG|sin_precio_de_referencia,
JDLOGx,2618,JD Logistics xStock,XsrGQPAF78mZRdnYK9U7m9wR93h3zpToVGv9yAuQUzf,stock,XHKG,Regular,market,0,2,,,,,,,,,,,,no,FAIL,subyacente_no_usd|bolsa_no_permitida_XHKG|sin_precio_de_referencia,
JDx,JD,JD.com xStock,XstnmTaJXkobEbbs7AgmGLBsBeWyHTSJAFcJ6BF6ycs,stock,,TwentyFourFive,overnight,0,3,,26.3901,,,,,,,,,,no,FAIL,bolsa_no_informada,
JEFx,JEF,Jefferies Financial xStock,XsWiS1zCUByB7TkvLQcxbHW4wLQ45vm1Uqg9tkk81ur,stock,XNYS,TwentyFourFive,overnight,0,3,,45.84,,False,,,,,,,,no,FAIL,buy100_sin_ruta_market_maker,2026-10-06T06:41:00.499913Z
JKHYx,JKHY,Jack Henry & Associates xStock,XsQpEG5WPyZ5Pkno8mHrDXNfYNdeCUkgUEQcaHAQQ9g,stock,XNAS,TwentyFourFive,overnight,0,2,,145.12,,False,,,,,,,,no,FAIL,buy100_sin_ruta_market_maker,2026-10-06T06:39:59.461950Z
JLLx,JLL,Jones Lang LaSalle xStock,Xs8YQm9hLMTcTVSdPwBDLTFLpbcyxYBG4SGPXRp5s2y,stock,XNYS,TwentyFourFive,overnight,0,7,,302.41,,False,,,,,,,,no,FAIL,buy100_sin_ruta_market_maker,2026-10-06T06:43:51.318363Z
JMKEx,JMKE,Jersey Mike's Subs xStock,XsBeB5z2oA2fvaVim3rRbqHV4Cxxz9nNCjqoUtFooXY,stock,XNYS,TwentyFourFive,overnight,0,25,,16.126,,False,,,,,,,,no,FAIL,buy100_sin_ruta_market_maker,2026-10-06T06:42:34.229215Z
JPSTx,JPST,JPMorgan Ultra-Short Income xStock,XsCAXu7xTaZMG9b9KJhNWYapuvNjxPuE4SysZq8uvMq,etf,ARCX,MarketHours,overnight,0,6,49.97375722250564,50.24,-53.0,False,,,,,,,,no,FAIL,buy100_sin_ruta_market_maker,2026-10-06T07:01:20.899855Z
JTGEXx,1519,J&T Global Express xStock,XsMotTTUju1CZRh88eCRM1Pm6f91qHh1kbmaBYdS85b,stock,XHKG,Regular,market,0,2,,,,,,,,,,,,no,FAIL,subyacente_no_usd|bolsa_no_permitida_XHKG|sin_precio_de_referencia,
Jx,J,Jacobs Solutions xStock,Xs2ry2jjmvy67pYFweVbdeoPPRdUjnbBEubtXguWbXK,stock,XNYS,TwentyFourFive,overnight,0,8,,138.67,,False,,,,,,,,no,FAIL,buy100_sin_ruta_market_maker,2026-10-06T06:45:10.687671Z
KBCx,KBCB,KBC xStock,XspWMbBUhgPE8GiARimRhFao6xAtk65qkbN7yz7pVv3,stock,XBRU,MarketHours,closed,0,3,,124.75,,,,,,,,,,no,FAIL,subyacente_no_usd|bolsa_no_permitida_XBRU,
KDPx,KDP,Keurig Dr Pepper xStock,XsdvuTpWkg6TSzpGJrdEwUwtWT7UrUzMxYTLhUZs9s9,stock,XNAS,TwentyFourFive,overnight,0,7,,30.9,,False,,,,,,,,no,FAIL,buy100_sin_ruta_market_maker,2026-10-06T06:57:09.191665Z
KERx,KERP,Kering xStock,Xs6aNo7u55poct2Xximmqxx7yCRBqAfMpywgVF2mvPq,stock,XPAR,MarketHours,closed,0,3,,209.25,,,,,,,,,,no,FAIL,subyacente_no_usd|bolsa_no_permitida_XPAR,
KEXx,KEX,Kirby xStock,XsjwqTzG3x3WNBtc4awyMjCoYdixo2H3aYf8SiGT42w,stock,XNYS,TwentyFourFive,overnight,0,2,,139.85,,False,,,,,,,,no,FAIL,buy100_sin_ruta_market_maker,2026-10-06T06:36:25.175108Z
KEYSx,KEYS,Keysight Technologies xStock,XsXzXSMoSdF3gczdPhECXHN3TwfkUpNkthUvpEJVbDn,stock,XNYS,TwentyFourFive,overnight,0,7,,384.17,,False,,,,,,,,no,FAIL,buy100_sin_ruta_market_maker,2026-10-06T06:58:11.919321Z
KEYx,KEY,KeyCorp xStock,Xs5GgkWgze4XgU7NC5iXJqvbGufxQBJKH5JRN2MSPWQ,stock,XNYS,TwentyFourFive,overnight,0,7,,20.18,,False,,,,,,,,no,FAIL,buy100_sin_ruta_market_maker,2026-10-06T06:46:02.293241Z
KGFx,KGFL,Kingfisher xStock,XsN6LCaYcQq8Gn1awaCdMge96gHyGaqFBmHmv8Zj2FW,stock,XLON,MarketHours,closed,0,3,,327.9,,,,,,,,,,no,FAIL,subyacente_no_usd|bolsa_no_permitida_XLON,
KHCx,KHC,The Kraft Heinz xStock,XszMPpjvc5nyynUGktkn7JkqkfFYxunE29Rxi4Vo8C5,stock,XNAS,TwentyFourFive,overnight,0,7,,21.88,,False,,,,,,,,no,FAIL,buy100_sin_ruta_market_maker,2026-10-06T06:46:55.726068Z
KIMx,KIM,Kimco Realty xStock,XseurSPz9hnmd6k1eQT52a8QC53QcoCoD4qVbPmWzCC,stock,XNYS,TwentyFourFive,overnight,0,7,,22.03,,False,,,,,,,,no,FAIL,buy100_sin_ruta_market_maker,2026-10-06T06:53:30.701067Z
KKRx,KKR,KKR xStock,XsTd1xJRAwAddguKdxYPGoS3qhctGsJb1ue4Rm6URFa,stock,XNYS,TwentyFourFive,overnight,0,7,,89.96,,False,,,,,,,,no,FAIL,buy100_sin_ruta_market_maker,2026-10-06T06:43:51.259381Z
KMBx,KMB,Kimberly-Clark xStock,XsNnfg6KXzaRsH8PE9T9YEahq3MQpSZ3dQAa4hcL1SN,stock,XNAS,TwentyFourFive,overnight,0,8,,95.45,,False,,,,,,,,no,FAIL,buy100_sin_ruta_market_maker,2026-10-06T06:55:15.599455Z
KMIx,KMI,Kinder Morgan xStock,XsQxeWjN2M3Spr5YHRQiM1oQ8fgpJWtdBdg1E2ZrjFg,stock,XNYS,TwentyFourFive,overnight,0,8,,31.41,,False,,,,,,,,no,FAIL,buy100_sin_ruta_market_maker,2026-10-06T06:41:02.557820Z
KMXx,KMX,CarMax xStock,XsJYYovKpBRE59f75VroGQRbqywMv58A9qaxg5Bi8q6,stock,XNYS,TwentyFourFive,overnight,0,2,,54.86,,False,,,,,,,,no,FAIL,buy100_sin_ruta_market_maker,2026-10-06T06:37:35.447835Z
KNEBVx,KNEBVH,KONE Class B xStock,Xsyv3e3WaVQ57Kcjum3ofoEk1iTGw4xWMLyfnmceiCA,stock,XHEL,MarketHours,closed,0,3,,50.68,,,,,,,,,,no,FAIL,subyacente_no_usd|bolsa_no_permitida_XHEL,
KNSLx,KNSL,Kinsale Capital xStock,XsqaGwXHt2D7x845CqUdTmXkMGL5VwC7FkQDGanjFi7,stock,XNYS,TwentyFourFive,overnight,0,2,,332.42,,False,,,,,,,,no,FAIL,buy100_sin_ruta_market_maker,2026-10-06T06:37:32.853940Z
KNXx,KNX,Knight-Swift Transportation xStock,XsUyRqfxY2XtFvP99Lkn2DDWtxNNAY6w5CVDu1F68G1,stock,XNYS,TwentyFourFive,overnight,0,8,,65.24,,False,,,,,,,,no,FAIL,buy100_sin_ruta_market_maker,2026-10-06T06:40:34.152904Z
KORUx,KORU,Korea 3x Long ETF xStock,Xs2LakxmT2YycpcxRDCJ7crPbFf91JKdAAWnfzANFmt,etp_apalancado,ARCX,TwentyFourFive,overnight,0,4,,22.78,,,,,,,,,,no,FAIL,producto_apalancado_inverso_o_volatilidad,
KRAQx,KRAQ,KRAQ xStock,XsAiRejKuvLAdq9KtedrMSrabz7SWdzKoVK6Qgac1Ki,stock,XNAS,TwentyFourFive,overnight,0,25,40.876745723670204,10.01,30835.9,False,,,,,,,,no,FAIL,desvio_precio_jupiter_vs_referencia|buy100_sin_ruta_market_maker,2026-10-06T07:02:15.658719Z
KRMNx,KRMN,Karman xStock,XsSXWwzGGZB1LyCFnWrHGfTVn6T7SXPycAXtTaA738o,stock,XNYS,TwentyFourFive,overnight,0,2,,33.11,,False,,,,,,,,no,FAIL,buy100_sin_ruta_market_maker,2026-10-06T06:35:47.986445Z
KRx,KR,The Kroger xStock,XsHyXCSuYHca6SxpSLb2taKiWkoJA48pVcnqyFguHf5,stock,XNYS,TwentyFourFive,overnight,0,7,,58.5775,,False,,,,,,,,no,FAIL,buy100_sin_ruta_market_maker,2026-10-06T06:42:18.607370Z
KTOSx,KTOS,Kratos Defense & Security Solutions xStock,XsssrKt95uWKWRbDdbCeMubD7iiD74NqiXeNL1p3Gaj,stock,XNAS,TwentyFourFive,overnight,0,3,,42.3297,,False,,,,,,,,no,FAIL,buy100_sin_ruta_market_maker,2026-10-06T06:39:53.708420Z
KUAIx,1024,Kuaishou Technology xStock,XsD9Zgip86m52ob2c9MNTtDVoin1KmgdCNUCCDwsEPF,stock,XHKG,Regular,market,0,2,,,,,,,,,,,,no,FAIL,subyacente_no_usd|bolsa_no_permitida_XHKG|sin_precio_de_referencia,
KUNLx,135,Kunlun Energy xStock,XsxnZRxni2PYV3KTmfqJmZHFK1z55DV4pigWDuMZH8i,stock,XHKG,Regular,market,0,2,,,,,,,,,,,,no,FAIL,subyacente_no_usd|bolsa_no_permitida_XHKG|sin_precio_de_referencia,
KVUEx,KVUE,Kenvue xStock,XsDDkXqF1sr1ixW4Y93Geqfd2LbrWxokCjQf9poGN3c,stock,XNYS,TwentyFourFive,overnight,0,7,,17.4,,False,,,,,,,,no,FAIL,buy100_sin_ruta_market_maker,2026-10-06T06:54:45.978666Z
LADx,LAD,Lithia Motors xStock,XsqGToMk34zBnhPFKgqJBsEWu4oxLxcre98eB141CvM,stock,XNYS,TwentyFourFive,overnight,0,2,,303,,False,,,,,,,,no,FAIL,buy100_sin_ruta_market_maker,2026-10-06T06:37:53.106924Z
LAMRx,LAMR,Lamar Advertising xStock,XsqZyeL1GGWZzMQ5hh3KckQnXNt3Yt96QHBUdiJSoFS,stock,XNAS,TwentyFourFive,overnight,0,8,,143.93,,False,,,,,,,,no,FAIL,buy100_sin_ruta_market_maker,2026-10-06T06:45:21.119868Z
LAOPGx,6181,Laopu Gold xStock,XscTQ6FeMPkhTuhFsrCZRn4fBmGsvqnFmPKfbC9B24g,etf,XHKG,Regular,market,0,2,,,,,,,,,,,,no,FAIL,subyacente_no_usd|bolsa_no_permitida_XHKG|sin_precio_de_referencia,
LDOSx,LDOS,Leidos xStock,Xs5VFGqt7aQ3Dykyk7A4NFL9K2z3x2BAnEDzvokY9Us,stock,XNYS,TwentyFourFive,overnight,0,8,,119.45,,False,,,,,,,,no,FAIL,buy100_sin_ruta_market_maker,2026-10-06T06:40:53.809288Z
LDOx,LDOM,Leonardo xStock,XsB9eVfHme1ZNE7yA6Mj5EdeC3KesmyYBuFH5zCsSLD,stock,MTAA,MarketHours,closed,0,3,,48.3,,,,,,,,,,no,FAIL,subyacente_no_usd|bolsa_no_permitida_MTAA,
LEAx,LEA,Lear xStock,XstrRAJ6RwAJfqqq2MsVwGYjYy9ipJ42TJ8FeoSejf5,stock,XNYS,TwentyFourFive,overnight,0,2,,121.33,,False,,,,,,,,no,FAIL,buy100_sin_ruta_market_maker,2026-10-06T06:36:37.968990Z
LECOx,LECO,Lincoln Electric xStock,Xs7wdJdbcu1oR36AvumDgFLPiHmhpF9GEHQT6h16zAf,stock,XNAS,TwentyFourFive,overnight,0,8,,274.94,,False,,,,,,,,no,FAIL,buy100_sin_ruta_market_maker,2026-10-06T06:40:46.415894Z
LENx,LEN,Lennar xStock,XsHjfVcciZyPmujpSYXKGyQZ3k4yyzxnUXE6CYdZ3AD,stock,XNYS,TwentyFourFive,overnight,0,8,,74.47,,False,,,,,,,,no,FAIL,buy100_sin_ruta_market_maker,2026-10-06T06:46:33.953845Z
LFUSx,LFUS,Littelfuse xStock,Xs7k7y4xBEYZkHFCJfQvMiQBoVtqyujfumqUKhsTGTx,stock,XNAS,TwentyFourFive,overnight,0,2,,451.42,,False,,,,,,,,no,FAIL,buy100_sin_ruta_market_maker,2026-10-06T06:39:09.853457Z
LGENx,LGENL,Legal & General xStock,Xs15uYmUhCJzemqtBvfVEfMW5KTPsuKMZg2MDL1rwxm,stock,XLON,MarketHours,closed,0,3,,288.02,,,,,,,,,,no,FAIL,subyacente_no_usd|bolsa_no_permitida_XLON,
LHXx,LHX,L3Harris Technologies xStock,XssE4tb3kc3f5V5cRL6dsuffP9wDm915W4bAsyNf62A,stock,XNYS,TwentyFourFive,overnight,0,7,,236.88,,False,,,,,,,,no,FAIL,buy100_sin_ruta_market_maker,2026-10-06T06:42:44.019862Z
LIIx,LII,Lennox International xStock,Xs4MEQwg4mtEjAbtBzKsmrDccxX64Y4emF2yJptPJ3q,stock,XNYS,TwentyFourFive,overnight,0,7,,361.15,,False,,,,,,,,no,FAIL,buy100_sin_ruta_market_maker,2026-10-06T06:54:33.039887Z
LINEx,LINE,Lineage xStock,XsCJ4T6wJMKaUBqQhxzB7QxGT96AQo7ukQfFLDRBQHQ,stock,XNAS,TwentyFourFive,overnight,0,2,,34.98,,False,,,,,,,,no,FAIL,buy100_sin_ruta_market_maker,2026-10-06T06:38:13.595477Z
LKQx,LKQ,LKQ xStock,XsAW6v5zx2FfsK5TvTUHrF3F2H4D5YvBtsqJ6Cvnhq4,stock,XNAS,TwentyFourFive,overnight,0,2,,22.4,,False,,,,,,,,no,FAIL,buy100_sin_ruta_market_maker,2026-10-06T06:36:15.538348Z
LLOYx,LLOYL,Lloyds Banking xStock,XskhwomYHra5YRCmeH3PtiCZY9Lx9QprrxvREdk1YEQ,stock,XLON,MarketHours,closed,0,3,,103.83,,,,,,,,,,no,FAIL,subyacente_no_usd|bolsa_no_permitida_XLON,
LMTx,LMT,Lockheed Martin xStock,XssULacY8D3z3a8HoQuLid8wdJHcZLGpSST9MkNFzox,stock,XNYS,TwentyFourFive,overnight,0,10,536.2161149489687,507.31,569.8,False,,,,,,,,no,FAIL,desvio_precio_jupiter_vs_referencia|buy100_sin_ruta_market_maker,2026-10-06T06:59:41.353595Z
LNCx,LNC,Lincoln National xStock,XsahEE3wXMm3X9QSKc2Xfkem7ZuARkc8hp3dZkuSEkS,stock,XNYS,TwentyFourFive,overnight,0,2,,41.01,,False,,,,,,,,no,FAIL,buy100_sin_ruta_market_maker,2026-10-06T06:37:45.912368Z
LNGx,LNG,Cheniere Energy xStock,XsYLZdcMYST418xZhTV6KaHqr8BWqaKS3J45ywqigF9,stock,XNYS,TwentyFourFive,overnight,0,6,,275,,False,,,,,,,,no,FAIL,buy100_sin_ruta_market_maker,2026-10-06T07:01:48.563916Z
LNTx,LNT,Alliant Energy xStock,Xs1WFZQyEwCZwEyZHRxTzd2KoEoa6MVfv2aZeAc2HXK,stock,XNAS,TwentyFourFive,overnight,0,7,,64.29,,False,,,,,,,,no,FAIL,buy100_sin_ruta_market_maker,2026-10-06T06:53:23.870931Z
LOWx,LOW,Lowe's Companies xStock,XsixDLxXcKZBcRBddYiPZjB9FJcKMTLd4B7VBeKo3pB,stock,XNYS,TwentyFourFive,overnight,0,9,194.50568649953624,179.7465,821.1,False,,,,,,,,no,FAIL,desvio_precio_jupiter_vs_referencia|buy100_sin_ruta_market_maker,2026-10-06T06:44:17.747369Z
LPLAx,LPLA,LPL Financial xStock,Xsk7doh3Qsz51GJdGFUdXcW4PFSKgfj1KGMy6jjbk6J,stock,XNAS,TwentyFourFive,overnight,0,7,,331.98,,False,,,,,,,,no,FAIL,buy100_sin_ruta_market_maker,2026-10-06T06:54:04.724392Z
LRCXx,LRCX,Lam Research Corporation xStock,XsSN912SN4Whn2xn59vWZHt1uLbw9WnoNGp5MigmHFf,stock,XNAS,TwentyFourFive,overnight,0,13,,346.7368,,False,,,,,,,,no,FAIL,buy100_sin_ruta_market_maker,2026-10-06T07:02:07.079835Z
LRx,LRP,Legrand xStock,Xsq9AE4EeEZMVegGhh2CzduBYN7iAxUMyHD72QHR2P9,stock,XPAR,MarketHours,closed,0,2,,143.1,,,,,,,,,,no,FAIL,subyacente_no_usd|bolsa_no_permitida_XPAR,
LSCCx,LSCC,Lattice Semiconductor xStock,XsjaZAWtPNA1ZWqbPZxaDWtx1h9L23ucmRquwuSHQuf,stock,XNAS,TwentyFourFive,overnight,0,7,,132.85,,False,,,,,,,,no,FAIL,buy100_sin_ruta_market_maker,2026-10-06T06:53:04.376895Z
LSEGx,LSEGL,London Stock Exchange xStock,Xsgqwc7TpDNsYD8j4MLTzwqJuECdAcvW4jB9S62FDfX,stock,XLON,MarketHours,closed,0,3,,8192,,,,,,,,,,no,FAIL,subyacente_no_usd|bolsa_no_permitida_XLON,
LSTRx,LSTR,Landstar System xStock,XsBtrn7noWgtXQcXoKv7oz3iZrNoQzhx9ErHwiGB3vq,stock,XNAS,TwentyFourFive,overnight,0,2,,171.22,,False,,,,,,,,no,FAIL,buy100_sin_ruta_market_maker,2026-10-06T06:36:35.492754Z
LULUx,LULU,lululemon xStock,XsDmtC5EpfzJoCzDN2SJP98xpCsSR2CqdZauJSvHNXT,stock,XNAS,TwentyFourFive,overnight,0,4,,93.0192,,False,,,,,,,,no,FAIL,buy100_sin_ruta_market_maker,2026-10-06T07:02:39.205519Z
LUNRx,LUNR,Intuitive Machines xStock,XsBHq5npA7gUemYgFkzHvpWznPvybEUmyuz3o3Dim11,stock,,TwentyFourFive,overnight,0,3,,14.34,,,,,,,,,,no,FAIL,bolsa_no_informada,
LUVx,LUV,Southwest Airlines xStock,XseRUafvQDXZSddDFpsXQPBNggurszyztkh4TEnvEuM,stock,XNYS,TwentyFourFive,overnight,0,7,,41.85,,False,,,,,,,,no,FAIL,buy100_sin_ruta_market_maker,2026-10-06T06:46:23.985023Z
LVSx,LVS,Las Vegas Sands xStock,Xs9bwo2tkrKRJxr9787rKj2bKcQUMFNtbzruYTrxdst,stock,XNYS,TwentyFourFive,overnight,0,7,,36.59,,False,,,,,,,,no,FAIL,buy100_sin_ruta_market_maker,2026-10-06T06:45:40.203195Z
LWx,LW,Lamb Weston xStock,XsNyNn21HTJJQ4cPnmUmwYXayZgDXnjAV1JqVX9DYKn,stock,XNYS,TwentyFourFive,overnight,0,2,,45.1028,,False,,,,,,,,no,FAIL,buy100_sin_ruta_market_maker,2026-10-06T06:35:57.910063Z
LYFTx,LYFT,Lyft xStock,Xs4EhDN7X1ZjuUqUwfQALufYZbnaGoZT5ibv8L8fsHp,stock,XNAS,TwentyFourFive,overnight,0,2,,15.74,,False,,,,,,,,no,FAIL,buy100_sin_ruta_market_maker,2026-10-06T06:36:22.974633Z
LYTEx,LYTE,Roundhill Photonics & Optics ETF xStock,Xs5xCbQ7r3tJrR1huRmNrAKLyDZQM4MadU1rkmrh8hX,etf,,TwentyFourFive,overnight,0,3,,25.98,,,,,,,,,,no,FAIL,bolsa_no_informada,
LYVx,LYV,Live Nation Entertainment xStock,XsFU9pEZTmFTwGowKZkVtagbF5ivCJ4WTyPEZrzVFzY,stock,XNYS,TwentyFourFive,overnight,0,7,,170.67,,False,,,,,,,,no,FAIL,buy100_sin_ruta_market_maker,2026-10-06T06:54:34.542978Z
Lx,L,Loews xStock,XsUn5iqqryPGjArLc1FWnzaquVsCjTPciXQGkRyWfho,stock,XNYS,TwentyFourFive,overnight,0,7,,105.67,,False,,,,,,,,no,FAIL,buy100_sin_ruta_market_maker,2026-10-06T06:46:49.935471Z
MAAx,MAA,Mid-America Apartment Communities xStock,XsUGoD9Dik1iNBgsjSzdjt7psrGgWpQ29DQr825e8Le,stock,XNYS,TwentyFourFive,overnight,0,7,,116,,False,,,,,,,,no,FAIL,buy100_sin_ruta_market_maker,2026-10-06T06:40:49.396999Z
MANHx,MANH,Manhattan Associates xStock,XsvSL6VixgcGgaPDBuHEyTfmR798Q4tdg2sCtwvev4M,stock,XNAS,TwentyFourFive,overnight,0,3,,205.45,,False,,,,,,,,no,FAIL,buy100_sin_ruta_market_maker,2026-10-06T06:40:50.027718Z
MARx,MAR,Marriott International xStock,Xs85zRMSv4KTRqSNjZSFWgEXEyb3esxUBzhTj377DH8,stock,XNAS,TwentyFourFive,overnight,0,7,,355.89,,False,,,,,,,,no,FAIL,buy100_sin_ruta_market_maker,2026-10-06T06:41:19.365173Z
MASx,MAS,Masco xStock,XsNZFvmZv6zEeAxgF5L72Nt6A2K8Uo6u7aRDLm7Smvc,stock,XNYS,TwentyFourFive,overnight,0,8,,68.46,,False,,,,,,,,no,FAIL,buy100_sin_ruta_market_maker,2026-10-06T06:51:59.874385Z
MBGLx,MBGL,Mobility Global xStock,Xs4f5WDx1EECdjJMXja4BJXUcZyHGdtLLWj9KSJxDYe,stock,XNYS,TwentyFourFive,overnight,0,2,,17.59,,False,,,,,,,,no,FAIL,buy100_sin_ruta_market_maker,2026-10-06T06:36:27.935831Z
MBGx,MBGD,Mercedes-Benz xStock,XscYuBxzm8MrpZdAnfo5D5UTQdgQJirs45mB12bpLh6,stock,XETR,MarketHours,closed,0,3,,0.21,,,,,,,,,,no,FAIL,subyacente_no_usd|bolsa_no_permitida_XETR,
MC.FRx,MCP,LVMH Moet Hennessy Louis Vuitton xStock,Xsqqd3jgJH5K1GfLZ26mSG4DP3d6g5xje7zutrVqzs4,stock,XPAR,MarketHours,closed,0,3,,,,,,,,,,,,no,FAIL,subyacente_no_usd|bolsa_no_permitida_XPAR|sin_precio_de_referencia,
MCHPx,MCHP,Microchip Technology xStock,Xs9GioXYhWaR1Pt7HLiNRgkHynWdPPWcdZWdUCHkZNj,stock,XNAS,TwentyFourFive,overnight,0,8,,81.844,,False,,,,,,,,no,FAIL,buy100_sin_ruta_market_maker,2026-10-06T06:57:00.728579Z
MCKx,MCK,McKesson xStock,XsnoiYFyBemVokJpx3ddt6mPB3v2HepSevRLXSfj3Y5,stock,XNYS,TwentyFourFive,overnight,0,7,,915.45,,False,,,,,,,,no,FAIL,buy100_sin_ruta_market_maker,2026-10-06T06:59:28.322848Z
MCOx,MCO,Moody's xStock,XseTVygt2sUPQsfYbYVMXzV1AeMRE6Usj9DEWwStMe3,stock,XNYS,TwentyFourFive,overnight,0,7,,448.15,,False,,,,,,,,no,FAIL,buy100_sin_ruta_market_maker,2026-10-06T06:42:42.347619Z
MDBx,MDB,MongoDB xStock,Xs12gqhuCeC9gpUdN6uDJQfpyKNf9Y4uK2TKY6c7NrZ,stock,XNAS,TwentyFourFive,overnight,0,6,354.1120363966689,358.5,-122.4,False,,,,,,,,no,FAIL,buy100_sin_ruta_market_maker,2026-10-06T06:41:14.584387Z
MDGLx,MDGL,Madrigal Pharmaceuticals xStock,Xs6hbDwJ8wr1zoxLusdhY2Vxjfz5C2doLVgZdZGRqvz,stock,XNAS,TwentyFourFive,overnight,0,2,,493.62,,False,,,,,,,,no,FAIL,buy100_sin_ruta_market_maker,2026-10-06T06:41:09.439317Z
MDLNx,MDLN,Medline xStock,XsxaiepK535fVqavwRvJVTC64KaCLTtCgQT5jpR3rJt,stock,XNAS,MarketHours,overnight,0,4,,35.8,,False,,,,,,,,no,FAIL,buy100_sin_ruta_market_maker,2026-10-06T07:00:47.070712Z
MDLZx,MDLZ,Mondelez International xStock,Xs3hGRD2NSyUUC1fjK5gKe8hXQgLoqxjR5WtYL1NBbg,stock,XNAS,TwentyFourFive,overnight,0,8,,58.59,,False,,,,,,,,no,FAIL,buy100_sin_ruta_market_maker,2026-10-06T06:46:37.796883Z
MDTx,MDT,Medtronic xStock,XsDgw22qRLTv5Uwuzn6T63cW69exG41T6gwQhEK22u2,stock,XNYS,TwentyFourFive,overnight,0,19,,88.06,,True,64.3,rfq/JupiterZ,True,129.3,False,,,no,FAIL,sell100_sin_ruta_market_maker,2026-10-06T07:12:46.524112Z
MEDPx,MEDP,Medpace xStock,XsPdH3m4B33ZaRS5saL1XGQnUVYsx1yyEyAxmNfcpCb,stock,XNAS,TwentyFourFive,overnight,0,3,,620.51,,False,,,,,,,,no,FAIL,buy100_sin_ruta_market_maker,2026-10-06T06:41:42.968557Z
MEITx,3690,Meituan xStock,XsLvCfSnXJjoVaAJENHxKRzCZaWJpyVQQfJgkHp9oXM,stock,XHKG,Regular,market,0,2,,,,,,,,,,,,no,FAIL,subyacente_no_usd|bolsa_no_permitida_XHKG|sin_precio_de_referencia,
METCx,METC,Ramaco Resources xStock,Xs2UKGPTD9S19rXkSqwJ6ufxAtuCU9Ww3wQumk9MvCn,stock,XNAS,TwentyFourFive,overnight,0,4,,8.1,,False,,,,,,,,no,FAIL,buy100_sin_ruta_market_maker,2026-10-06T06:34:58.159155Z
METx,MET,MetLife xStock,XsGhGG2TNXuJLFL5q7pAomKtMVc2YvVqs4G1hyBZLfw,stock,XNYS,TwentyFourFive,overnight,0,7,,96.88,,False,,,,,,,,no,FAIL,buy100_sin_ruta_market_maker,2026-10-06T06:57:12.343132Z
MGMx,MGM,MGM Resorts International xStock,Xs2hW1n8cBJAKUtDxZjJtFZBaxqTwczJY6n6XY8eV4o,stock,XNYS,TwentyFourFive,overnight,0,3,,30.3699,,False,,,,,,,,no,FAIL,buy100_sin_ruta_market_maker,2026-10-06T06:39:56.448609Z
MHKx,MHK,Mohawk Industries xStock,Xs23qgF56tQ5Yjym3WS8wLkkoNVaeo9cPdYTn2GnAwH,stock,XNYS,TwentyFourFive,overnight,0,2,,124.93,,False,,,,,,,,no,FAIL,buy100_sin_ruta_market_maker,2026-10-06T06:38:34.820938Z
MIDDx,MIDD,The Middleby xStock,XsKAtVVG5FaoF9kvphYgy19V6GTeHcisC92u6fJPZKW,stock,XNAS,TwentyFourFive,overnight,0,2,,105.11,,False,,,,,,,,no,FAIL,buy100_sin_ruta_market_maker,2026-10-06T06:34:29.739772Z
MIXUx,2097,Mixue xStock,Xs85byjTdWv5Z3YpUqyJjeRaZsxQDz81skYjQKdPDZc,stock,XHKG,Regular,market,0,1,,,,,,,,,,,,no,FAIL,subyacente_no_usd|bolsa_no_permitida_XHKG|sin_precio_de_referencia,
MKCx,MKC,McCormick xStock,XscRMWo5xvLxenVLxmodRqZC3UJwACXoxAEEGQzrzKd,stock,XNYS,TwentyFourFive,overnight,0,8,,45.55,,False,,,,,,,,no,FAIL,buy100_sin_ruta_market_maker,2026-10-06T06:42:46.679597Z
MKLx,MKL,Markel xStock,XsE44zHnRJVdk5vRpy2YvUPbbg4caoxihL8EKDatiCn,stock,XNYS,TwentyFourFive,overnight,0,7,,1726.58,,False,,,,,,,,no,FAIL,buy100_sin_ruta_market_maker,2026-10-06T06:41:50.216915Z
MKS.GBx,MKSL,Marks & Spencer xStock,XsGy52e7g5whVEwDxXoN7JNxyfffh4Rr8QYvsXRgyNU,stock,XLON,MarketHours,closed,0,3,,,,,,,,,,,,no,FAIL,subyacente_no_usd|bolsa_no_permitida_XLON|sin_precio_de_referencia,
MKSIx,MKSI,MKS xStock,XsVDmkYEQ3wwLkXKdkRmic3HroSbReejAcnY9eNmrRW,stock,XNAS,TwentyFourFive,overnight,0,7,,284,,False,,,,,,,,no,FAIL,buy100_sin_ruta_market_maker,2026-10-06T06:53:14.628669Z
MKTXx,MKTX,MarketAxess xStock,Xsw4X1XLVthVk8HUD3eqyVTVj2QAvMwmuTXRwXvWcU2,stock,XNAS,TwentyFourFive,overnight,0,2,,164.04,,False,,,,,,,,no,FAIL,buy100_sin_ruta_market_maker,2026-10-06T06:35:37.899846Z
MLIx,MLI,Mueller Industries xStock,XsikuTgNGjzibezDk9u22QGW8zQaGWyK61vN4gQE4Dc,stock,XNYS,TwentyFourFive,overnight,0,8,,62.97,,False,,,,,,,,no,FAIL,buy100_sin_ruta_market_maker,2026-10-06T06:45:00.452845Z
MLMx,MLM,Martin Marietta Materials xStock,Xsvi61uutcLdAsa5NxJ2c9geLgzUFM3tMtpJ44eoegt,stock,XNYS,TwentyFourFive,overnight,0,7,,485.5,,False,,,,,,,,no,FAIL,buy100_sin_ruta_market_maker,2026-10-06T06:54:43.087673Z
MLx,MLP,Michelin xStock,XssHXVZ9kS8BHYtiNSpJkJbwKHYLtFEWffxdVkb5jjB,stock,XPAR,MarketHours,closed,0,3,,,,,,,,,,,,no,FAIL,subyacente_no_usd|bolsa_no_permitida_XPAR|sin_precio_de_referencia,
MMGx,1208,MMG xStock,XsfLyKBQbxGQu7jQk37Ev55Sb9hxfbiHxX7X3msqHTs,stock,XHKG,Regular,market,0,2,,0.2,,,,,,,,,,no,FAIL,subyacente_no_usd|bolsa_no_permitida_XHKG,
MMMx,MMM,3M xStock,XsTEo8W2L8JprN57bmJgatDT84z57ReJYizr5f32BfP,stock,XNYS,TwentyFourFive,overnight,0,8,168.99670220135482,162.96,370.4,False,,,,,,,,no,FAIL,desvio_precio_jupiter_vs_referencia|buy100_sin_ruta_market_maker,2026-10-06T06:44:04.516880Z
MNDIx,MNDIL,Mondi xStock,XswrDgJ2NABYfT7TZzvkVG3XqSFRDkq2weMxeCURFxh,stock,XLON,MarketHours,closed,0,3,,778.8,,,,,,,,,,no,FAIL,subyacente_no_usd|bolsa_no_permitida_XLON,
MNGx,MNGL,M&G xStock,XsBdWEWbrhQn3JUJA9UtmfatyQfWHtsczb6kaCFbPAF,stock,XLON,MarketHours,closed,0,3,,81.51,,,,,,,,,,no,FAIL,subyacente_no_usd|bolsa_no_permitida_XLON,
MODx,MOD,Modine Manufacturing xStock,XsaiHwUCnDSFoBSZAuuQEWVnyjnzMAWdcbSBFYS2tkX,stock,XNYS,TwentyFourFive,overnight,0,2,,187.8799,,False,,,,,,,,no,FAIL,buy100_sin_ruta_market_maker,2026-10-06T06:39:12.333139Z
MORNx,MORN,Morningstar xStock,XsaA8DuUXy5XHGRCHjE5Z1YnmagxYv83MhGKCrEpbBE,stock,XNAS,TwentyFourFive,overnight,0,2,,189.16,,False,,,,,,,,no,FAIL,buy100_sin_ruta_market_maker,2026-10-06T06:36:34.738921Z
MOSx,MOS,The Mosaic xStock,XsPti6oM1EuvpHdSxab8hTbiAtdye8ic7Zxobua3cdo,stock,XNYS,TwentyFourFive,overnight,0,2,,21.35,,False,,,,,,,,no,FAIL,buy100_sin_ruta_market_maker,2026-10-06T06:37:27.847886Z
MOx,MO,Altria xStock,XsztStxbbGZE63p8DyD8YCpzyWFJwwy2PNcyaf3cZz8,stock,XNYS,TwentyFourFive,overnight,0,7,,67.69,,False,,,,,,,,no,FAIL,buy100_sin_ruta_market_maker,2026-10-06T06:59:57.034693Z
MPCx,MPC,Marathon Petroleum xStock,XsyqGLaBLmGCZstuUrvo7iWhJkZgg4KEBtcxVFBsYSg,stock,XNYS,TwentyFourFive,overnight,0,7,,434.74,,False,,,,,,,,no,FAIL,buy100_sin_ruta_market_maker,2026-10-06T06:57:56.646505Z
MPWRx,MPWR,Monolithic Power Systems xStock,Xs9YEeNWvRwWK4wPHPaitx9mFyfU6hbUY539BLJSHCN,stock,XNAS,TwentyFourFive,overnight,0,9,1383.8673751956565,1480,-649.5,False,,,,,,,,no,FAIL,desvio_precio_jupiter_vs_referencia|buy100_sin_ruta_market_maker,2026-10-06T06:42:45.557584Z
MPx,MP,MP Materials xStock,XsFARXCfXKCdu6BxV2WACBt3Dk88nxLujoqPzyyBib9,stock,XNYS,TwentyFourFive,overnight,0,3,,47.04,,False,,,,,,,,no,FAIL,buy100_sin_ruta_market_maker,2026-10-06T06:39:45.936615Z
MRK.DEx,MRKD,Merck KGaA xStock,XscHDFHM4D3es53tvaKiQZd5jxcrQ21HJTDmbN8iM7S,stock,XETR,MarketHours,closed,0,3,,,,,,,,,,,,no,FAIL,subyacente_no_usd|bolsa_no_permitida_XETR|sin_precio_de_referencia,
MROx,MROL,Melrose Industries xStock,Xs8gEF9vKesfaRWz47hTQdiwi6DP55cQwbmZhmF5mYa,stock,XLON,MarketHours,closed,0,3,,475.1,,,,,,,,,,no,FAIL,subyacente_no_usd|bolsa_no_permitida_XLON,
MRSHx,MRSH,Marsh xStock,Xso2JLSTXQjpDXw1r7ZxbC2JCbB6iLGw65kUzQvgTwH,stock,XNYS,TwentyFourFive,overnight,0,7,,170.43,,False,,,,,,,,no,FAIL,buy100_sin_ruta_market_maker,2026-10-06T06:44:07.279417Z
MSAx,MSA,MSA Safety xStock,Xs1U17KN2ddEgLKgd1YaSK3xFeu4uaHZc8Q5SnpsJZe,stock,XNYS,TwentyFourFive,overnight,0,2,,183.13,,False,,,,,,,,no,FAIL,buy100_sin_ruta_market_maker,2026-10-06T06:36:20.343023Z
MSCIx,MSCI,MSCI xStock,Xs4BPW5YU7RsXMmCt6CyDphWH3YLtyaXDXEzZDmj33G,stock,XNYS,TwentyFourFive,overnight,0,9,549.5398213865723,552.35,-50.9,False,,,,,,,,no,FAIL,buy100_sin_ruta_market_maker,2026-10-06T06:54:44.689931Z
MSGSx,MSGS,Madison Square Garden Sports xStock,XsTBgHm23t7FUnpFqupiQ28hvVgioZnnXXJY8uLG49u,stock,XNYS,TwentyFourFive,overnight,0,2,,400.32,,False,,,,,,,,no,FAIL,buy100_sin_ruta_market_maker,2026-10-06T06:38:32.355357Z
MSIx,MSI,Motorola Solutions xStock,Xsa1gZ38panjmJwh6cr9QQ1YpRBEzVfxrykWSsiWvJe,stock,XNYS,TwentyFourFive,overnight,0,7,,455.37,,False,,,,,,,,no,FAIL,buy100_sin_ruta_market_maker,2026-10-06T06:58:33.430960Z
MSMx,MSM,MSC Industrial Direct xStock,XsJ9n2GiDKrmVxfthsnCRRHtxKt8pWmzSqb3ZCvdg16,stock,XNYS,TwentyFourFive,overnight,0,2,,130.16,,False,,,,,,,,no,FAIL,buy100_sin_ruta_market_maker,2026-10-06T06:36:04.800936Z
MSx,MS,Morgan Stanley xStock,XsUucbjDLYbER4WNNffn1eQ9cDnAcFVfLgSZeLHPDZS,stock,XNYS,TwentyFourFive,overnight,0,9,204.92181348993122,190.48,758.2,False,,,,,,,,no,FAIL,desvio_precio_jupiter_vs_referencia|buy100_sin_ruta_market_maker,2026-10-06T07:00:27.677238Z
MTBx,MTB,M&T Bank xStock,XsMXtu6uQkfvxCYURytUcQvhFCoqvphtoezVBh42CfZ,stock,XNYS,TwentyFourFive,overnight,0,7,,218.28,,False,,,,,,,,no,FAIL,buy100_sin_ruta_market_maker,2026-10-06T06:56:25.974423Z
MTCHx,MTCH,Match xStock,XsBkc7DDv6LLhNWMtCQ54ETfC2BEGJR6vFc4koZskkz,stock,XNAS,TwentyFourFive,overnight,0,2,,40.33,,False,,,,,,,,no,FAIL,buy100_sin_ruta_market_maker,2026-10-06T06:38:11.148221Z
MTDRx,MTDR,Matador Resources xStock,XsYwhnE7zpS9AWtvv3tCpYqE6bum5JPwUfcfaRhQ7Q5,stock,XNYS,TwentyFourFive,overnight,0,2,,52.2832,,False,,,,,,,,no,FAIL,buy100_sin_ruta_market_maker,2026-10-06T06:36:20.422726Z
MTDx,MTD,Mettler-Toledo International xStock,XsXb7oGeK1N5Jk9mm9VD4ZQrXsu9NULWP3C3n7hhDWp,stock,XNYS,TwentyFourFive,overnight,0,7,,1524.992,,False,,,,,,,,no,FAIL,buy100_sin_ruta_market_maker,2026-10-06T06:53:05.974133Z
MTGx,MTG,MGIC Investment xStock,Xs9SHF5KdxgWUpVtVW7gMeNHcSVyZi43PPjY2dYwwZf,stock,XNYS,TwentyFourFive,overnight,0,2,,27.12,,False,,,,,,,,no,FAIL,buy100_sin_ruta_market_maker,2026-10-06T06:36:17.960512Z
MTNx,MTN,Vail Resorts xStock,XsWUZviERcPDRqs1DTAdeo26HRKZaZXPSBVz7t3euzR,stock,XNYS,TwentyFourFive,overnight,0,2,,139.3,,False,,,,,,,,no,FAIL,buy100_sin_ruta_market_maker,2026-10-06T06:35:41.996256Z
MTRCPx,66,MTR xStock,Xs1myeXT9eHk3aAX2xa6LZ5AWBJzsDLc5RxT9zYqWAm,stock,XHKG,Regular,market,0,2,,,,,,,,,,,,no,FAIL,subyacente_no_usd|bolsa_no_permitida_XHKG|sin_precio_de_referencia,
MTSIx,MTSI,MACOM Technology Solutions xStock,XsGkSoEbLmqH2GCixj1MdGYHDbRaJdgnnDPrYhMuLxA,stock,XNAS,TwentyFourFive,overnight,0,7,,328.3,,False,,,,,,,,no,FAIL,buy100_sin_ruta_market_maker,2026-10-06T06:54:17.127915Z
MTX.DEx,MTXD,MTU Aero Engines xStock,XsQjhmAtvidv654AAcbagbRiPnhibNpdmpirHyefKch,stock,XETR,MarketHours,closed,0,3,,,,,,,,,,,,no,FAIL,subyacente_no_usd|bolsa_no_permitida_XETR|sin_precio_de_referencia,
MTZx,MTZ,MasTec xStock,XsvBVwk5d7eU6prsSxHJPu2adEm5q6wx55mbhov2UnF,stock,XNYS,TwentyFourFive,overnight,0,7,,219.4,,False,,,,,,,,no,FAIL,buy100_sin_ruta_market_maker,2026-10-06T06:41:46.783483Z
MTx,MTA,ArcelorMittal xStock,XsGqdhKkM7DNppdwtDsrjodypzPvGbchyfE3NiuW5vv,stock,XAMS,MarketHours,closed,0,3,,64.73,,,,,,,,,,no,FAIL,subyacente_no_usd|bolsa_no_permitida_XAMS,
MUSAx,MUSA,Murphy USA xStock,XsxetxdredFJuPSRtp8s7zy4gC94a7Z1FDdtUbNJYQa,stock,XNYS,TwentyFourFive,overnight,0,2,,511.68,,False,,,,,,,,no,FAIL,buy100_sin_ruta_market_maker,2026-10-06T06:39:07.563203Z
MUUx,MUU,Micron 2x Long ETF xStock,XsjZG9MgLMECjzSSxq3G7rabDceoaDqhN4C4zwce4i8,etp_apalancado,XNAS,TwentyFourFive,overnight,0,19,,36.4296,,,,,,,,,,no,FAIL,producto_apalancado_inverso_o_volatilidad,
MUV2x,MUV2D,Munchener Ruckversicherungs-Gesellschaft xStock,XsZcmxHJ9hwHirqXKGPR9Kr1pSQrr6amfNVkyrfer5Y,stock,XETR,MarketHours,closed,0,3,,510.4,,,,,,,,,,no,FAIL,subyacente_no_usd|bolsa_no_permitida_XETR,
MVLLx,MVLL,Marvell 2x Long ETF xStock,XsVEdRV17tPdXHamAi6TVFjyeSRHnCjdY5GXqAaevuk,etp_apalancado,XNAS,TwentyFourFive,overnight,0,6,,38.07,,,,,,,,,,no,FAIL,producto_apalancado_inverso_o_volatilidad,
Mx,M,Macy's xStock,XsVh5cyAi8zXbSBPR6JPeD1vtN9g76ZzSQM8AswHUvG,stock,XNYS,TwentyFourFive,overnight,0,2,,22.6104,,False,,,,,,,,no,FAIL,buy100_sin_ruta_market_maker,2026-10-06T06:35:30.486903Z
NBISx,NBIS,Nebius xStock,Xsii5eERa2sKFyTHQqdYxpxL5xoUSLVurzHeqBEMBho,stock,XNAS,TwentyFourFive,overnight,0,15,242.38913149997418,233.9,362.9,False,,,,,,,,no,FAIL,desvio_precio_jupiter_vs_referencia|buy100_sin_ruta_market_maker,2026-10-06T06:42:24.779884Z
NBIXx,NBIX,Neurocrine Biosciences xStock,XsCNTvYMAHYPuHc5r9WWhnYfvAZMLLsguv2NBLs8wrx,stock,XNAS,TwentyFourFive,overnight,0,7,,144.21,,False,,,,,,,,no,FAIL,buy100_sin_ruta_market_maker,2026-10-06T06:45:01.669775Z
NCLHx,NCLH,Norwegian Cruise Line xStock,XsWSgzrjyVsQJZKTv82uCcvVPxHWTzbxo8C4u2uRTzm,stock,XNYS,TwentyFourFive,overnight,0,2,,14.8885,,False,,,,,,,,no,FAIL,buy100_sin_ruta_market_maker,2026-10-06T06:38:04.912101Z
NDA.FIx,NDAH,Nordea Bank Abp xStock,XsQsUer4SgQ5yzd1R8hPyLmX7PLsgxgYnnnfLsni6h1,stock,XHEL,MarketHours,closed,0,3,,,,,,,,,,,,no,FAIL,subyacente_no_usd|bolsa_no_permitida_XHEL|sin_precio_de_referencia,
NDAQx,NDAQ,Nasdaq Inc. xStock,XsLSwcujLXXgCPZWPZKRsksbZrWupPMNKmg6A71g2Ba,stock,XNAS,TwentyFourFive,overnight,0,8,,92.23,,False,,,,,,,,no,FAIL,buy100_sin_ruta_market_maker,2026-10-06T06:51:58.214702Z
NDSNx,NDSN,Nordson xStock,Xsgfrh1tHEuCADVTuQDZiG5LRcVYeEU1wKT3YKuucbA,stock,XNAS,TwentyFourFive,overnight,0,7,,334.43,,False,,,,,,,,no,FAIL,buy100_sin_ruta_market_maker,2026-10-06T06:45:50.226206Z
NEEx,NEE,NextEra Energy xStock,Xs4f5EbxL1bB89N7ADF7smF8fXxifJa3t6SexZufBWA,stock,XNYS,TwentyFourFive,overnight,0,9,81.21487271860524,76.36,635.8,False,,,,,,,,no,FAIL,desvio_precio_jupiter_vs_referencia|buy100_sin_ruta_market_maker,2026-10-06T07:00:20.990741Z
NEMx,NEM,Newmont xStock,XssuE11NLek5vAeHNS2Jm8PFvT4PE7dtnpZwasWTGDT,stock,XNYS,TwentyFourFive,overnight,0,7,,115.11,,False,,,,,,,,no,FAIL,buy100_sin_ruta_market_maker,2026-10-06T06:44:13.225368Z
NESTEx,NESTEH,Neste xStock,Xsf3EXVHiVJv5YqaPLLT1rgdyuyacDyWEsn3HqkZfXn,stock,XHEL,MarketHours,closed,0,3,,32.45,,,,,,,,,,no,FAIL,subyacente_no_usd|bolsa_no_permitida_XHEL,
NETx,NET,Cloudflare xStock,XsR3LAMkzuPP8DnfYaiB2grTWqkBVy286gjJVErK1bi,stock,XNYS,TwentyFourFive,overnight,0,10,335.67086494605803,361.37,-711.2,True,178.1,rfq/JupiterZ,,,,,,no,FAIL,desvio_precio_jupiter_vs_referencia|buy100_costo_alto,2026-10-06T07:01:47.617464Z
NEUx,NEU,NewMarket xStock,XsFqDtALd4rKggk9VWzyGdRd2EYg7ZWtumw8wrhpTXe,stock,XNYS,TwentyFourFive,overnight,0,2,,924.35,,False,,,,,,,,no,FAIL,buy100_sin_ruta_market_maker,2026-10-06T06:38:19.718725Z
NFGx,NFG,National Fuel Gas xStock,XsEcrQmyJcwrP4LdMcThckeft9WRR6arQL3hm81dUqK,stock,XNYS,TwentyFourFive,overnight,0,2,,76.34,,False,,,,,,,,no,FAIL,buy100_sin_ruta_market_maker,2026-10-06T06:37:51.877588Z
NG.GBx,NGL,National Grid xStock,Xsa4x5GF2utijLC8uY1DmPYKRpeHk9BT2QXkQD2ZRyz,stock,XLON,MarketHours,closed,0,3,,,,,,,,,,,,no,FAIL,subyacente_no_usd|bolsa_no_permitida_XLON|sin_precio_de_referencia,
NIx,NI,NiSource xStock,XsC3CiuRAFKN99m2ye6q7xrYMx4NuBdr1JR2gVWgFLD,stock,XNYS,TwentyFourFive,overnight,0,7,,39.55,,False,,,,,,,,no,FAIL,buy100_sin_ruta_market_maker,2026-10-06T06:53:12.923206Z
NKEx,NKE,Nike xStock,XsGYpMvKbVt6ViHqRd7cF3s746dAMFBQWcC49hB9VVP,stock,XNYS,TwentyFourFive,overnight,0,7,,33.92,,False,,,,,,,,no,FAIL,buy100_sin_ruta_market_maker,2026-10-06T06:45:58.229848Z
NLRx,NLR,VanEck Uranium and Nuclear xStock,XsTSfxoQry8okZoGMN5t6mExibDq3gA2NDLJeLztX7E,etf,ARCX,MarketHours,overnight,0,9,109.05867054138491,103.73,513.7,False,,,,,,,,no,FAIL,desvio_precio_jupiter_vs_referencia|buy100_sin_ruta_market_maker,2026-10-06T06:44:30.112029Z
NLYx,NLY,Annaly Capital Management xStock,XsFzP3jXofHQ3GKPYoGfFNQQKyWrNcPR5Xgg8gbk9op,stock,XNYS,TwentyFourFive,overnight,0,8,,18.35,,False,,,,,,,,no,FAIL,buy100_sin_ruta_market_maker,2026-10-06T06:45:19.860527Z
NN.NLx,NNA,NN xStock,Xso9NBGGLwX39AHfBUj42BkSTkaa9ZELUuHgwxj5qUW,stock,XAMS,MarketHours,closed,0,3,,,,,,,,,,,,no,FAIL,subyacente_no_usd|bolsa_no_permitida_XAMS|sin_precio_de_referencia,
NNNx,NNN,NNN REIT xStock,Xs9CzAnDPsBBovnpxPJxa1bd7TXrBXcYD628QHcW5YH,stock,XNYS,TwentyFourFive,overnight,0,2,,40.978,,False,,,,,,,,no,FAIL,buy100_sin_ruta_market_maker,2026-10-06T06:37:57.502888Z
NOCx,NOC,Northrop Grumman xStock,Xs1eyZcwrzzYW3hDjfpm7PiJrC9RyFszsHpqfTeUTCE,stock,XNYS,TwentyFourFive,overnight,0,7,521.5913142766599,476.05,956.6,False,,,,,,,,no,FAIL,desvio_precio_jupiter_vs_referencia|buy100_sin_ruta_market_maker,2026-10-06T06:58:03.231792Z
NOKIAx,NOKIAH,Nokia xStock,XsFfsZoECWgKedfemP3CutNG65XYCbP1qiuwMmaNMZ6,stock,XHEL,MarketHours,closed,0,3,,9.17,,,,,,,,,,no,FAIL,subyacente_no_usd|bolsa_no_permitida_XHEL,
NONGx,9633,Nongfu Spring xStock,XsZHUEeic6QiGEadqCje2zBoTxNX1B3857CjYkMEfuw,stock,XHKG,Regular,market,0,2,,,,,,,,,,,,no,FAIL,subyacente_no_usd|bolsa_no_permitida_XHKG|sin_precio_de_referencia,
NOVx,NOV,NOV xStock,Xsi7n9Y7K7HEJJch8dQEX9Z7qrL6FPjkv39auW5gVE4,stock,XNYS,TwentyFourFive,overnight,0,2,,19.51,,False,,,,,,,,no,FAIL,buy100_sin_ruta_market_maker,2026-10-06T06:36:50.462664Z
NOWx,NOW,ServiceNow xStock,XsBnEFd2EtpwBRNVfN8qLZcVUnuqXRaGCSEEFChLfxL,stock,XNYS,TwentyFourFive,overnight,0,14,128.7124839729339,136,-535.8,False,,,,,,,,no,FAIL,desvio_precio_jupiter_vs_referencia|buy100_sin_ruta_market_maker,2026-10-06T06:59:38.366984Z
NRGx,NRG,NRG Energy xStock,XsZ9qtReiaokaUfW3bEUx2AU4Zmcjk9Y95nEtFMqEXn,stock,XNYS,TwentyFourFive,overnight,0,7,,97.9885,,True,-8.0,rfq/JupiterZ,False,,False,,,no,FAIL,buy1000_sin_ruta_market_maker|sell100_sin_ruta_market_maker,2026-10-06T07:12:13.059625Z
NSCx,NSC,Norfolk Southern xStock,Xs4UsCDQKKJqHjidgoZBHUW9emLD4njpLPsYesp4ZpZ,stock,XNYS,TwentyFourFive,overnight,0,7,,316.23,,False,,,,,,,,no,FAIL,buy100_sin_ruta_market_maker,2026-10-06T06:43:56.849668Z
NTAPx,NTAP,NetApp xStock,XsjLc87ewHkMhsxhNRLy4TZFG64ycoZb23hLc2WW7iZ,stock,XNAS,TwentyFourFive,overnight,0,7,,224.5,,False,,,,,,,,no,FAIL,buy100_sin_ruta_market_maker,2026-10-06T06:55:36.939094Z
NTESx,NTES,NetEase xStock,Xss5mnWWwgwVc6d7dibSqcb43fbmjXAnuRaJ6ZF2iXQ,stock,,TwentyFourFive,overnight,0,3,,119.38,,,,,,,,,,no,FAIL,bolsa_no_informada,
NTNXx,NTNX,Nutanix xStock,XsLsExw7d7cjbN65GwQzS7HaDxCtyE3rjywcNXqEtxL,stock,XNAS,TwentyFourFive,overnight,0,7,,74,,False,,,,,,,,no,FAIL,buy100_sin_ruta_market_maker,2026-10-06T06:44:25.269408Z
NTRAx,NTRA,Natera xStock,Xsw75QJKjhyvcSFDnqrtXn7amNhCVgeoaoo3rp3sDak,stock,XNAS,TwentyFourFive,overnight,0,7,,428.8,,False,,,,,,,,no,FAIL,buy100_sin_ruta_market_maker,2026-10-06T06:54:59.928981Z
NTRSx,NTRS,Northern Trust xStock,XsRx9hY5BQWniDRahLNtV4uyyvQcnaRgrqw5ops842R,etf,XNAS,TwentyFourFive,overnight,0,7,,170.67,,True,832.1,rfq/JupiterZ,,,,,,no,FAIL,buy100_costo_alto,2026-10-06T06:54:38.158788Z
NUEx,NUE,Nucor xStock,XsvdeDvbEfZkvfEUixS9SydEfJopFFD6NJjXZN1haYr,stock,XNYS,TwentyFourFive,overnight,0,7,,251.41,,False,,,,,,,,no,FAIL,buy100_sin_ruta_market_maker,2026-10-06T06:58:15.698742Z
NVDLx,NVDL,GraniteShares 2x Long NVDA Daily ETF xStock,XsrH4d2jVBUbZx5YJ3CyPsiN84ugZQGKCbJAoDn9qEd,etp_apalancado,,TwentyFourFive,overnight,0,3,,40.53,,,,,,,,,,no,FAIL,producto_apalancado_inverso_o_volatilidad|bolsa_no_informada,
NVRx,NVR,NVR xStock,Xso5KNztULjrQZQGzJQEwGcwBLSneMDpunzSu243URw,stock,XNYS,TwentyFourFive,overnight,0,2,,5970.21,,False,,,,,,,,no,FAIL,buy100_sin_ruta_market_maker,2026-10-06T06:41:53.944609Z
NWGx,NWGL,NatWest xStock,XsVXnJqySwKVHq3stnK9EKc7criyv5oTtrid7UJQot7,stock,XLON,MarketHours,closed,0,3,,17.5,,,,,,,,,,no,FAIL,subyacente_no_usd|bolsa_no_permitida_XLON,
NWSAx,NWSA,News xStock,XsGXehA4smaWwx8yKTgdY1PQvaUxNQyT9gEt1Ly2B5f,stock,XNAS,TwentyFourFive,overnight,0,3,,28.95,,False,,,,,,,,no,FAIL,buy100_sin_ruta_market_maker,2026-10-06T06:40:05.418920Z
NWSx,NWS,News xStock,XsbsXGj6Y3jVNh4MYH7khsonL14iYBUHukSReovZoQP,stock,XNAS,TwentyFourFive,overnight,0,2,,31.93,,False,,,,,,,,no,FAIL,buy100_sin_ruta_market_maker,2026-10-06T06:41:28.837108Z
NXSTx,NXST,Nexstar Media xStock,Xs58V9uHW4S41yS3Q4erke4iL5d5jZ39mdcs2ZResJK,stock,XNAS,TwentyFourFive,overnight,0,2,,156.66,,False,,,,,,,,no,FAIL,buy100_sin_ruta_market_maker,2026-10-06T06:35:42.886088Z
NXT.GBx,NXTL,Next xStock,Xs6MKSza8obeoELdtqLfdr68QerhhQsYkEaqe56Wzez,stock,XLON,MarketHours,closed,0,3,,,,,,,,,,,,no,FAIL,subyacente_no_usd|bolsa_no_permitida_XLON|sin_precio_de_referencia,
NYTx,NYT,New York Times xStock,Xsfyi9JrpUDKaBZxgAAFS7wWV5xeTUkYoQLs3SUiYdg,stock,XNYS,TwentyFourFive,overnight,0,7,,64,,False,,,,,,,,no,FAIL,buy100_sin_ruta_market_maker,2026-10-06T06:40:28.475580Z
OCx,OC,Owens-Corning xStock,XseGSSi5kLz8eR539iXZ6tLz6r75UaHTQ6CHYkPjs9F,stock,XNYS,TwentyFourFive,overnight,0,3,,117.48,,False,,,,,,,,no,FAIL,buy100_sin_ruta_market_maker,2026-10-06T06:40:26.406678Z
ODFLx,ODFL,Old Dominion Freight Line xStock,XsuEQKUzuiMTMwFTm6MHBeTvknFU585gwu9u4CNKjQD,stock,XNAS,TwentyFourFive,overnight,0,7,,179.6,,False,,,,,,,,no,FAIL,buy100_sin_ruta_market_maker,2026-10-06T06:42:30.746195Z
OGEx,OGE,OGE Energy xStock,Xsx5V7oTpqhV4umRHUmaS8PmBXsM4QtEzRchDXbs4mv,stock,XNYS,TwentyFourFive,overnight,0,2,,44.97,,False,,,,,,,,no,FAIL,buy100_sin_ruta_market_maker,2026-10-06T06:38:12.442654Z
OHIx,OHI,Omega Healthcare Investors xStock,XsAeqdosiRKYKtYRLoao2TQDB16yLRP82MCwd7ibVuH,stock,XNYS,TwentyFourFive,overnight,0,7,,45.36,,False,,,,,,,,no,FAIL,buy100_sin_ruta_market_maker,2026-10-06T06:44:17.006212Z
OKEx,OKE,ONEOK xStock,XspDMNC416uCcUbngqyAwzk1phuRYdmm6AMsWo3EHd4,stock,XNYS,TwentyFourFive,overnight,0,7,,88.58,,False,,,,,,,,no,FAIL,buy100_sin_ruta_market_maker,2026-10-06T06:57:05.953110Z
OKLOx,OKLO,Oklo xStock,XsJb1p4Ks6VFggq68JyMz7S3kdRfkqh4wA6EMyxi4DD,stock,XNYS,TwentyFourFive,overnight,0,17,39.797565751644754,36.2,993.8,False,,,,,,,,no,FAIL,desvio_precio_jupiter_vs_referencia|buy100_sin_ruta_market_maker,2026-10-06T07:02:46.746863Z
OKTAx,OKTA,Okta xStock,XsHXJXdfTGnrfygPVvnzb7xdsUiunEQZew7teAyvosL,stock,XNAS,TwentyFourFive,overnight,0,9,,219,,False,,,,,,,,no,FAIL,buy100_sin_ruta_market_maker,2026-10-06T06:45:44.234118Z
OMCx,OMC,Omnicom xStock,XscmXyJYjYbGNhxQsPjjRYsEwscg6uPFJzR6Af7Qi18,stock,XNYS,TwentyFourFive,overnight,0,7,,74.61,,False,,,,,,,,no,FAIL,buy100_sin_ruta_market_maker,2026-10-06T06:46:08.037769Z
OMFx,OMF,OneMain xStock,XsEMvo3VmdRg6NYg3qvvNMSZrAjcVV8SJSvsVRtLDmm,stock,XNYS,TwentyFourFive,overnight,0,2,,56.24,,False,,,,,,,,no,FAIL,buy100_sin_ruta_market_maker,2026-10-06T06:36:05.971867Z
ONDSx,ONDS,Ondas xStock,Xsgc9YTqdAH1GzDLBGQcScCMgkKsVBn4hBmqtNRospY,stock,XNAS,TwentyFourFive,overnight,0,15,7.486184961830427,7.45,48.6,False,,,,,,,,no,FAIL,buy100_sin_ruta_market_maker,2026-10-06T07:01:42.402894Z
ONTOx,ONTO,Onto Innovation xStock,Xsu33VJj7s2tMUZfAQ8bbGgpDEnfXdCsKHSC4p6C5tS,stock,XNYS,TwentyFourFive,overnight,0,7,,325.41,,False,,,,,,,,no,FAIL,buy100_sin_ruta_market_maker,2026-10-06T06:45:48.154050Z
ONx,ON,ON Semiconductor xStock,XsTzZxvfNdVESw8oEn7cNPnfQ4SGk7ncBSezfU6dxa7,stock,XNAS,TwentyFourFive,overnight,0,10,,86.15,,False,,,,,,,,no,FAIL,buy100_sin_ruta_market_maker,2026-10-06T06:56:56.223089Z
OPENx,OPEN,OPEN xStock,XsGtpmjhmC8kyjVSWL4VicGu36ceq9u55PTgF8bhGv6,stock,XNAS,TwentyFourFive,overnight,0.0,27,8.53132272554302,2.31,26932.1,False,,,,,,,,no,FAIL,desvio_precio_jupiter_vs_referencia|buy100_sin_ruta_market_maker,2026-10-06T06:34:21.119679Z
OR.FRx,ORP,L'Oreal xStock,XsdyddHRL1XLxwgFuCPjvzTJKjYmuKySz3wgaSuW424,stock,XPAR,MarketHours,closed,0,3,,,,,,,,,,,,no,FAIL,subyacente_no_usd|bolsa_no_permitida_XPAR|sin_precio_de_referencia,
ORA.FRx,ORAP,Orange xStock,XszNb4o75FjBUXnjaBGiCpRynxNCG9CC13SAenBar4Y,stock,XPAR,MarketHours,closed,0,3,,,,,,,,,,,,no,FAIL,subyacente_no_usd|bolsa_no_permitida_XPAR|sin_precio_de_referencia,
ORIx,ORI,Old Republic International xStock,Xsmvwpih3UPQPMvhXSgWbSjwk6uGg49W8oc8ccX3MKu,stock,XNYS,TwentyFourFive,overnight,0,2,,37.79,,False,,,,,,,,no,FAIL,buy100_sin_ruta_market_maker,2026-10-06T06:38:47.358982Z
ORLYx,ORLY,O'Reilly Automotive xStock,XsZCRtj2wRfksr19c4Bf4L2WBB5EYPmr1nBQS1yXApD,stock,XNAS,TwentyFourFive,overnight,0,7,,83.8,,False,,,,,,,,no,FAIL,buy100_sin_ruta_market_maker,2026-10-06T06:58:49.395679Z
OSCRx,OSCR,Oscar Health xStock,Xsj1NnCroe64taUVsrxwWSzd1VgPnLtTD1K7W8MLXmd,stock,,TwentyFourFive,overnight,0,3,,32.64,,,,,,,,,,no,FAIL,bolsa_no_informada,
OSKx,OSK,Oshkosh xStock,XsWctcpuR2Eq1sSMLdFSeUEpb88dGw48VQwHrqbgYDE,stock,XNYS,TwentyFourFive,overnight,0,2,,132.67,,False,,,,,,,,no,FAIL,buy100_sin_ruta_market_maker,2026-10-06T06:38:21.937611Z
OTISx,OTIS,Otis Worldwide xStock,XszGT2Jo6bZz2SZBmhPstvo2xSs37q67nUJS7gtAfvx,stock,XNYS,TwentyFourFive,overnight,0,9,67.11113847502308,65.88,186.9,False,,,,,,,,no,FAIL,buy100_sin_ruta_market_maker,2026-10-06T06:55:04.452035Z
OUSTx,OUST,Ouster xStock,XsUsHYstgit1UE4anT2thfJvTByEHmrgx4V1FS8EQu8,stock,,TwentyFourFive,overnight,0,3,,44.1761,,,,,,,,,,no,FAIL,bolsa_no_informada,
OVVx,OVV,Ovintiv xStock,Xs1b4xMzH16fHZuFUoXxni8THVafJ9t5dFL6kPUyG4k,stock,XNYS,TwentyFourFive,overnight,0,7,,60.95,,False,,,,,,,,no,FAIL,buy100_sin_ruta_market_maker,2026-10-06T06:52:07.771572Z
OWLx,OWL,Blue Owl Capital xStock,Xsnb4PjGtFsvTyp7HJNWfJLEbK6MoSZV8o7xMo3PuBn,stock,XNYS,TwentyFourFive,overnight,0,3,,9.03,,False,,,,,,,,no,FAIL,buy100_sin_ruta_market_maker,2026-10-06T06:40:14.449073Z
OXYx,OXY,Occidental Petroleum xStock,XsRNiTxDeRvxTEMTV5BC98N7cTZXxjNdLnudR8YeB2b,stock,XNYS,TwentyFourFive,overnight,0,7,,58.35,,False,,,,,,,,no,FAIL,buy100_sin_ruta_market_maker,2026-10-06T06:55:34.083198Z
OZKx,OZK,Bank OZK xStock,Xs23jx3Sk1zRcoaEk2iDiVXhWPGDx9rbr8DCGnx1Sez,stock,XNAS,TwentyFourFive,overnight,0,2,,46.59,,False,,,,,,,,no,FAIL,buy100_sin_ruta_market_maker,2026-10-06T06:35:15.404716Z
Ox,O,Realty Income xStock,XsyMphR2LaL2YBiorsZYFhdN96xKTSi64L3pmiAHLc3,stock,XNYS,TwentyFourFive,overnight,0,7,,53.9483,,False,,,,,,,,no,FAIL,buy100_sin_ruta_market_maker,2026-10-06T06:42:40.900098Z
PAGx,PAG,Penske Automotive xStock,Xs7waUdcn1ZQDsuFmHRerWEEazRHoWWzWSa6aB7QjHG,stock,XNYS,TwentyFourFive,overnight,0,2,,200.59,,False,,,,,,,,no,FAIL,buy100_sin_ruta_market_maker,2026-10-06T06:40:11.498744Z
PALLx,PALL,abrdn Physical Palladium Shares xStock,XsTTtPA5V19YwHKDv4xeVXNM6kdsQNJvg3MyWkRUckt,etf,ARCX,TwentyFourFive,overnight,0,10,23.719016124186435,21.28,1146.2,False,,,,,,,,no,FAIL,desvio_precio_jupiter_vs_referencia|buy100_sin_ruta_market_maker,2026-10-06T07:02:12.407529Z
PANWx,PANW,Palo Alto Networks xStock,XsQ6NfzzLH8nspjrB9X8R2K64Zz7Tnxqu12juDiMPMW,stock,XNAS,TwentyFourFive,overnight,0,11,,406.2423,,False,,,,,,,,no,FAIL,buy100_sin_ruta_market_maker,2026-10-06T07:02:37.920422Z
PATHx,PATH,UiPath xStock,Xs2Gj37vGmjQKW82m7GiuHmZwcY21xyFNCdCqC9n8pQ,stock,XNYS,TwentyFourFive,overnight,0,2,,13.1631,,False,,,,,,,,no,FAIL,buy100_sin_ruta_market_maker,2026-10-06T06:37:22.898074Z
PAYCx,PAYC,Paycom Software xStock,XsnHPnzymnDc3D7DWYD84cPt8cVSSAJ4XNoLc9kfJET,stock,XNYS,TwentyFourFive,overnight,0,2,,225.79,,False,,,,,,,,no,FAIL,buy100_sin_ruta_market_maker,2026-10-06T06:38:52.332366Z
PAYXx,PAYX,Paychex xStock,Xsuo3Vd8T7MVAx3miKJ1beX4sGutzdL3GJsjk1yFbxA,stock,XNAS,TwentyFourFive,overnight,0,7,,99.78,,False,,,,,,,,no,FAIL,buy100_sin_ruta_market_maker,2026-10-06T06:42:09.712961Z
PCARx,PCAR,PACCAR xStock,Xs1rnpzumX77Zz3nVrRGbDYzTM4PM7vgvS4BLTG6ckQ,stock,XNAS,TwentyFourFive,overnight,0,7,,109.36,,False,,,,,,,,no,FAIL,buy100_sin_ruta_market_maker,2026-10-06T06:58:28.091168Z
PCGx,PCG,PG&E xStock,XsPq3VY73br4wpgi2a4b3jAdvuhstpknXVJ2fA4vNmk,stock,XNYS,TwentyFourFive,overnight,0,9,12.095514387087421,12.3862,-234.7,False,,,,,,,,no,FAIL,buy100_sin_ruta_market_maker,2026-10-06T06:54:51.258300Z
PCORx,PCOR,Procore Technologies xStock,XssG7rUj3yZXHNntt3H4N777fVH7eDU1xEGXhaZhVgf,stock,XNYS,TwentyFourFive,overnight,0,2,,54.18,,False,,,,,,,,no,FAIL,buy100_sin_ruta_market_maker,2026-10-06T06:38:29.163927Z
PCTYx,PCTY,Paylocity xStock,Xs42zmFFZccbQpdQLe65WHRUesydnzsThjS5QSW4VHL,stock,XNAS,TwentyFourFive,overnight,0,2,,147.39,,False,,,,,,,,no,FAIL,buy100_sin_ruta_market_maker,2026-10-06T06:37:48.337881Z
PCTx,PCT,PureCycle Technologies xStock,XsyQipBmDKeSy78zCSMp4BY91Cd46Dx3q4eBoSqbBDX,stock,XNAS,TwentyFourFive,overnight,0,4,,4.1,,False,,,,,,,,no,FAIL,buy100_sin_ruta_market_maker,2026-10-06T06:34:26.135243Z
PDDx,PDD,PDD xStock,XsSdwPGhuiTBir2bpJTiJkEhfMEn5bG75XevuePua1q,stock,,TwentyFourFive,overnight,0,3,,78,,,,,,,,,,no,FAIL,bolsa_no_informada,
PEGAx,PEGA,Pegasystems xStock,Xs41bptCjfAmp6SRjwbNY83okWsEKgTcVdtNhakoCCm,stock,XNAS,TwentyFourFive,overnight,0,2,,34.53,,False,,,,,,,,no,FAIL,buy100_sin_ruta_market_maker,2026-10-06T06:35:43.088251Z
PEGx,PEG,Public Service Enterprise xStock,XsUytoK53kCKfXC61Dn3ZM8sjyVBUpScF111pfMG69U,stock,XNYS,TwentyFourFive,overnight,0,7,,68.68,,False,,,,,,,,no,FAIL,buy100_sin_ruta_market_maker,2026-10-06T06:42:31.944081Z
PENGx,PENG,Penguin Solutions xStock,XsNKpPnrpzt3MRF7dA9EtAxWyrdivwN5xyvHUi2iweV,stock,,TwentyFourFive,overnight,0,3,,61.78,,,,,,,,,,no,FAIL,bolsa_no_informada,
PENx,PEN,Penumbra xStock,Xsbd5DQzyAjsjzZiLP3NYztwkapYQpPLBvYsnzyHscq,stock,XNYS,TwentyFourFive,overnight,0,7,,317.11,,False,,,,,,,,no,FAIL,buy100_sin_ruta_market_maker,2026-10-06T06:42:35.648991Z
PFGCx,PFGC,Performance Food xStock,XsTnXvRqrDisLoYpLDUowPx2HLhd6p44ZAbEKyGsL3g,stock,XNYS,TwentyFourFive,overnight,0,7,,92.58,,False,,,,,,,,no,FAIL,buy100_sin_ruta_market_maker,2026-10-06T06:40:55.176751Z
PFGx,PFG,Principal Financial xStock,XsChiU9gDeWj7HYrqioNUn8C81jaHZwegfGQdQXHnhd,stock,XNAS,TwentyFourFive,overnight,0,7,,111.03,,False,,,,,,,,no,FAIL,buy100_sin_ruta_market_maker,2026-10-06T06:52:30.600911Z
PGRx,PGR,Progressive xStock,XsGDHfnSNxofQ2qXzcty9r4HB5HFszUCrQhjN7mbEcw,stock,XNYS,TwentyFourFive,overnight,0,7,,212.62,,False,,,,,,,,no,FAIL,buy100_sin_ruta_market_maker,2026-10-06T06:59:59.710954Z
PHIAx,PHIAA,Koninklijke Philips xStock,XsbXgdyGd1uFridzLBSRPfVbNfayY9e6t9s8MsHjfFw,stock,XAMS,MarketHours,closed,0,3,,21.25,,,,,,,,,,no,FAIL,subyacente_no_usd|bolsa_no_permitida_XAMS,
PHx,PH,Parker Hannifin xStock,XskVc7XiWmSqvzbjhA2LqGHQhvBdBNfatfeTpNru6KP,stock,XNYS,TwentyFourFive,overnight,0,9,968.2996279638367,975.68,-75.6,False,,,,,,,,no,FAIL,buy100_sin_ruta_market_maker,2026-10-06T06:59:51.339445Z
PICCx,2328,PICC Property and Casualty xStock,XsFRjWSNaDPz9nVYUsSky5dJKjN6W5JupHCHbNwg4mE,stock,XHKG,Regular,market,0,2,,,,,,,,,,,,no,FAIL,subyacente_no_usd|bolsa_no_permitida_XHKG|sin_precio_de_referencia,
PICOx,2318,Ping An Insurance Group Co. of China xStock,XsioL5whfekeqi92geGL9hqkDWJ2XuDbXDcmBkJktro,stock,XHKG,Regular,market,0,2,,,,,,,,,,,,no,FAIL,subyacente_no_usd|bolsa_no_permitida_XHKG|sin_precio_de_referencia,
PINSx,PINS,Pinterest xStock,XswgfhwvyLQ6ZdNsrwBGkBVpqXzQPpDykCDBmiti1o5,stock,XNYS,TwentyFourFive,overnight,0,8,,20.1,,False,,,,,,,,no,FAIL,buy100_sin_ruta_market_maker,2026-10-06T06:44:27.373285Z
PKGx,PKG,Packaging Corp of America xStock,Xstq2wirnUgqHdMvvWafGVbdtg9y845zxAy7iVixkRU,stock,XNYS,TwentyFourFive,overnight,0,7,,229.31,,False,,,,,,,,no,FAIL,buy100_sin_ruta_market_maker,2026-10-06T06:53:01.564616Z
PLDx,PLD,Prologis xStock,XsnXCL5FtHLHH1jW5Nknd5BjuazxnnkCAGR6fWPwPJL,stock,XNYS,TwentyFourFive,overnight,0,7,,128.08,,False,,,,,,,,no,FAIL,buy100_sin_ruta_market_maker,2026-10-06T07:00:01.353158Z
PLx,PL,Planet Labs xStock,XsMJtFbb8BwzQtck3oRXyAfs7SAPRuTXnSEDNd7BAVz,stock,XNYS,TwentyFourFive,overnight,0,6,,17.672,,False,,,,,,,,no,FAIL,buy100_sin_ruta_market_maker,2026-10-06T07:02:34.943266Z
PNCx,PNC,PNC Financial Services xStock,Xss1A59GFZcvyuTXLXMyYdJ7e9kpHq6AFKNjcVZ1rjA,stock,XNYS,TwentyFourFive,overnight,0,7,,221.1666,,False,,,,,,,,no,FAIL,buy100_sin_ruta_market_maker,2026-10-06T06:59:20.075710Z
PNFPx,PNFP,Pinnacle Financial Partners xStock,Xs9pFT45PF5PH1hgwQ5fknXYWVZassVSq4spNswnVtR,stock,XNYS,TwentyFourFive,overnight,0,7,,96.02,,False,,,,,,,,no,FAIL,buy100_sin_ruta_market_maker,2026-10-06T06:45:12.277858Z
PNWx,PNW,Pinnacle West Capital xStock,XsaZESJuX1EC73t54PmbirdQ5JHPHQsPnMB54bgZLp4,stock,XNYS,TwentyFourFive,overnight,0,7,,95.96,,False,,,,,,,,no,FAIL,buy100_sin_ruta_market_maker,2026-10-06T06:43:08.697042Z
PODDx,PODD,Insulet xStock,XshQUKnnPmz7DS8kUR6uXTZVYoa85GFVDAksXLzB9ud,stock,XNAS,TwentyFourFive,overnight,0,2,,135.62,,False,,,,,,,,no,FAIL,buy100_sin_ruta_market_maker,2026-10-06T06:38:23.120946Z
POETx,POET,POET Technologies xStock,XszWcNSHsYTXqxDbgK5GzNPxNfxSAKJBCkr2YtsjuPT,stock,,TwentyFourFive,overnight,0,3,,7.82,,,,,,,,,,no,FAIL,bolsa_no_informada,
POOLx,POOL,Pool xStock,XsWf5CCxXJVJK8esDTLxEpw8KFfZuF8Ckwc2tek5DRZ,stock,XNAS,TwentyFourFive,overnight,0,2,,160.6731,,False,,,,,,,,no,FAIL,buy100_sin_ruta_market_maker,2026-10-06T06:35:55.474005Z
POPMTx,9992,Pop Mart International xStock,XsyQU594M51pbhveG89CPanCJHPJt1tjLJroKMeHrmm,stock,XHKG,Regular,market,0,6,,,,,,,,,,,,no,FAIL,subyacente_no_usd|bolsa_no_permitida_XHKG|sin_precio_de_referencia,
POWLx,POWL,Powell Industries xStock,XsqmkcmiAXxUmRf6bckJJtnVSynPYgjWFzUo8agEoq8,stock,XNAS,TwentyFourFive,overnight,0,2,,199.99,,False,,,,,,,,no,FAIL,buy100_sin_ruta_market_maker,2026-10-06T06:36:19.127157Z
PPCx,PPC,Pilgrims Pride xStock,Xsrrbg1gmgKL8BvmmjidrMoT5q76YYh1XZRs7jJfxW3,stock,XNAS,TwentyFourFive,overnight,0,2,,27.99,,False,,,,,,,,no,FAIL,buy100_sin_ruta_market_maker,2026-10-06T06:36:29.915358Z
PPGx,PPG,PPG Industries xStock,XsoCb51izF2MpU5XghroQDRxtJ2vtcMY9v5Mk1pqaBr,stock,XNYS,TwentyFourFive,overnight,0,7,,105.27,,False,,,,,,,,no,FAIL,buy100_sin_ruta_market_maker,2026-10-06T06:54:27.480785Z
PPLTx,PPLT,abrdn Physical Platinum Shares xStock,Xst6eFD4YT6sz9RLMysN9SyvaZWtraSdVJQGu5ZkAme,etf,ARCX,TwentyFourFive,overnight,0,14,15.701130993376477,15.58,77.7,True,-27.5,rfq/JupiterZ,True,-27.2,False,,,no,FAIL,sell100_sin_ruta_market_maker,2026-10-06T07:12:42.631697Z
PPLx,PPL,PPL xStock,Xs12SMK4MA7sLVS8eTged2pXns736u3qe2a1a9io6he,stock,XNYS,TwentyFourFive,overnight,0,7,,32.95,,False,,,,,,,,no,FAIL,buy100_sin_ruta_market_maker,2026-10-06T06:54:12.948259Z
PRADx,1913,Prada xStock,Xsb9LAiNr8LAGa8G9Uo1UxoWKs43adKvhXTdTtFt7mo,stock,XHKG,Regular,market,0,2,,,,,,,,,,,,no,FAIL,subyacente_no_usd|bolsa_no_permitida_XHKG|sin_precio_de_referencia,
PRIx,PRI,Primerica xStock,XsMPKeJmiMCAxhuvDsYjhPrB1wXPwrBEH9zsWyr8k9C,stock,XNYS,TwentyFourFive,overnight,0,2,,277.97,,False,,,,,,,,no,FAIL,buy100_sin_ruta_market_maker,2026-10-06T06:37:07.885955Z
PRMBx,PRMB,Primo Brands xStock,XsTfps8qNmh6xuSxDNaN34JXokGdh5uLdqF9AQk8H4s,stock,XNYS,TwentyFourFive,overnight,0,2,,19.88,,False,,,,,,,,no,FAIL,buy100_sin_ruta_market_maker,2026-10-06T06:37:47.149816Z
PRU.GBx,PRUL,Prudential xStock,Xs5CavUKFk1UFDwp9BYRFWso8s8mv9Z2ZQ5kZausrMM,stock,XLON,MarketHours,closed,0,3,,,,,,,,,,,,no,FAIL,subyacente_no_usd|bolsa_no_permitida_XLON|sin_precio_de_referencia,
PRUx,PRU,Prudential Financial xStock,XsPhDoJMMgARN4eB8apaPNFUjVBKqx3WtRS4ddBwKVw,stock,XNYS,TwentyFourFive,overnight,0,7,,113.48,,False,,,,,,,,no,FAIL,buy100_sin_ruta_market_maker,2026-10-06T06:55:38.540865Z
PRYx,PRYM,Prysmian xStock,XsMYP6ZyZTk2AqKbRRVRuDjBKYajB8sQw91SEsgBpNt,stock,MTAA,MarketHours,closed,0,3,,128.05,,,,,,,,,,no,FAIL,subyacente_no_usd|bolsa_no_permitida_MTAA,
PRx,PR,Permian Resources xStock,XsXh1W6QRHJBYdzVrngAxn4t4JQnJBYk7iM2S1hwqdT,stock,XNYS,TwentyFourFive,overnight,0,8,,22.22,,False,,,,,,,,no,FAIL,buy100_sin_ruta_market_maker,2026-10-06T06:40:41.837143Z
PSAx,PSA,Public Storage xStock,XsBLm8wotoJMHjonHcr1btz9RwLa3EWjhtbs3DbQphg,stock,XNYS,TwentyFourFive,overnight,0,7,,281.66,,False,,,,,,,,no,FAIL,buy100_sin_ruta_market_maker,2026-10-06T06:56:12.942677Z
PSBOCx,1658,Postal Savings Bank Of China xStock,XsZDpnjZWLY4yN5FMgTg2GZSdH7ZpWuHPYsooTKXH6u,stock,XHKG,Regular,market,0,2,,,,,,,,,,,,no,FAIL,subyacente_no_usd|bolsa_no_permitida_XHKG|sin_precio_de_referencia,
PSN.GBx,PSNL,Persimmon xStock,XsJJviVjnT7MjnkPierCHLBTUHrhG7yj8Drscvb5x4Z,stock,XLON,MarketHours,closed,0,3,,,,,,,,,,,,no,FAIL,subyacente_no_usd|bolsa_no_permitida_XLON|sin_precio_de_referencia,
PSNx,PSN,Parsons xStock,Xs4uc8WWvSGeDybBbtCELeAsQTbjArmqDL3GmTQxJ9c,stock,XNYS,TwentyFourFive,overnight,0,2,,42.11,,False,,,,,,,,no,FAIL,buy100_sin_ruta_market_maker,2026-10-06T06:35:22.948013Z
PSONx,PSONL,Pearson xStock,Xsama45PWCDWjND9x92h7C7uNLbqX76VubnyvYBvku1,stock,XLON,MarketHours,closed,0,3,,1229.5,,,,,,,,,,no,FAIL,subyacente_no_usd|bolsa_no_permitida_XLON,
PST.ITx,PSTM,Poste Italiane xStock,Xst2TpX5NUku9V5hTgfviVJyaNDpoXHiGvLb4QHqEVT,stock,MTAA,MarketHours,closed,0,3,,,,,,,,,,,,no,FAIL,subyacente_no_usd|bolsa_no_permitida_MTAA|sin_precio_de_referencia,
PSXx,PSX,Phillips 66 xStock,XsYvZVxiNdjuHQQzdCmf4TMSTBgvarV2gLi2akooV8V,stock,XNYS,TwentyFourFive,overnight,0,7,,269.72,,False,,,,,,,,no,FAIL,buy100_sin_ruta_market_maker,2026-10-06T06:44:01.512595Z
PTCx,PTC,PTC xStock,Xs25CGQuYuoXrMMWUSxo9WmvnQZyFzBChaHbUPXzm6b,stock,XNAS,TwentyFourFive,overnight,0,8,,192.5,,False,,,,,,,,no,FAIL,buy100_sin_ruta_market_maker,2026-10-06T06:44:38.029582Z
PUB.FRx,PUBP,Publicis Groupe xStock,XsvXmQavXeU6yofhbaSezn67KPcuZWFyLobZhzdTtSv,stock,XPAR,MarketHours,closed,0,3,,,,,,,,,,,,no,FAIL,subyacente_no_usd|bolsa_no_permitida_XPAR|sin_precio_de_referencia,
PURRx,PURR,Hyperliquid Strategies xStock,XscLQvx6mzoarzvLF6CntvUPFa6ukUkFCvqzLxiihmw,stock,,TwentyFourFive,overnight,0,3,,12.95,,,,,,,,,,no,FAIL,bolsa_no_informada,
PWAHLx,6,Power Assets xStock,XsQqMhANWwSjKHAV2rEN1yGaBRxSBRbFGxwzmfjJcBh,stock,XHKG,Regular,market,0,2,,,,,,,,,,,,no,FAIL,subyacente_no_usd|bolsa_no_permitida_XHKG|sin_precio_de_referencia,
PWRx,PWR,"Quanta Services, Inc. xStock",XsLR2VCGNzYVLfJGEwwNZsRYDZBGyBnoQH5rPGvwodA,stock,XNYS,TwentyFourFive,overnight,0,9,,683.42,,False,,,,,,,,no,FAIL,buy100_sin_ruta_market_maker,2026-10-06T07:01:57.175250Z
Px,P,Everpure xStock,XsqSsaDYsEAFwRwcwchPc9J1zX21VtHiXGJjFt5Ph5t,stock,XNYS,TwentyFourFive,overnight,0,7,,144.94,,False,,,,,,,,no,FAIL,buy100_sin_ruta_market_maker,2026-10-06T06:51:56.540506Z
QCOMx,QCOM,Qualcomm xStock,XsUUG8bjFN2KvzLTpzavvEKdAjMAeLTZiTeAQJ9uhvB,stock,XNAS,TwentyFourFive,overnight,0,15,185.91444770420358,181.4,248.9,False,,,,,,,,no,FAIL,buy100_sin_ruta_market_maker,2026-10-06T06:44:22.815448Z
QNTx,QNT,Quantinuum xStock,XsGRoyBwemr8giBu8mgShoRGXHYbip7yWHDsaAueMvA,stock,,TwentyFourFive,overnight,0,3,,45.6,,,,,,,,,,no,FAIL,bolsa_no_informada,
QQ.GBx,QQL,QinetiQ xStock,XsTzDSVHNfFRcbXY8LVnkDgg54FGrpDGzgR1exVf9Cu,stock,XLON,MarketHours,closed,0,3,,,,,,,,,,,,no,FAIL,subyacente_no_usd|bolsa_no_permitida_XLON|sin_precio_de_referencia,
QRVOx,QRVO,Qorvo xStock,XsMa4WMzAvmgiK39y64BCc9rYmeBoty4aF7E43r6Sw1,stock,XNAS,TwentyFourFive,overnight,0,2,,114.17,,False,,,,,,,,no,FAIL,buy100_sin_ruta_market_maker,2026-10-06T06:37:54.868564Z
QSRx,QSR,Restaurant Brands International xStock,XsG3eLvLbHwYQP3r7tSznE6bEvcA2Ko1TpYwbyD6RQk,stock,XNYS,TwentyFourFive,overnight,0,7,,69.87,,False,,,,,,,,no,FAIL,buy100_sin_ruta_market_maker,2026-10-06T06:40:29.940113Z
QUBTx,QUBT,Quantum Computing xStock,XsRJiWgqGJrDaidERfWfdZkaxdA4VPjVEqN6XFctpp3,stock,XNAS,TwentyFourFive,overnight,0,4,,7.9992,,False,,,,,,,,no,FAIL,buy100_sin_ruta_market_maker,2026-10-06T06:34:27.708959Z
QUREx,QURE,uniQure xStock,XsuE5LvQcc9P67iWVqsysQ84DBDRWssbiKnwY8JtwpL,stock,XNAS,TwentyFourFive,overnight,0,4,,22.5662,,False,,,,,,,,no,FAIL,buy100_sin_ruta_market_maker,2026-10-06T06:42:25.537546Z
QYLDx,QYLD,Global X NASDAQ 100 Covered Call ETF xStock,XsyGzGhqwnbfqeN6TQWK4SHnVJYgbxRdp4aH5L6RwEZ,etf,,TwentyFourFive,overnight,0,3,,18.67,,,,,,,,,,no,FAIL,bolsa_no_informada,
Qx,Q,Qnity Electronics xStock,XsqUtYxpP7o3b2yupu7WZ2bi9u68W7VHQTFNR36mz96,stock,XNYS,TwentyFourFive,overnight,0,7,,131.53,,False,,,,,,,,no,FAIL,buy100_sin_ruta_market_maker,2026-10-06T06:42:14.438702Z
RAMx,RAM,Roundhill T-REX 2X Long DRAM Daily Target ETF xStock,XsZRN32fxqsvU9VmL254K1yLyYVkL3RXcBRJpTsRYWc,etp_apalancado,,TwentyFourFive,overnight,0,3,,14.24,,,,,,,,,,no,FAIL,producto_apalancado_inverso_o_volatilidad|bolsa_no_informada,
RBAx,RBA,RB Global xStock,XsTCwtofQgx1SLYkouHvVg22beYhn1dmj1vtC3TUp6M,stock,XNYS,TwentyFourFive,overnight,0,8,,82.3,,False,,,,,,,,no,FAIL,buy100_sin_ruta_market_maker,2026-10-06T06:43:21.062925Z
RBRKx,RBRK,Rubrik xStock,XsJRuk3Mn8wSkc3aTkG2oqxFJiZqC3YU3gmNZSFbLvb,stock,XNYS,TwentyFourFive,overnight,0,3,,123.88,,False,,,,,,,,no,FAIL,buy100_sin_ruta_market_maker,2026-10-06T06:41:52.972392Z
RCATx,RCAT,Red Cat xStock,Xs6yCfUGbkjcvivWr4crLR7pJGxEXspsuuUMhxNEEUw,stock,XNAS,TwentyFourFive,overnight,0,12,6.3653615558064995,6.3586,10.6,False,,,,,,,,no,FAIL,buy100_sin_ruta_market_maker,2026-10-06T07:01:38.282929Z
RDDTx,RDDT,Reddit xStock,XsXEEJX7WoXfre8ZqYx1M1yXnEwd1Ww3YhvfESA2DzE,stock,XNYS,TwentyFourFive,overnight,0,11,,150.369,,True,71.1,rfq/JupiterZ,False,,False,,,no,FAIL,buy1000_sin_ruta_market_maker|sell100_sin_ruta_market_maker,2026-10-06T07:12:08.715236Z
RDWx,RDW,Redwire xStock,Xs8LesEYZb7SZJrW85hMrrVzyeoyxKrCNVnpEURLzZp,stock,,TwentyFourFive,overnight,0,3,,10.49,,,,,,,,,,no,FAIL,bolsa_no_informada,
REGNx,REGN,Regeneron Pharmaceuticals xStock,XsWkTtvUXJgrvxvgGuHRRqk6iwDuviEQZw4uJFUUGgX,stock,XNAS,TwentyFourFive,overnight,0,7,,727.25,,False,,,,,,,,no,FAIL,buy100_sin_ruta_market_maker,2026-10-06T06:57:35.959386Z
REGx,REG,Regency Centers xStock,XsJzAzVt6H498zDafSaWj3htVDYQPmh23jUAM2Rt2qn,stock,XNAS,TwentyFourFive,overnight,0,7,,71.74,,False,,,,,,,,no,FAIL,buy100_sin_ruta_market_maker,2026-10-06T06:45:10.442076Z
REL.GBx,RELL,Relx xStock,XsBs8gVk5onjugkDigC45ixK3FadqH5kAxjGHEvfSdE,stock,XLON,MarketHours,closed,0,3,,,,,,,,,,,,no,FAIL,subyacente_no_usd|bolsa_no_permitida_XLON|sin_precio_de_referencia,
REPx,REPE,Repsol xStock,XseXh4XjLGztZEe85Bo5UxqQYDYjMArD82mzuiUzAaF,stock,XMAD,MarketHours,closed,0,3,,0.41,,,,,,,,,,no,FAIL,subyacente_no_usd|bolsa_no_permitida_XMAD,
REXRx,REXR,Rexford Industrial Realty xStock,XsyhJmtPtUEuWNz24bDGArYHfXUimBCwZmpoqWFJSm6,stock,XNYS,TwentyFourFive,overnight,0,2,,36.69,,False,,,,,,,,no,FAIL,buy100_sin_ruta_market_maker,2026-10-06T06:36:40.668604Z
REYNx,REYN,Reynolds Consumer Products xStock,XsPFn5fNmLqMtScP6tQjYCo8jUrnWHwLtxjYeQVi8RP,stock,XNAS,TwentyFourFive,overnight,0,2,,22.23,,False,,,,,,,,no,FAIL,buy100_sin_ruta_market_maker,2026-10-06T06:34:33.243190Z
RFx,RF,Regions Financial xStock,Xsk2PGWHCQweEwYWNqA72KbuUdNz518MBzHSaBDLowq,stock,XNYS,TwentyFourFive,overnight,0,7,,27.07,,False,,,,,,,,no,FAIL,buy100_sin_ruta_market_maker,2026-10-06T06:46:10.199107Z
RGAx,RGA,Reinsurance Group of America xStock,XsFvsyP8i3Qpat1BK78Yjq3PsTNhD3SV5FHryJrWbHs,stock,XNYS,TwentyFourFive,overnight,0,7,,251.04,,False,,,,,,,,no,FAIL,buy100_sin_ruta_market_maker,2026-10-06T06:44:59.813411Z
RGENx,RGEN,Repligen xStock,XshcqEG5DHAg728FcfJVfmfYDaJ5CCnZDQipxoMYrAB,stock,XNAS,TwentyFourFive,overnight,0,2,,189.5,,False,,,,,,,,no,FAIL,buy100_sin_ruta_market_maker,2026-10-06T06:38:27.951656Z
RGLDx,RGLD,Royal Gold xStock,XsgiYbKzzyYzuxRj1R4E6rvfVccASCGepmWEMpJdFG2,etf,XNAS,TwentyFourFive,overnight,0,7,,233.64,,False,,,,,,,,no,FAIL,buy100_sin_ruta_market_maker,2026-10-06T06:53:57.788067Z
RHMx,RHMD,Rheinmetall xStock,Xs9NwEoMq2ComFFdeLpL86C4JskQrCbypuZAR3DKwTU,stock,XETR,MarketHours,closed,0,2,,980.2,,,,,,,,,,no,FAIL,subyacente_no_usd|bolsa_no_permitida_XETR,
RIO.GBx,RIOL,Rio Tinto xStock,Xsoxnt9fu9WTdk6US17DzAoQxFTQAzFT3dC3eYfDLnN,stock,XLON,MarketHours,closed,0,3,,,,,,,,,,,,no,FAIL,subyacente_no_usd|bolsa_no_permitida_XLON|sin_precio_de_referencia,
RITMx,RITM,Rithm Capital xStock,XsvrkK99NoobWFr3Rgfgs4gsnqhoU2KhBDAjL9rR6M9,stock,XNYS,TwentyFourFive,overnight,0,2,,8.76,,False,,,,,,,,no,FAIL,buy100_sin_ruta_market_maker,2026-10-06T06:34:30.992617Z
RIVNx,RIVN,Rivian Automotive xStock,XsoxDMY8s3ZV7zD4Yd87wAvURyxA8VXkd7w6HNuQkzj,stock,XNAS,TwentyFourFive,overnight,0,18,,14.5969,,False,,,,,,,,no,FAIL,buy100_sin_ruta_market_maker,2026-10-06T06:44:02.216338Z
RJFx,RJF,Raymond James Financial xStock,XsgQwodongKCYRux621fuQzxQRv3fyXQKyPzc2CJ7Ys,stock,XNYS,TwentyFourFive,overnight,0,7,,160.8,,False,,,,,,,,no,FAIL,buy100_sin_ruta_market_maker,2026-10-06T06:54:06.364697Z
RKLBx,RKLB,Rocket Lab xStock,XsKSh3QDynp6oms9yHjZXbZo3pKzUBoqUFKPHS2g9Bh,stock,XNAS,TwentyFourFive,overnight,0,9,70.44387991837046,73.0876,-361.7,False,,,,,,,,no,FAIL,desvio_precio_jupiter_vs_referencia|buy100_sin_ruta_market_maker,2026-10-06T07:02:26.946865Z
RKT.GBx,RKTL,Reckitt Benckiser xStock,Xs9NjN5ksSXMmjRhZkUG6JfQhMTTE1X8hNH5mVbnQ6v,stock,XLON,MarketHours,closed,0,3,,,,,,,,,,,,no,FAIL,subyacente_no_usd|bolsa_no_permitida_XLON|sin_precio_de_referencia,
RLIx,RLI,RLI xStock,Xsc8ZmLQT6Snb8iNAUY8jSsQJQjmTigm7NNq1s6djFf,stock,XNYS,TwentyFourFive,overnight,0,2,,56.08,,False,,,,,,,,no,FAIL,buy100_sin_ruta_market_maker,2026-10-06T06:36:05.521559Z
RLx,RL,Ralph Lauren xStock,XstJ1deKwoZVAzj1oF14s7g8ZPLumJKyiQXysym5duM,stock,XNYS,TwentyFourFive,overnight,0,7,,365.54,,False,,,,,,,,no,FAIL,buy100_sin_ruta_market_maker,2026-10-06T06:51:46.719400Z
RMBSx,RMBS,Rambus xStock,Xs3VjsfwrH9mnKLo1z3TJqwtPjAEsHYBNsuzuZj76i5,stock,XNAS,TwentyFourFive,overnight,0,2,,110.52,,False,,,,,,,,no,FAIL,buy100_sin_ruta_market_maker,2026-10-06T06:38:19.632104Z
RMDx,RMD,ResMed xStock,XsjsQvjH8BEXCjrgNiVhmhFiYPcNRXGj262fDupfV1A,stock,XNYS,TwentyFourFive,overnight,0,7,,223,,False,,,,,,,,no,FAIL,buy100_sin_ruta_market_maker,2026-10-06T06:55:12.972488Z
RMSx,RMSP,Hermes International xStock,XskuQqtFnkwRXvFTPTuVcHgNV34XnqNM2ZkY4Pf9tWV,stock,XPAR,MarketHours,closed,0,3,,3.73,,,,,,,,,,no,FAIL,subyacente_no_usd|bolsa_no_permitida_XPAR,
RMVx,RMVL,Rightmove xStock,Xsm7Xcc4TtVQKdgEs7KBUVMimkWpMhqMwjaJ24G2sdn,stock,XLON,MarketHours,closed,0,3,,443.5,,,,,,,,,,no,FAIL,subyacente_no_usd|bolsa_no_permitida_XLON,
RNGx,RNG,RingCentral xStock,XsnnFmUYP7JrJaczdzgd1BNm8Q2BduBGyBBAb8w9Htn,stock,XNYS,TwentyFourFive,overnight,0,2,,79.06,,False,,,,,,,,no,FAIL,buy100_sin_ruta_market_maker,2026-10-06T06:35:08.026104Z
RNRx,RNR,RenaissanceRe xStock,Xs5m7mD1sRUu3ryXiYNDqCTd67hQVZRSro2zxxWqTtn,stock,XNYS,TwentyFourFive,overnight,0,7,,323.39,,False,,,,,,,,no,FAIL,buy100_sin_ruta_market_maker,2026-10-06T06:43:08.155903Z
ROIVx,ROIV,Roivant Sciences xStock,XsR5eHL5sXTwUckUcenkZyBdAkShFBcNDiYeecBMaCu,stock,XNAS,TwentyFourFive,overnight,0,8,,35.99,,False,,,,,,,,no,FAIL,buy100_sin_ruta_market_maker,2026-10-06T06:42:58.108526Z
ROKUx,ROKU,Roku xStock,Xss4k5HDz8CwyNnbZixMs3XgaXvnMoWtpxeqzFK6wvA,stock,XNAS,TwentyFourFive,overnight,0,7,,153.31,,False,,,,,,,,no,FAIL,buy100_sin_ruta_market_maker,2026-10-06T06:44:25.709072Z
ROKx,ROK,Rockwell Automation xStock,XsnR8Rtrd8yFDGP3g2HwLdGiw58UcXjggXzgkL3pNYz,stock,XNYS,TwentyFourFive,overnight,0,10,,455.18,,False,,,,,,,,no,FAIL,buy100_sin_ruta_market_maker,2026-10-06T06:57:34.304489Z
ROLx,ROL,Rollins xStock,XsY112rrZJhJE1J1Z8BTSk135spPGHuGRCfnvr5pSdQ,stock,XNYS,TwentyFourFive,overnight,0,7,,29.8,,False,,,,,,,,no,FAIL,buy100_sin_ruta_market_maker,2026-10-06T06:44:25.920771Z
ROPx,ROP,Roper Technologies xStock,XsCbNmXqgaDVDTpXaATSrki9ATKwu1wzfhcYwPriMns,stock,XNAS,TwentyFourFive,overnight,0,7,,369,,False,,,,,,,,no,FAIL,buy100_sin_ruta_market_maker,2026-10-06T06:56:00.145763Z
ROSTx,ROST,Ross Stores xStock,XsPYJyoTnjc471VCHEERVBVrJ7xuQhDYWddPw6koNVV,stock,XNAS,TwentyFourFive,overnight,0,7,,226.37,,False,,,,,,,,no,FAIL,buy100_sin_ruta_market_maker,2026-10-06T06:58:57.119842Z
RPMx,RPM,RPM International xStock,XsBGGtLnNqa87iTENkgtBV4itt6LNxz7osKS1nmnqTD,stock,XNYS,TwentyFourFive,overnight,0,8,,95.83,,False,,,,,,,,no,FAIL,buy100_sin_ruta_market_maker,2026-10-06T06:51:45.124453Z
RR.GBx,RRL,Rolls-Royce xStock,XsAUxvbWEvvdgVnXs1LRbk17Bgjfv2Y6cskPTGu6zrU,stock,XLON,MarketHours,closed,0,3,,,,,,,,,,,,no,FAIL,subyacente_no_usd|bolsa_no_permitida_XLON|sin_precio_de_referencia,
RRCx,RRC,Range Resources xStock,XsPU3oqujCZ2GFGkCyVMVMAsG215VQgSyh3hGHXv7FY,stock,XNYS,TwentyFourFive,overnight,0,2,,38.67,,False,,,,,,,,no,FAIL,buy100_sin_ruta_market_maker,2026-10-06T06:38:17.248107Z
RRXx,RRX,Regal Rexnord xStock,XszxuQCqE72vU4ABTFDFwhs28AeSUHqzbWWVWDkhfYZ,stock,XNYS,TwentyFourFive,overnight,0,7,,161.26,,False,,,,,,,,no,FAIL,buy100_sin_ruta_market_maker,2026-10-06T06:45:30.202598Z
RS1.GBx,RS1L,RS xStock,XsTkvkzwuaCi712NQXeHB2xMQYwVTX8F7bFPVD2ZEcA,stock,XLON,MarketHours,closed,0,3,,,,,,,,,,,,no,FAIL,subyacente_no_usd|bolsa_no_permitida_XLON|sin_precio_de_referencia,
RSGx,RSG,Republic Services xStock,XsUkTUDE9hCG9GLEpw3STiGuf58hYmpymiF3z1nPh3A,stock,XNYS,TwentyFourFive,overnight,0,7,,212.83,,False,,,,,,,,no,FAIL,buy100_sin_ruta_market_maker,2026-10-06T06:57:10.836123Z
RSx,RS,Reliance xStock,XskVwPpXzyc9Fc4vqvHJ5v4ojMDWyjzcdPYTK8vFrUy,stock,XNYS,TwentyFourFive,overnight,0,7,,408.24,,False,,,,,,,,no,FAIL,buy100_sin_ruta_market_maker,2026-10-06T06:53:33.959645Z
RTOx,RTOL,Rentokil Initial xStock,XswGtwn9kLnkHMih5HCmDg1Z2yYEfdP3YbFzwNKNY1Y,stock,XLON,MarketHours,closed,0,3,,20.02,,,,,,,,,,no,FAIL,subyacente_no_usd|bolsa_no_permitida_XLON,
RTXx,RTX,RTX xStock,XsN53tgjZA4QU8iuedPNHxxCbDqKcJqbrT1f8jBXzdC,stock,XNYS,TwentyFourFive,overnight,0,7,,184.39,,True,124.6,rfq/JupiterZ,,,,,,no,FAIL,buy100_costo_alto,2026-10-06T07:00:26.511330Z
RVMDx,RVMD,Revolution Medicines xStock,XsCRJ3YusYCZ8ihZbmdao46y3ddSibxPK29UsitD9J9,stock,XNAS,TwentyFourFive,overnight,0,7,,208.75,,False,,,,,,,,no,FAIL,buy100_sin_ruta_market_maker,2026-10-06T06:54:49.881791Z
RVTYx,RVTY,Revvity xStock,XsVbwfq869bWTKpW95shx8woTpzVSmsbCEE7xsMqWQ6,stock,XNYS,TwentyFourFive,overnight,0,2,,158.06,,False,,,,,,,,no,FAIL,buy100_sin_ruta_market_maker,2026-10-06T06:41:30.850270Z
RWEx,RWED,RWE Class A xStock,XsAv5TYiejADCrzWF9b6Q3sKb1s93ZsH4c1V1A7Wjk2,stock,XETR,MarketHours,closed,0,3,,58.6,,,,,,,,,,no,FAIL,subyacente_no_usd|bolsa_no_permitida_XETR,
RYANx,RYAN,Ryan Specialty xStock,Xsgyj7QR8RoPrkCCS2ebXwiASE69q2EvK5B7ppeKgBt,stock,XNYS,TwentyFourFive,overnight,0,3,,37.98,,False,,,,,,,,no,FAIL,buy100_sin_ruta_market_maker,2026-10-06T06:39:47.351703Z
RYNx,RYN,Rayonier xStock,XsHhZ79c5RJu5VyFZzSPfNY4fihDzQDDh9PfSLwqFQe,stock,XNYS,TwentyFourFive,overnight,0,2,,18.01,,False,,,,,,,,no,FAIL,buy100_sin_ruta_market_maker,2026-10-06T06:35:57.689006Z
Rx,R,Ryder System xStock,XspMG9qksW5u9NQX2tkoGhQ1N5vBArvbTWHdP8KPwP7,stock,XNYS,TwentyFourFive,overnight,0,2,,235.94,,False,,,,,,,,no,FAIL,buy100_sin_ruta_market_maker,2026-10-06T06:38:39.760174Z
SAFx,SAFP,Safran xStock,XsrXR43rBXVF3iKbS8HUaySjScL4tudbtmkyW4vvTPF,stock,XPAR,MarketHours,closed,0,3,,,,,,,,,,,,no,FAIL,subyacente_no_usd|bolsa_no_permitida_XPAR|sin_precio_de_referencia,
SAIAx,SAIA,Saia xStock,XsdzBn1wxCibSdDZgaaWqGtdvo2JSFueo2CwHnA69Lf,stock,XNAS,TwentyFourFive,overnight,0,7,,347.5,,False,,,,,,,,no,FAIL,buy100_sin_ruta_market_maker,2026-10-06T06:43:29.324548Z
SAICx,SAIC,Science Applications International xStock,XsQiH2cq3Vfu2dxVsiNutngZHyrYZrGWBubP1Xgsj8g,stock,XNAS,TwentyFourFive,overnight,0,2,,126.9,,False,,,,,,,,no,FAIL,buy100_sin_ruta_market_maker,2026-10-06T06:35:25.546324Z
SAILx,SAIL,SailPoint xStock,XscePZ4mjiXqyEVv9ZZPGbT6L86LqnYPEBE4ViKSt3T,stock,XNAS,TwentyFourFive,overnight,0,2,,20,,False,,,,,,,,no,FAIL,buy100_sin_ruta_market_maker,2026-10-06T06:39:19.720161Z
SAMPOx,SAMPOH,Sampo Class A xStock,XsxogkVSDPuFq7UndyiB5gseSMJktQA2JKevAk6bNAk,stock,XHEL,MarketHours,closed,0,3,,8.85,,,,,,,,,,no,FAIL,subyacente_no_usd|bolsa_no_permitida_XHEL,
SAN.ESx,SANE,Banco Santander xStock,XsqjAGRW7CfWhG8gRh5z7qmHLfnjbxwZsEC821q2Bqh,stock,XMAD,MarketHours,closed,0,3,,,,,,,,,,,,no,FAIL,subyacente_no_usd|bolsa_no_permitida_XMAD|sin_precio_de_referencia,
SAN.FRx,SANP,Sanofi xStock,Xs8955XxQAPAY6H1meuDTQeXWGZVcu2iRGMY9fRFppP,stock,XPAR,MarketHours,closed,0,3,,,,,,,,,,,,no,FAIL,subyacente_no_usd|bolsa_no_permitida_XPAR|sin_precio_de_referencia,
SANMx,SANM,Sanmina xStock,Xsk7NHyfTja9tK9bYfJxEtfPhVrvMiweB36rf9xK25F,stock,XNAS,TwentyFourFive,overnight,0,2,,225.08,,False,,,,,,,,no,FAIL,buy100_sin_ruta_market_maker,2026-10-06T06:38:26.692829Z
SAPx,SAPD,SAP xStock,XsPk9EwjFtnjhsqjwLpEw3igFjtoTGciePmo5JoxMgJ,stock,XETR,MarketHours,closed,0,3,,207.74,,,,,,,,,,no,FAIL,subyacente_no_usd|bolsa_no_permitida_XETR,
SAROx,SARO,StandardAero xStock,XsScSiWdZBvumincHmN2Prz9TFHgwojNh8g7BTWV2AR,stock,XNYS,TwentyFourFive,overnight,0,2,,21.54,,False,,,,,,,,no,FAIL,buy100_sin_ruta_market_maker,2026-10-06T06:36:37.104310Z
SATAx,SATA,"Strive, Inc. Series A Preferred xStock",XsAxB3xLnt7xto5ChiSbVNHBoXcXzKuzS7FieiNYwtY,stock,XNAS,Regular,overnight,0.0,13,99.98858972599128,100.01,-2.1,False,,,,,,,,no,FAIL,buy100_sin_ruta_market_maker,2026-10-06T06:34:47.843136Z
SBACx,SBAC,SBA Communications xStock,Xs3BuKwwLLSgKCKPBeSN5Wje5gP8McsHrt6pnqWzjhs,stock,XNAS,TwentyFourFive,overnight,0,7,,161.82,,False,,,,,,,,no,FAIL,buy100_sin_ruta_market_maker,2026-10-06T06:46:35.948450Z
SBRYx,SBRYL,Sainsbury xStock,Xsy7nzWTjrfA9NBHBBPL6Hs3mQfKWXX6fk2mUPQEjpR,stock,XLON,MarketHours,closed,0,3,,324,,,,,,,,,,no,FAIL,subyacente_no_usd|bolsa_no_permitida_XLON,
SBUXx,SBUX,Starbucks xStock,Xs9gd8SGbYQn9kkUYQayn46BdqQbvvUshEF6ZpRAzM7,stock,XNAS,TwentyFourFive,overnight,0,7,,94.47,,False,,,,,,,,no,FAIL,buy100_sin_ruta_market_maker,2026-10-06T06:59:46.650581Z
SCCOx,SCCO,Southern Copper xStock,XsQD8itHh5CdrWMiH8cZPB55KSATjdXsxcSJJ14YCFD,stock,XNYS,TwentyFourFive,overnight,0,8,,205.29,,False,,,,,,,,no,FAIL,buy100_sin_ruta_market_maker,2026-10-06T06:45:38.192045Z
SCHWx,SCHW,Charles Schwab xStock,XsK5U9qwT9ErPXnpgDzV9voTGASZbZnNTYTGVxCqPii,etf,XNYS,TwentyFourFive,overnight,0,8,,97.998,,False,,,,,,,,no,FAIL,buy100_sin_ruta_market_maker,2026-10-06T07:00:09.669782Z
SCIx,SCI,Service Corp International xStock,XsC3icNzi6x7cRA6hodAZQT5GAsxwGrTxWL5awu4gsn,stock,XNYS,TwentyFourFive,overnight,0,3,,75.94,,False,,,,,,,,no,FAIL,buy100_sin_ruta_market_maker,2026-10-06T06:38:36.393404Z
SCT.GBx,SCTL,Softcat xStock,Xsb8yBrDit2zkPSgWQtddBZPJz5Mzi4fWqjd1k6Vhq5,stock,XLON,MarketHours,closed,0,3,,,,,,,,,,,,no,FAIL,subyacente_no_usd|bolsa_no_permitida_XLON|sin_precio_de_referencia,
SEICx,SEIC,SEI Investments xStock,XstGFYNtBmWaCk3MfbEeqMYYbUf2o3PTLJm7R7iYfGS,stock,XNAS,TwentyFourFive,overnight,0,3,,103.26,,False,,,,,,,,no,FAIL,buy100_sin_ruta_market_maker,2026-10-06T06:40:13.672379Z
SFDx,SFD,Smithfield Foods xStock,XsRduxXoGwvv3TLbfTNW4scDMum99BxFQTRcuASdnn6,stock,XNAS,TwentyFourFive,overnight,0,2,,18.79,,False,,,,,,,,no,FAIL,buy100_sin_ruta_market_maker,2026-10-06T06:37:15.392701Z
SFMx,SFM,Sprouts Farmers Market xStock,Xs4UYArNzo632wX8KUChpmS2PLU9fHskMyEpR8KC4Wp,stock,XNAS,TwentyFourFive,overnight,0,2,,65,,False,,,,,,,,no,FAIL,buy100_sin_ruta_market_maker,2026-10-06T06:36:31.155125Z
SFx,SF,Stifel Financial xStock,XsHfvLEUbto797whYCNiqoEGWSpWaRYoZWXJEBGgmsm,stock,XNYS,TwentyFourFive,overnight,0,3,,70.63,,False,,,,,,,,no,FAIL,buy100_sin_ruta_market_maker,2026-10-06T06:39:45.797156Z
SGE.GBx,SGEL,Sage xStock,XsnVJZpyWBoxhzVAqNgXdaqDuyBCUffdoPrUgrfaT9S,stock,XLON,MarketHours,closed,0,3,,,,,,,,,,,,no,FAIL,subyacente_no_usd|bolsa_no_permitida_XLON|sin_precio_de_referencia,
SGIx,SGI,Somnigroup International xStock,XsU3RZd5ufTcCJneLjDhTrU47ma9ypnhXyvJACRZrTv,stock,XNYS,TwentyFourFive,overnight,0,7,,62.29,,False,,,,,,,,no,FAIL,buy100_sin_ruta_market_maker,2026-10-06T06:44:14.986167Z
SGOx,SGOP,Compagnie de Saint-Gobain xStock,XswnXbpoUmw671Qwf5H2231rHdJXBQEz5GrQqVsPzVS,stock,XPAR,MarketHours,closed,0,3,,0.18,,,,,,,,,,no,FAIL,subyacente_no_usd|bolsa_no_permitida_XPAR,
SHAZx,SHAZ,SharonAI xStock,XshjhoEnkjn6T6f2oyzVrAnMFgixpvFoBp7KepdByJ7,stock,XNAS,Regular,overnight,0,12,,48.2,,False,,,,,,,,no,FAIL,buy100_sin_ruta_market_maker,2026-10-06T06:40:21.862955Z
SHCx,SHC,Sotera Health xStock,Xs8gbrZZgq9mu7gkBhziWsUxzK4NxLbjUr4MbG24Khq,stock,XNAS,TwentyFourFive,overnight,0,2,,18.55,,False,,,,,,,,no,FAIL,buy100_sin_ruta_market_maker,2026-10-06T06:34:32.124293Z
SHEINx,625,SHEIN xStock,Xs8w8HvDjT1DxYeHzhSkRT8wYUahJB9kRC7Fuiic2Hf,stock,XHKG,Regular,market,0,6,,,,,,,,,,,,no,FAIL,subyacente_no_usd|bolsa_no_permitida_XHKG|sin_precio_de_referencia,
SHELx,SHELL,Shell xStock,XsZY1Ta5ubY2ohQT94HNDNADiHUvyeSQX1RkTV8omx8,stock,XLON,MarketHours,closed,0,3,,96.52,,,,,,,,,,no,FAIL,subyacente_no_usd|bolsa_no_permitida_XLON,
SHLDx,SHLD,Global X Defense Tech ETF xStock,XsAzGv2quxQWSUphAKcmFeFyJqTgDkcetgp3DmAFVj4,etf,,TwentyFourFive,overnight,0,3,,60.41,,,,,,,,,,no,FAIL,bolsa_no_informada,
SHLx,XETR:SHLD,Siemens Healthineers xStock,Xsfajego8zcJJb8hW6UEKEGKajpgfSiAGgviXdqmxSn,stock,XETR,MarketHours,closed,0,3,,0.43,,,,,,,,,,no,FAIL,subyacente_no_usd|bolsa_no_permitida_XETR,
SHOPx,SHOP,Shopify xStock,XsRN7n3AZDs577pgQSGbrbgznY5T9xERcjr4dK6vHnX,stock,,TwentyFourFive,overnight,0,3,,160.2,,,,,,,,,,no,FAIL,bolsa_no_informada,
SHWx,SHW,Sherwin-Williams xStock,XsfgitU15HiJX9UJN2fhcpbfRr5P8XJXvC1nuJs3jAr,stock,XNYS,TwentyFourFive,overnight,0,7,,318.46,,False,,,,,,,,no,FAIL,buy100_sin_ruta_market_maker,2026-10-06T06:57:54.764199Z
SIEx,SIED,Siemens xStock,XsVBR2tUvSevnDpwctEEGbnLD1XuXFEkCHDzqAL5dBE,stock,XETR,MarketHours,closed,0,3,,275,,,,,,,,,,no,FAIL,subyacente_no_usd|bolsa_no_permitida_XETR,
SIMOx,SIMO,Silicon Motion Technology xStock,XsC6bBzDDABjHhKmUAxx7THK4jF5zbJgPA3kVox5okM,stock,,TwentyFourFive,overnight,0,3,,282.45,,,,,,,,,,no,FAIL,bolsa_no_informada,
SINOTx,3808,Sinotruk xStock,XsgiiLos4YromwpmshTMTN6z3PSbD51HSn9k9xysujp,stock,XHKG,Regular,market,0,2,,,,,,,,,,,,no,FAIL,subyacente_no_usd|bolsa_no_permitida_XHKG|sin_precio_de_referencia,
SINOx,83,Sino Land xStock,XsUtvf2GurvELy5dM2cHVZHZ4ufkviBv6gjQFfKKHeL,stock,XHKG,Regular,market,0,2,,,,,,,,,,,,no,FAIL,subyacente_no_usd|bolsa_no_permitida_XHKG|sin_precio_de_referencia,
SIRIx,SIRI,Sirius XM xStock,Xs7AiyofP8HwH83zegyMBDMrkFFFM3nfAjF2Ge1rZMu,stock,XNAS,TwentyFourFive,overnight,0,2,,26.35,,False,,,,,,,,no,FAIL,buy100_sin_ruta_market_maker,2026-10-06T06:38:49.761816Z
SITCx,1308,SITC International xStock,XsLwAZXq8MyrkrdsfmPoRxrdQMvGjwveSK9Ug33uRku,stock,XHKG,Regular,market,0,2,,3.28,,,,,,,,,,no,FAIL,subyacente_no_usd|bolsa_no_permitida_XHKG,
SJMx,SJM,J.M. Smucker xStock,XsqtzaHCKV2zsgRYitGJtcecfmBkdJsdrpSXZgQryHE,stock,XNYS,TwentyFourFive,overnight,0,7,,116.23,,False,,,,,,,,no,FAIL,buy100_sin_ruta_market_maker,2026-10-06T06:42:47.270088Z
SKDDx,SKDD,GraniteShares 2x Short SK Hynix Daily ETF xStock,XsxtnDUJzTMjqmzajufokv9xrG868kvkp5KNuNNsU4d,etp_apalancado,,TwentyFourFive,overnight,0,3,,6.29,,,,,,,,,,no,FAIL,producto_apalancado_inverso_o_volatilidad|bolsa_no_informada,
SKUUx,SKUU,GraniteShares 2x Long SK Hynix Daily ETF xStock,XstZ31nh6HKMkkNgEcXqAJuF2CFmexYkM4tGaNtUVWK,etp_apalancado,,TwentyFourFive,overnight,0,3,,31.4,,,,,,,,,,no,FAIL,producto_apalancado_inverso_o_volatilidad|bolsa_no_informada,
SLMTx,SLMT,Brera xStock,XsPHkGBbztHCCe1RMhiAs7CxVqoghmyd6zDUfrbfVWG,stock,XNAS,TwentyFourFive,overnight,0,3,,3.95,,True,1434.5,rfq/JupiterZ,,,,,,no,FAIL,buy100_costo_alto,2026-10-06T07:02:14.391182Z
SMIN.GBx,SMINL,Smiths xStock,XspAgeHZ7DAtDP9Y3t56sTpuhCFY1GafqstYjcu13f7,stock,XLON,MarketHours,closed,0,3,,,,,,,,,,,,no,FAIL,subyacente_no_usd|bolsa_no_permitida_XLON|sin_precio_de_referencia,
SMMTx,SMMT,Summit Therapeutics xStock,XsTHNHk6EWxKHz8dJA2fjJobc9HT16kn4bkFTR27Wfg,stock,XNAS,TwentyFourFive,overnight,0,2,,17.4425,,False,,,,,,,,no,FAIL,buy100_sin_ruta_market_maker,2026-10-06T06:39:14.826498Z
SMOIHx,6969,Smoore International xStock,XswbKzrwuU9XaDu5w5xLXFwSwr9AbyusuP8SMYirr49,stock,XHKG,Regular,market,0,2,,,,,,,,,,,,no,FAIL,subyacente_no_usd|bolsa_no_permitida_XHKG|sin_precio_de_referencia,
SMRx,SMR,NuScale Power Corporation xStock,XsrwdnwLHjVnyy7fgE2Pdwjp3czEm73jPjkSC5xzUBw,stock,XNYS,TwentyFourFive,overnight,0,13,8.048817129220746,7.72,425.9,False,,,,,,,,no,FAIL,desvio_precio_jupiter_vs_referencia|buy100_sin_ruta_market_maker,2026-10-06T07:01:54.151928Z
SMTCx,SMTC,Semtech xStock,Xs9bdUnLdSWjQWeEsy8cde6t2L7d3adDRKcH8H51Uwr,stock,XNAS,TwentyFourFive,overnight,0,2,,194.152,,False,,,,,,,,no,FAIL,buy100_sin_ruta_market_maker,2026-10-06T06:39:50.333287Z
SN.GBx,SNL,Smith & Nephew xStock,XsWYNagePVR7FDVei6E5xirRMKnRCxhUvKzDYwVzPzM,stock,XLON,MarketHours,closed,0,3,,,,,,,,,,,,no,FAIL,subyacente_no_usd|bolsa_no_permitida_XLON|sin_precio_de_referencia,
SNAx,SNA,Snap-on xStock,XsKxGKYM3RsRvdgzAZXAh7HZiReynB5pxvoTLRMJiF9,stock,XNYS,TwentyFourFive,overnight,0,7,,367.4,,False,,,,,,,,no,FAIL,buy100_sin_ruta_market_maker,2026-10-06T06:54:07.570018Z
SNBIOx,1177,Sino Biopharmaceutical xStock,XsyeAGJ5CS1uDtDcnFaHTW3QCF5eL2CAt8vcrRBeAs5,stock,XHKG,Regular,market,0,2,,,,,,,,,,,,no,FAIL,subyacente_no_usd|bolsa_no_permitida_XHKG|sin_precio_de_referencia,
SNDRx,SNDR,Schneider National xStock,XsTuM2zGDihYmVmFa6NPUwqZ4oD9s2nRw4ntDomkz86,stock,XNYS,TwentyFourFive,overnight,0,2,,31.2367,,False,,,,,,,,no,FAIL,buy100_sin_ruta_market_maker,2026-10-06T06:35:32.893971Z
SNDSCx,1928,Sands China xStock,XsFRth3iT4KjYSzVvWpdeFhFjzdguCFiv3zMWJEodsF,stock,XHKG,Regular,market,0,2,,,,,,,,,,,,no,FAIL,subyacente_no_usd|bolsa_no_permitida_XHKG|sin_precio_de_referencia,
SNOWx,SNOW,Snowflake xStock,Xs3QCTNpPWTFYRQ9yPv9gsvWKNJGk45UQ1bb1w7xznc,stock,XNYS,TwentyFourFive,overnight,0,12,338.1687422747935,339.59,-41.9,False,,,,,,,,no,FAIL,buy100_sin_ruta_market_maker,2026-10-06T06:44:02.781232Z
SNPSx,SNPS,Synopsys xStock,XsfGN1hFHbigfAzUY1nLRjrECm3ohGzVcim5pMqgp9d,stock,XNAS,TwentyFourFive,overnight,0,9,366.5494864496688,488.62,-2498.3,False,,,,,,,,no,FAIL,desvio_precio_jupiter_vs_referencia|buy100_sin_ruta_market_maker,2026-10-06T06:59:11.750378Z
SNXXx,SNXX,SNDK 2x Long ETF xStock,Xs3EFHHyP27EsAw3ftS8UFsN8kwkhFvbppji6bbkkPn,etp_apalancado,BATS,TwentyFourFive,overnight,0,7,,15.98,,,,,,,,,,no,FAIL,producto_apalancado_inverso_o_volatilidad,
SNXx,SNX,TD Synnex xStock,Xsh64eWgeLab2YtKPRy15Zj7tXrUncjVwszGW9F5tWG,stock,XNYS,TwentyFourFive,overnight,0,7,,277.28,,False,,,,,,,,no,FAIL,buy100_sin_ruta_market_maker,2026-10-06T06:46:57.680063Z
SOFIx,SOFI,SoFi Technologies xStock,Xsipo31rLh5EqPMR2cArn6kVPAD83C6rxbmCrT9Wu5u,stock,XNAS,TwentyFourFive,overnight,0,7,,15.91,,False,,,,,,,,no,FAIL,buy100_sin_ruta_market_maker,2026-10-06T06:53:43.336320Z
SOLSx,SOLS,Solstice Advanced Materials xStock,XszuTk3Rr5HXpV7Nrfpg7KAZJfDccPAYLKBsRbLYRx4,stock,XNAS,TwentyFourFive,overnight,0,7,,57.16,,False,,,,,,,,no,FAIL,buy100_sin_ruta_market_maker,2026-10-06T06:44:15.187774Z
SONYx,SONY,Sony xStock,XsEKTjrrYD3Yni2CEPZUn1H4wKsSXpZc8hBQLFy54TR,stock,,TwentyFourFive,overnight,0,3,,23.56,,,,,,,,,,no,FAIL,bolsa_no_informada,
SONx,SON,Sonoco Products xStock,XsDUktmePB9gzbZF2gNa2HDyLnv16HcrJX4SiEc5mDg,stock,XNYS,TwentyFourFive,overnight,0,2,,48.22,,False,,,,,,,,no,FAIL,buy100_sin_ruta_market_maker,2026-10-06T06:36:00.490369Z
SOXSx,SOXS,3x Short Semiconductor ETF xStock,XsCucuUESBi3ZjRxmjwUzGYuf6ZrtZDUvK6XhRA4RR3,etp_apalancado,ARCX,TwentyFourFive,overnight,0,7,,29.62,,,,,,,,,,no,FAIL,producto_apalancado_inverso_o_volatilidad,
SOXXx,SOXX,iShares Semiconductor xStock,XsEsHeiNZf88sABxu74TPuXbQThdaQGdzPVZUBicjtQ,etf,XNAS,TwentyFourFive,overnight,0,11,564.174875825788,591.1,-455.5,False,,,,,,,,no,FAIL,desvio_precio_jupiter_vs_referencia|buy100_sin_ruta_market_maker,2026-10-06T07:00:58.481527Z
SOx,SO,Southern xStock,Xs5nNLYnMuwBTMQ7KnfCgfsDBa9WehDa1EZqzicarZm,stock,XNYS,TwentyFourFive,overnight,0,7,,83.79,,False,,,,,,,,no,FAIL,buy100_sin_ruta_market_maker,2026-10-06T06:44:08.891489Z
SPCEx,SPCE,Virgin Galactic xStock,Xsgrm4D6VBTfDx5bs7GNdjtmWDgZ8V79r3YpsYwf5py,stock,XNYS,TwentyFourFive,overnight,0.0,31,15.145612714282139,3.0246,40074.8,True,187.7,rfq/JupiterZ,,,,,,no,FAIL,desvio_precio_jupiter_vs_referencia|buy100_costo_alto,2026-10-06T06:34:21.963873Z
SPCHx,SPCH,Leverage Shares 2X Long SPCX Daily ETF xStock,Xst9jAZk2vxXtsttJdDh5pKvwfmDUPHAPqt3dxFi64G,etp_apalancado,,TwentyFourFive,overnight,0,3,,12.74,,,,,,,,,,no,FAIL,producto_apalancado_inverso_o_volatilidad|bolsa_no_informada,
SPGx,SPG,Simon Property xStock,XsUXFEjcDYrp7NuzHtC88JLyirmnLpA8nde1e8eRxEn,stock,XNYS,TwentyFourFive,overnight,0,7,,201.4,,False,,,,,,,,no,FAIL,buy100_sin_ruta_market_maker,2026-10-06T06:57:52.040526Z
SPX.GBx,SPXL,Spirax xStock,XsiMJ43LZ4dLS1G6SSdeW7aDQnoECuKBQkobnheRrdV,etp_apalancado,XLON,MarketHours,closed,0,3,,,,,,,,,,,,no,FAIL,subyacente_no_usd|producto_apalancado_inverso_o_volatilidad|sin_precio_de_referencia,
SQQQx,SQQQ,ProShares UltraPro Short QQQ xStock,XsSPkcE4GbHiBacr8awTTHpwFBuznazcwEKgdvBCkoz,etp_apalancado,,TwentyFourFive,overnight,0,3,,32.21,,,,,,,,,,no,FAIL,producto_apalancado_inverso_o_volatilidad|bolsa_no_informada,
SREx,SRE,Sempra xStock,XsbicvsCUHE9ja8gTsjzruDxQTKeyij94i3phx3NuNf,stock,XNYS,TwentyFourFive,overnight,0,7,,78.16,,False,,,,,,,,no,FAIL,buy100_sin_ruta_market_maker,2026-10-06T06:57:45.142531Z
SRG.ITx,SRGM,Snam xStock,XsMDVr6KCH4EFoBnwPFUibztsVeNWLZHjaLkJrMpt3Y,stock,MTAA,MarketHours,closed,0,3,,,,,,,,,,,,no,FAIL,subyacente_no_usd|bolsa_no_permitida_MTAA|sin_precio_de_referencia,
SSBx,SSB,SouthState Bank xStock,XsTTM11UJQyneyFFY4jcwxqp7PjqEZU33N3FPDemKuT,stock,XNYS,TwentyFourFive,overnight,0,2,,101.13,,False,,,,,,,,no,FAIL,buy100_sin_ruta_market_maker,2026-10-06T06:38:31.648319Z
SSDx,SSD,Simpson Manufacturing xStock,Xsk6RCQbYdzpTwyWLuNGS5yd3Fs5eGHqfeyCLzyoYmm,stock,XNYS,TwentyFourFive,overnight,0,2,,172.77,,False,,,,,,,,no,FAIL,buy100_sin_ruta_market_maker,2026-10-06T06:36:32.347420Z
SSEx,SSEL,SSE xStock,XshHCWPTRVkNuNc7bqfdw9PzBZzrted9u8YQwdkw49e,stock,XLON,MarketHours,closed,0,3,,0.06,,,,,,,,,,no,FAIL,subyacente_no_usd|bolsa_no_permitida_XLON,
SSNCx,SSNC,SS&C Technologies xStock,Xsq4wQVyggsJXzrjQK51M8bxK3duFaRegcX5Vxdbfcx,stock,XNAS,TwentyFourFive,overnight,0,7,,79.08,,False,,,,,,,,no,FAIL,buy100_sin_ruta_market_maker,2026-10-06T06:45:32.203503Z
STAGx,STAG,Stag Industrial xStock,Xs96AnSiL4zTcT6VSU95NNvr1SuaD8kaKCeUkxZ2GaX,stock,XNYS,TwentyFourFive,overnight,0,2,,36.05,,False,,,,,,,,no,FAIL,buy100_sin_ruta_market_maker,2026-10-06T06:36:25.517325Z
STANx,STANL,Standard Chartered xStock,Xs48goZtbChFs5wZtcypPZQHh9WmTRqzkqante4qSB5,stock,XLON,MarketHours,closed,0,3,,2246,,,,,,,,,,no,FAIL,subyacente_no_usd|bolsa_no_permitida_XLON,
STJ.GBx,STJL,St. James's Place xStock,XsfTAA7bScmYWJS3eCJ7exrDqUNtD9TjtZkKXWWSyZK,stock,XLON,MarketHours,closed,0,3,,,,,,,,,,,,no,FAIL,subyacente_no_usd|bolsa_no_permitida_XLON|sin_precio_de_referencia,
STLDx,STLD,Steel Dynamics xStock,Xsw7mKDicsyZ7dgSMfFxhX5nbgat3uG9V1nCxDy6Gvp,stock,XNAS,TwentyFourFive,overnight,0,7,,241.04,,False,,,,,,,,no,FAIL,buy100_sin_ruta_market_maker,2026-10-06T06:55:05.791781Z
STMMIx,STMMIM,STMicroelectronics xStock,XsWFsv79eytB6eVGK97kSKSrTuWzcpDnTibn9H8N9Fb,stock,MTAA,MarketHours,closed,0,3,,50.86,,,,,,,,,,no,FAIL,subyacente_no_usd|bolsa_no_permitida_MTAA,
STRKx,STRK,Strategy PP Fixed xStock,XsaQGz41BEQkS9xAB44uvUtuXcdLJAXEU1dogEzWMZ8,stock,XNAS,TwentyFourFive,overnight,0,13,73.75360268143017,76.58,-369.1,True,72.6,rfq/JupiterZ,False,,False,,,no,FAIL,desvio_precio_jupiter_vs_referencia|buy1000_sin_ruta_market_maker|sell100_sin_ruta_market_maker,2026-10-06T07:08:25.796975Z
STRLx,STRL,Sterling Infrastructure xStock,XsHLmetWDLLqs613YVRnkUsEZP4V1FSA3gTt33Dc66Y,stock,XNAS,TwentyFourFive,overnight,0,3,,526.4577,,False,,,,,,,,no,FAIL,buy100_sin_ruta_market_maker,2026-10-06T06:41:19.990211Z
STTx,STT,State Street xStock,Xs6QWdM8Lgdf3gUfmhZfZDu8DKcoMyxjgyU46R28RUR,etf,XNYS,TwentyFourFive,overnight,0,7,,176.37,,False,,,,,,,,no,FAIL,buy100_sin_ruta_market_maker,2026-10-06T06:57:07.579163Z
STWDx,STWD,Starwood Property Trust xStock,XsWvqdKgQpgcqg79bWxNz2m2tFzSfH65kgXRbvQajA5,etf,XNYS,TwentyFourFive,overnight,0,2,,13.0423,,False,,,,,,,,no,FAIL,buy100_sin_ruta_market_maker,2026-10-06T06:36:07.917816Z
STZx,STZ,Constellation Brands xStock,Xs6eATub8cqKdztx4asCRFMSzMwtNqAUWiDaUPXxUtD,stock,XNYS,TwentyFourFive,overnight,0,7,,113.46,,False,,,,,,,,no,FAIL,buy100_sin_ruta_market_maker,2026-10-06T06:46:30.011749Z
SU.FRx,SUP,Schneider Electric xStock,XsnThvBoftiwiVhQyD4Lh6kS5AjoLLPSzSKjJU8Nx9d,stock,XPAR,MarketHours,closed,0,3,,,,,,,,,,,,no,FAIL,subyacente_no_usd|bolsa_no_permitida_XPAR|sin_precio_de_referencia,
SUIx,SUI,Sun Communities xStock,XsWaSDd1S6YhQfsnTquL5ht2TGHe3mabeZ2Kvfpjsnc,stock,XNYS,TwentyFourFive,overnight,0,7,,111.84,,False,,,,,,,,no,FAIL,buy100_sin_ruta_market_maker,2026-10-06T06:44:49.146752Z
SUOPTx,2382,Sunny Optical Technology Group xStock,XsVpajrhXA4CffEm652abYSS2iDiKnLnarPYxaokYis,stock,XHKG,Regular,market,0,2,,,,,,,,,,,,no,FAIL,subyacente_no_usd|bolsa_no_permitida_XHKG|sin_precio_de_referencia,
SVTx,SVTL,Severn Trent xStock,Xs1V7BHojsDUQiNhsSm8TKpEyYrmox2gCzFUJ7b4t4q,stock,XLON,MarketHours,closed,0,3,,3102.42,,,,,,,,,,no,FAIL,subyacente_no_usd|bolsa_no_permitida_XLON,
SWKx,SWK,Stanley Black & Decker xStock,XsNotS1p6BsTADzMaZVu14SJbuH9V4CYYyRZ8mn6WAQ,stock,XNYS,TwentyFourFive,overnight,0,7,,89.68,,False,,,,,,,,no,FAIL,buy100_sin_ruta_market_maker,2026-10-06T06:43:42.483753Z
SWPRPx,1972,Swire Properties xStock,Xsxr7Bmw3Sj4ib4RziMw3CZuFVfCUgFuXi4W5bbmrV4,stock,XHKG,Regular,market,0,2,,,,,,,,,,,,no,FAIL,subyacente_no_usd|bolsa_no_permitida_XHKG|sin_precio_de_referencia,
SYFx,SYF,Synchrony Financial xStock,XsWMBE3QzwuS7pJET8GUyaGzjNJG49RToPBYWdGHUTG,stock,XNYS,TwentyFourFive,overnight,0,7,,71.88,,False,,,,,,,,no,FAIL,buy100_sin_ruta_market_maker,2026-10-06T06:41:22.470215Z
SYKx,SYK,Stryker xStock,XshACd866qcdJYTotipkEHNKKnjDHJJkUciUxKVenE3,stock,XNYS,TwentyFourFive,overnight,0,7,,284.26,,False,,,,,,,,no,FAIL,buy100_sin_ruta_market_maker,2026-10-06T06:59:32.741511Z
SYYx,SYY,Sysco xStock,XszobR4az4oYsssmwsFov326662q84g7UPXzRgrGvfS,stock,XNYS,TwentyFourFive,overnight,0,7,,76.38,,False,,,,,,,,no,FAIL,buy100_sin_ruta_market_maker,2026-10-06T06:56:24.204807Z
SZIGHx,2313,Shenzhou International xStock,XsvkFi5zMUCQ9Ynzjsu2d5wcpTEZBW5ZRggHhDBUwRC,stock,XHKG,Regular,market,0,2,,,,,,,,,,,,no,FAIL,subyacente_no_usd|bolsa_no_permitida_XHKG|sin_precio_de_referencia,
Sx,S,SentinelOne xStock,XswCAWbHUvFTCMDU8ToocjTqnGSD9BBK4PmSCXPFeqJ,stock,XNYS,TwentyFourFive,overnight,0,2,,25.4576,,False,,,,,,,,no,FAIL,buy100_sin_ruta_market_maker,2026-10-06T06:36:52.878620Z
TAPx,TAP,Molson Coors Beverage xStock,XsjnZsnta154poqgmRNecPg8MDtkoviqF5v3cU486Ny,stock,XNYS,TwentyFourFive,overnight,0,2,,36.52,,False,,,,,,,,no,FAIL,buy100_sin_ruta_market_maker,2026-10-06T06:37:49.576980Z
TCAPx,TCAPL,TP Icap xStock,XsreDw9sQZQzvMUbgAkdGvk9JD1A4q8Sbfb1pq8Zxcr,stock,XLON,MarketHours,closed,0,3,,321.2,,,,,,,,,,no,FAIL,subyacente_no_usd|bolsa_no_permitida_XLON,
TCENTx,700,Tencent xStock,XsXb7KCxcxTi6hqWfYyEe1kpTwtiCeU5TJbEz8N7RWn,stock,XHKG,Regular,market,0,5,54.33683614540717,,,,,,,,,,,no,FAIL,subyacente_no_usd|bolsa_no_permitida_XHKG|sin_precio_de_referencia,
TDGx,TDG,TransDigm xStock,XsaY4eSxkNswy2kg8j7CWS7v154y5kkxYRiqX2ffpVZ,stock,XNYS,TwentyFourFive,overnight,0,7,,1092.66,,False,,,,,,,,no,FAIL,buy100_sin_ruta_market_maker,2026-10-06T06:58:38.064100Z
TDYx,TDY,Teledyne Technologies xStock,XsBKXQehs7BBCZ8YbJ8X5B37BE1ymf9KyMJwbj6Jpoy,stock,XNYS,TwentyFourFive,overnight,0,7,,619.64,,False,,,,,,,,no,FAIL,buy100_sin_ruta_market_maker,2026-10-06T06:42:07.954135Z
TEAMx,TEAM,Atlassian xStock,XsLhefHBtc8r9nStXgXtu9tHeEWYRXxSXrpbnfwTJ7v,stock,XNAS,TwentyFourFive,overnight,0,7,,196.71,,False,,,,,,,,no,FAIL,buy100_sin_ruta_market_maker,2026-10-06T06:44:58.418899Z
TEFx,TEFE,Telefonica xStock,XsUShG8vjDVvpduyiY3jDbVif8ivGeAu3dB6RtmXJZ3,stock,XMAD,MarketHours,closed,0,3,,3.43,,,,,,,,,,no,FAIL,subyacente_no_usd|bolsa_no_permitida_XMAD,
TERx,TER,"Teradyne, Inc. xStock",Xsbe4fwmjVQEWEPkzfyxqNdPUUK7X9dKfTJrZdDbNgx,stock,XNAS,TwentyFourFive,overnight,0,15,413.6720329943641,445.94,-723.6,False,,,,,,,,no,FAIL,desvio_precio_jupiter_vs_referencia|buy100_sin_ruta_market_maker,2026-10-06T07:02:00.761544Z
TEx,TE,T1 Energy xStock,XsEn37JjZxj3m9YayAyCCJFaQKBPZc6aUEiLEus5igu,stock,XNYS,TwentyFourFive,overnight,0,12,3.929307162489359,3.7,619.7,False,,,,,,,,no,FAIL,desvio_precio_jupiter_vs_referencia|buy100_sin_ruta_market_maker,2026-10-06T06:42:48.614112Z
TFCx,TFC,Truist Financial xStock,XspgPjzWCN6w4b8xHyfN8NRXrgdNMYx5nsWgiGGeK4R,stock,XNYS,TwentyFourFive,overnight,0,7,,46.33,,False,,,,,,,,no,FAIL,buy100_sin_ruta_market_maker,2026-10-06T06:43:52.557346Z
TFXx,TFX,Teleflex xStock,XsEyZwvpA2zc4k1Ny9hpWx8BS5pMuHvxQEx7xejNNS2,stock,XNYS,TwentyFourFive,overnight,0,2,,125.24,,False,,,,,,,,no,FAIL,buy100_sin_ruta_market_maker,2026-10-06T06:35:58.711938Z
THCx,THC,Tenet Healthcare xStock,XsBYWM8wgvSJfvNybgc6qxGxkD584FSycCWRiCvwZHk,stock,XNYS,TwentyFourFive,overnight,0,7,,259.47,,False,,,,,,,,no,FAIL,buy100_sin_ruta_market_maker,2026-10-06T06:44:03.850590Z
THGx,THG,The Hanover Insurance xStock,XsdYFuC7QG4Daz8DAGzaQ9SXn1jt17Cwzm2vy7dKxty,stock,XNYS,TwentyFourFive,overnight,0,2,,220.4,,False,,,,,,,,no,FAIL,buy100_sin_ruta_market_maker,2026-10-06T06:37:12.882109Z
TJXx,TJX,TJX Companies xStock,XsPWZN3FYcrvpEnxrQqogbVZtxpRX9tFomymKw2dWJS,stock,XNYS,TwentyFourFive,overnight,0,7,,134.51,,False,,,,,,,,no,FAIL,buy100_sin_ruta_market_maker,2026-10-06T07:00:02.626938Z
TKRx,TKR,The Timken xStock,Xsxaxh59eNA2Rx87bKr7RCXEdbNVt6XrUK7ytPJ1g92,stock,XNYS,TwentyFourFive,overnight,0,2,,119.99,,False,,,,,,,,no,FAIL,buy100_sin_ruta_market_maker,2026-10-06T06:37:30.550261Z
TLNx,TLN,Talen Energy xStock,Xs8yLZVjsYmQ5Tu4e5JDVQeo4cbRRDCVERgtSGJFn3q,stock,XNAS,TwentyFourFive,overnight,0,7,,334.04,,False,,,,,,,,no,FAIL,buy100_sin_ruta_market_maker,2026-10-06T06:42:37.843078Z
TMFx,TMF,Direxion Daily 20 Year Treasury Bull 3X ETF xStock,XsNZ125wJDfhqhdSuGMeVCWgP26pYsY5ZRtiAfKtU2d,etp_apalancado,,TwentyFourFive,overnight,0,3,,25.19,,,,,,,,,,no,FAIL,producto_apalancado_inverso_o_volatilidad|bolsa_no_informada,
TMUSx,TMUS,T-Mobile xStock,XswCi2U1G6Ppbw1QhG45yKb8UKuR1FKLJrquv2FZSD4,stock,XNAS,TwentyFourFive,overnight,0,10,97.9099270417651,164.02,-4030.6,False,,,,,,,,no,FAIL,desvio_precio_jupiter_vs_referencia|buy100_sin_ruta_market_maker,2026-10-06T07:02:20.806920Z
TNGYIx,322,Tingyi xStock,XsMMFdkb82bRyNcwXxWZQqkurJuzdqZ5Wf6ydd5exBe,stock,XHKG,Regular,market,0,2,,,,,,,,,,,,no,FAIL,subyacente_no_usd|bolsa_no_permitida_XHKG|sin_precio_de_referencia,
TOLx,TOL,Toll Brothers xStock,XsnbxjqAYHWuP4Fro7GnJ3kkUh6g9B2xWUMwaVeVgyL,stock,XNYS,TwentyFourFive,overnight,0,7,,135.38,,False,,,,,,,,no,FAIL,buy100_sin_ruta_market_maker,2026-10-06T06:44:47.442248Z
TONXx,TONX,TON xStock,XscE4GUcsYhcyZu5ATiGUMmhxYa1D5fwbpJw4K6K4dp,stock,XNAS,TwentyFourFive,overnight,0,8,,3.59,,False,,,,,,,,no,FAIL,buy100_sin_ruta_market_maker,2026-10-06T07:02:49.699990Z
TOSTx,TOST,Toast xStock,XsXWXoWAzEo22ggADuXQeauMWxwgMS3em44tRBX2Vsx,stock,XNYS,TwentyFourFive,overnight,0,3,,30.04,,False,,,,,,,,no,FAIL,buy100_sin_ruta_market_maker,2026-10-06T06:42:04.679028Z
TPGx,TPG,TPG xStock,XsFV5inndQLJnS5EMmjVMh7bJsqJgTYHY2pJGBC9ceo,stock,XNAS,TwentyFourFive,overnight,0,2,,44.5,,False,,,,,,,,no,FAIL,buy100_sin_ruta_market_maker,2026-10-06T06:38:05.182866Z
TPLx,TPL,Texas Pacific Land xStock,XsNpiekiQLb87S2VqmaYjez6sNSrjoK78nCPAF8uaCF,stock,XNYS,TwentyFourFive,overnight,0,7,,344.67,,False,,,,,,,,no,FAIL,buy100_sin_ruta_market_maker,2026-10-06T06:41:54.697806Z
TPRx,TPR,Tapestry xStock,Xs2zWfkYjSCCW4fdC1L36rz77YzTcQtji7ewjWPvuWW,stock,XNYS,TwentyFourFive,overnight,0,8,113.59730516683712,116.95,-286.7,False,,,,,,,,no,FAIL,buy100_sin_ruta_market_maker,2026-10-06T06:56:35.041058Z
TRGPx,TRGP,Targa Resources xStock,XsmhtZrbnheSvztwRW82ZqZqMjaRnAQqyWERFh1A4Kr,stock,XNYS,TwentyFourFive,overnight,0,7,,287.4,,False,,,,,,,,no,FAIL,buy100_sin_ruta_market_maker,2026-10-06T06:42:39.375261Z
TRMBx,TRMB,Trimble xStock,XsJ8MXED4y4NCxfX6ZE9XJiXLXLgBNzEYDtmnx2hbZ1,stock,XNAS,TwentyFourFive,overnight,0,7,,58.78,,False,,,,,,,,no,FAIL,buy100_sin_ruta_market_maker,2026-10-06T06:43:32.088359Z
TRN.ITx,TRNM,Terna xStock,XsufpvQoakVbm1ZNJEQzsw8uoSJvmC1b5S1ddysxbEH,stock,MTAA,MarketHours,closed,0,2,,,,,,,,,,,,no,FAIL,subyacente_no_usd|bolsa_no_permitida_MTAA|sin_precio_de_referencia,
TRONx,TRON,Tron xStock,XsRrH4fDA27xfyDjpcwefvcBdHCXs34krUuaXGEXzqz,stock,XNAS,TwentyFourFive,overnight,0,4,,1.39,,False,,,,,,,,no,FAIL,buy100_sin_ruta_market_maker,2026-10-06T07:02:47.825248Z
TROWx,TROW,T. Rowe Price xStock,Xs8urJdzBSFLaKqxZiMackbXDkyZbwPeAwz7PepQ1eD,stock,XNAS,TwentyFourFive,overnight,0,7,,103.93,,False,,,,,,,,no,FAIL,buy100_sin_ruta_market_maker,2026-10-06T06:52:41.732125Z
TRUx,TRU,TransUnion xStock,XsyvvjANUH1LpSQkRr3xgCyfxJLcNtpEVyFFNpJcDsb,stock,XNYS,TwentyFourFive,overnight,0,7,,63.82,,False,,,,,,,,no,FAIL,buy100_sin_ruta_market_maker,2026-10-06T06:43:40.215416Z
TRVx,TRV,The Travelers Companies xStock,Xsxd1sqLaPsmmmYTZHr2GnNufXXiH5rZcahP99TyeDr,stock,XNYS,TwentyFourFive,overnight,0,7,,360.7,,False,,,,,,,,no,FAIL,buy100_sin_ruta_market_maker,2026-10-06T06:57:46.679456Z
TSCO.GBx,TSCOL,Tesco xStock,XsuvquK96tF2uby3f6KaTCcAVTZtv6MUkdbzhPYQ1Zr,stock,XLON,MarketHours,closed,0,3,,,,,,,,,,,,no,FAIL,subyacente_no_usd|bolsa_no_permitida_XLON|sin_precio_de_referencia,
TSCOx,TSCO,Tractor Supply xStock,XsYMTZRVKs9he9redAPMhaBbCbmZvUxMTApsfCZsKzt,stock,XNAS,TwentyFourFive,overnight,0,7,,30.8956,,False,,,,,,,,no,FAIL,buy100_sin_ruta_market_maker,2026-10-06T06:52:20.739366Z
TSEMx,TSEM,Tower Semiconductor xStock,XsCMQxyd94mNDqb9uXoxLh6hNFFcBygdBYerEKp2LZy,stock,,TwentyFourFive,overnight,0,3,,250.25,,,,,,,,,,no,FAIL,bolsa_no_informada,
TSLLx,TSLL,Direxion Daily TSLA Bull 2X Shares xStock,XsWfu1svxj6DPqQZFAinCvtDa1EvgAZGx5qocUkrrA6,etp_apalancado,,TwentyFourFive,overnight,0,3,,10.27,,,,,,,,,,no,FAIL,producto_apalancado_inverso_o_volatilidad|bolsa_no_informada,
TSNx,TSN,Tyson Foods xStock,XsWV8voFNehNEbuBW8cEAMWwjicXCYskUT4616PFZ6a,stock,XNYS,TwentyFourFive,overnight,0,7,,51.71,,False,,,,,,,,no,FAIL,buy100_sin_ruta_market_maker,2026-10-06T06:41:08.825134Z
TTCx,TTC,The Toro xStock,XsMH6kZHMnxM8UGvHzwyqwhAfARRFecitV81gyd7sDR,stock,XNYS,TwentyFourFive,overnight,0,2,,98.94,,False,,,,,,,,no,FAIL,buy100_sin_ruta_market_maker,2026-10-06T06:38:29.886761Z
TTDx,TTD,The Trade Desk xStock,XsMheFQzTi63hVQDGnGeyrspB5Fn3mjJyXygaJCkMo9,stock,XNAS,TwentyFourFive,overnight,0,2,,12.0085,,False,,,,,,,,no,FAIL,buy100_sin_ruta_market_maker,2026-10-06T06:36:02.912098Z
TTEKx,TTEK,Tetra Tech xStock,XsTfmEKfTedkMBNHacwmSutBG6dU8xGf5ycZemMNVf9,stock,XNAS,TwentyFourFive,overnight,0,2,,33.33,,False,,,,,,,,no,FAIL,buy100_sin_ruta_market_maker,2026-10-06T06:38:16.018176Z
TTEx,TTEP,TotalEnergies xStock,XscDu6syCEq5cJ3mYL9hUMUct7YsWjmy8nddGNXmVtS,stock,XPAR,MarketHours,closed,0,3,,84.37,,,,,,,,,,no,FAIL,subyacente_no_usd|bolsa_no_permitida_XPAR,
TTMIx,TTMI,TTM Technologies xStock,Xs1PSc6DL1cdDPTbyJevgYYU7uA1wiJQESzrpWM7JRv,stock,XNAS,TwentyFourFive,overnight,0,3,,134,,False,,,,,,,,no,FAIL,buy100_sin_ruta_market_maker,2026-10-06T06:40:03.184321Z
TTWOx,TTWO,Take-Two Interactive Software xStock,XssvmC28hqLgtT5kf8R8eAv3mejy4XftJ6MXB8QywTa,stock,XNAS,TwentyFourFive,overnight,0,30,200.87238346808954,203.3901,-123.8,True,92.0,rfq/JupiterZ,True,66.8,False,,,no,FAIL,sell100_sin_ruta_market_maker,2026-10-06T07:12:23.709169Z
TW.GBx,TWL,Taylor Wimpey xStock,XsJAv8xheV7udiAeM8DNduVAe4bg1s1SLp3uzJsCCvG,stock,XLON,MarketHours,closed,0,3,,,,,,,,,,,,no,FAIL,subyacente_no_usd|bolsa_no_permitida_XLON|sin_precio_de_referencia,
TWLOx,TWLO,Twilio xStock,XsQVYwNXBY7UNaLonk5qTbr3RzFC87CECGXWWfJomt2,stock,XNYS,TwentyFourFive,overnight,0,10,,302.5,,False,,,,,,,,no,FAIL,buy100_sin_ruta_market_maker,2026-10-06T06:41:13.258239Z
TWSTx,TWST,Twist Bioscience xStock,XsMAsw5BADYr3m19HhYeXrG1qAieeP75DT8tKn42DFA,stock,XNAS,TwentyFourFive,overnight,0,6,,205,,False,,,,,,,,no,FAIL,buy100_sin_ruta_market_maker,2026-10-06T06:42:22.767158Z
TWx,TW,Tradeweb Markets xStock,Xs1vPiv1k4jph8JkwRfnCjog6pXKuYzVVpdRVSt3hWA,stock,XNAS,TwentyFourFive,overnight,0,8,,107.11,,False,,,,,,,,no,FAIL,buy100_sin_ruta_market_maker,2026-10-06T06:42:59.627411Z
TXNx,TXN,Texas Instruments xStock,XsU4fHhJEFcrwNh4RYuHmWdaoCfsrWKEm4UEs3zTJwH,stock,XNAS,TwentyFourFive,overnight,0,8,,294.9,,True,154.6,rfq/JupiterZ,,,,,,no,FAIL,buy100_costo_alto,2026-10-06T06:44:24.711268Z
TXRHx,TXRH,Texas Roadhouse xStock,XsWFY8Ems96uFPnZJ1NwXsqeH6bczLQDDvvvab14crQ,stock,XNAS,TwentyFourFive,overnight,0,3,,163,,False,,,,,,,,no,FAIL,buy100_sin_ruta_market_maker,2026-10-06T06:41:07.454724Z
TXTx,TXT,Textron xStock,XsjWGbe4McmJXNRd6hQYsS8dEsPKTfT38fxSebugRbn,stock,XNYS,TwentyFourFive,overnight,0,8,,75.75,,False,,,,,,,,no,FAIL,buy100_sin_ruta_market_maker,2026-10-06T06:41:17.730316Z
TYLx,TYL,Tyler Technologies xStock,XsiSQ5MUFoAwjrGB1x3FsXTthfwJnJgHVXj9tDKuvr8,stock,XNYS,TwentyFourFive,overnight,0,7,,328.32,,False,,,,,,,,no,FAIL,buy100_sin_ruta_market_maker,2026-10-06T06:43:42.551216Z
UALx,UAL,United Airlines xStock,XsKq6Ac27X857u18jH8MrWQ3bEA5ZfUSGriawpyu8xw,stock,XNAS,TwentyFourFive,overnight,0,7,,110.25,,False,,,,,,,,no,FAIL,buy100_sin_ruta_market_maker,2026-10-06T06:56:46.258408Z
UCB.BEx,UCBB,UCB xStock,XswnUJwf8urHMQ9qBJdtjwz95MkKZB3cBancY6JoXVZ,stock,XBRU,MarketHours,closed,0,3,,,,,,,,,,,,no,FAIL,subyacente_no_usd|bolsa_no_permitida_XBRU|sin_precio_de_referencia,
UCGx,UCGM,UniCredit xStock,XsoXAufDfjU96wcWwS5oRsdz7rfpBPgC1wiuEcLjNVY,stock,MTAA,MarketHours,closed,0,3,,79.8,,,,,,,,,,no,FAIL,subyacente_no_usd|bolsa_no_permitida_MTAA,
UDRx,UDR,UDR xStock,XstJ29hJ96UCddwezTPe9mXLiamEApRt85ChkTSRh5f,stock,XNYS,TwentyFourFive,overnight,0,7,,33.84,,False,,,,,,,,no,FAIL,buy100_sin_ruta_market_maker,2026-10-06T06:44:04.256282Z
UGIx,UGI,UGI xStock,Xs4N372jzRFLH5cUatRnbnyFEPC7KpEjZQQtyUsuzTe,stock,XNYS,TwentyFourFive,overnight,0,2,,36.78,,False,,,,,,,,no,FAIL,buy100_sin_ruta_market_maker,2026-10-06T06:37:59.781466Z
UHALx,UHAL,U-Haul xStock,XssRPrQZPGjgViEH2wVDAvDnFkiL9aFEE3dZ6Egbry6,stock,XNYS,TwentyFourFive,overnight,0,3,,61.1,,False,,,,,,,,no,FAIL,buy100_sin_ruta_market_maker,2026-10-06T06:41:10.973280Z
UHSx,UHS,Universal Health Services xStock,XssEbaN7CVuJer4MUaM1wXF8Skfq3tttrWarfyNSpT8,stock,XNYS,TwentyFourFive,overnight,0,2,,176.05,,False,,,,,,,,no,FAIL,buy100_sin_ruta_market_maker,2026-10-06T06:38:30.309359Z
UIx,UI,Ubiquiti xStock,XsLzbFA47Tm3Bs7MnSJrGbi6RnfbtCGA6pD3NHSzp6P,stock,XNYS,TwentyFourFive,overnight,0,3,,609.29,,False,,,,,,,,no,FAIL,buy100_sin_ruta_market_maker,2026-10-06T06:42:12.602924Z
ULSx,ULS,UL Solutions xStock,Xspg7dCVnegasgemg56htgBWpemdffjvY9joWyNvJww,stock,XNYS,TwentyFourFive,overnight,0,2,,68.75,,False,,,,,,,,no,FAIL,buy100_sin_ruta_market_maker,2026-10-06T06:41:43.858371Z
ULTAx,ULTA,Ulta Beauty xStock,Xse5GAs99zAj5bzMAbwjooLn4AHn1Ny6nUcN6vt5vrR,stock,XNAS,TwentyFourFive,overnight,0,7,,543,,False,,,,,,,,no,FAIL,buy100_sin_ruta_market_maker,2026-10-06T06:53:44.996052Z
ULVRx,ULVRL,Unilever xStock,XsNrNxXBab5oRAUnN9u2YzJzhJjLCo6YeJVcCEttL7V,stock,XLON,MarketHours,closed,0,3,,4500.5,,,,,,,,,,no,FAIL,subyacente_no_usd|bolsa_no_permitida_XLON,
UMGx,UMGA,Universal Music xStock,XsmGK6MDigvFPVnWoPVXf1oABuz5V5HjSHdS5BCtmmo,stock,XAMS,MarketHours,closed,0,2,,14.17,,,,,,,,,,no,FAIL,subyacente_no_usd|bolsa_no_permitida_XAMS,
UNMx,UNM,Unum xStock,XsAhRsoTzG6cpxTxvH9qSze3Kwg2gmYbABi5xqrGm7G,stock,XNYS,TwentyFourFive,overnight,0,8,,89.93,,False,,,,,,,,no,FAIL,buy100_sin_ruta_market_maker,2026-10-06T06:45:08.442996Z
UNPx,UNP,Union Pacific xStock,Xsehrw5hHiQ16Vfxxctj8ewUhtRCzbCrBYS278ctAAy,stock,XNYS,TwentyFourFive,overnight,0,7,,277.06,,False,,,,,,,,no,FAIL,buy100_sin_ruta_market_maker,2026-10-06T06:44:19.164675Z
UPSx,UPS,United Parcel Service xStock,XsnqNkeDhvaK8C5B3Z4D1ciCupVAgkw1AdS3U2uEn26,stock,XNYS,TwentyFourFive,overnight,0,7,,93.52,,False,,,,,,,,no,FAIL,buy100_sin_ruta_market_maker,2026-10-06T06:45:51.942501Z
URIx,URI,United Rentals xStock,XsLR9avpksMgLqB5Mw3jBNjzdvSDUKGw4onApxDGE6x,stock,XNYS,TwentyFourFive,overnight,0,7,,1074.95,,False,,,,,,,,no,FAIL,buy100_sin_ruta_market_maker,2026-10-06T06:58:39.378258Z
URNMx,URNM,Sprott Uranium Miners ETF xStock,Xst3tzrmqjzvGXZz2eE2h8CWWWxy4wzp6mXvTuG5Tqt,etf,,TwentyFourFive,overnight,0,3,,47.92,,,,,,,,,,no,FAIL,bolsa_no_informada,
USBx,USB,U.S. Bancorp xStock,Xsieiissncd7uzAW2kwNJPDKBfWcyvdibgxSMQindKF,stock,XNYS,TwentyFourFive,overnight,0,7,,57.38,,False,,,,,,,,no,FAIL,buy100_sin_ruta_market_maker,2026-10-06T06:59:31.580178Z
USFDx,USFD,US Foods xStock,Xspjr5y1bLtPTeSg13NBzxcE3JKZjYQrdpHKxAGsQYs,stock,XNYS,TwentyFourFive,overnight,0,7,,94.63,,False,,,,,,,,no,FAIL,buy100_sin_ruta_market_maker,2026-10-06T06:46:26.067395Z
USOx,USO,United States Oil Fund xStock,XsXJBom7kFSxA6hc2ArzUwe6o6zyRU1AdHTfvev1HkG,etf,,TwentyFourFive,overnight,0,3,,143.99,,,,,,,,,,no,FAIL,bolsa_no_informada,
USPXx,USPX,Franklin U.S. Equity Index xStock,XsBNz5UKYqcALjS5Xnm7HesMapyKLxkmfWPGHBek36x,etf,ARCX,Regular,overnight,0,5,,67.83,,False,,,,,,,,no,FAIL,buy100_sin_ruta_market_maker,2026-10-06T07:01:22.344863Z
UTHRx,UTHR,United Therapeutics xStock,XsrazTRfp2iGrUcZkkoB8PpM9qApe77RbohmknHh9XJ,stock,XNAS,TwentyFourFive,overnight,0,7,,536.4,,False,,,,,,,,no,FAIL,buy100_sin_ruta_market_maker,2026-10-06T06:46:45.770449Z
UU.GBx,UUL,United Utilities xStock,XsSZEaqC9B6ac1aAYnNSXWUS1moV2MCYQMTFo6Cv7s9,stock,XLON,MarketHours,closed,0,3,,,,,,,,,,,,no,FAIL,subyacente_no_usd|bolsa_no_permitida_XLON|sin_precio_de_referencia,
UUUUx,UUUU,Energy Fuels Inc. xStock,XsYHvpLWfTfqdLkPbCc4eUT21eH521BRTXBypgzpEDH,stock,XASE,TwentyFourFive,overnight,0.0,13,62.72133676980169,10.82,47968.0,,,,,,,,,no,FAIL,bolsa_no_permitida_XASE,
UVXYx,UVXY,ProShares Ultra VIX Short-Term Futures ETF xStock,Xsb9Hu9KkxJxMNoaogz7UYsNS3VHvLCqwT9S1mRyVGE,etp_apalancado,,TwentyFourFive,overnight,0,3,,16.69,,,,,,,,,,no,FAIL,producto_apalancado_inverso_o_volatilidad|bolsa_no_informada,
Ux,U,Unity Software xStock,XsZygGhZ5GWq1TMrbBAibrH5Par33cKxrtZAuTQ9r9o,stock,XNYS,TwentyFourFive,overnight,0,3,,45.75,,False,,,,,,,,no,FAIL,buy100_sin_ruta_market_maker,2026-10-06T06:42:01.708180Z
VEEVx,VEEV,Veeva Systems xStock,XspuRH5i611hbZjGtYsiaLmhnGya23UU4jnwADWr9yV,stock,XNYS,TwentyFourFive,overnight,0,7,,283.97,,False,,,,,,,,no,FAIL,buy100_sin_ruta_market_maker,2026-10-06T06:45:56.218798Z
VFCx,VFC,VF xStock,XshMhwvtaybMH4LyRjwMCWhkjvj3EVmQ7QtNCEzHHc5,stock,XNYS,TwentyFourFive,overnight,0,2,,14.27,,False,,,,,,,,no,FAIL,buy100_sin_ruta_market_maker,2026-10-06T06:35:51.674258Z
VIAVx,VIAV,Viavi Solutions xStock,Xsy8kJEvQN3B29UhEo1LXQdYCTo7egp5cayp1cnBWmf,stock,XNAS,TwentyFourFive,overnight,0,2,,47.13,,False,,,,,,,,no,FAIL,buy100_sin_ruta_market_maker,2026-10-06T06:38:37.292544Z
VICIx,VICI,VICI Properties xStock,XsN9HmM3TqbY317obKz1fYbRvR81MT9qbL5eUSiGto3,stock,XNYS,TwentyFourFive,overnight,0,7,,22.605,,False,,,,,,,,no,FAIL,buy100_sin_ruta_market_maker,2026-10-06T06:42:11.108153Z
VICRx,VICR,Vicor xStock,XsrdBxdbyFTuZzQLs6isMzWAFiLVHdAzBA3mx5zVoyN,stock,XNAS,TwentyFourFive,overnight,0,2,,304.7077,,False,,,,,,,,no,FAIL,buy100_sin_ruta_market_maker,2026-10-06T06:38:14.789292Z
VIEx,VIEP,Veolia Environnement xStock,XsXz8umAQbhjWtBfKy6Ci1sDbPdgaaxtp55VkSy7p81,stock,XPAR,MarketHours,closed,0,3,,30.46,,,,,,,,,,no,FAIL,subyacente_no_usd|bolsa_no_permitida_XPAR,
VIKx,VIK,Viking xStock,XsEWryPA68Tddfrw31uSv18aysuZ6gb4vszk856hqQ6,stock,XNYS,TwentyFourFive,overnight,0,7,,81.03,,False,,,,,,,,no,FAIL,buy100_sin_ruta_market_maker,2026-10-06T06:42:59.310962Z
VIRTx,VIRT,Virtu Financial xStock,XsvgYWJ7rPaTq2YLULnFUuTPwvdGiAUwjpsEZ2tXzWD,stock,XNYS,TwentyFourFive,overnight,0,2,,62.88,,False,,,,,,,,no,FAIL,buy100_sin_ruta_market_maker,2026-10-06T06:35:49.118046Z
VLOx,VLO,Valero Energy xStock,XsmMjZH2ex52ecoCqBN1sMADoWQziXpe9j6z6QVmafF,stock,XNYS,TwentyFourFive,overnight,0,7,,420.06,,False,,,,,,,,no,FAIL,buy100_sin_ruta_market_maker,2026-10-06T06:58:44.804896Z
VLTOx,VLTO,Veralto xStock,Xs6mp36rvKSo7vTM588J1HUZF1sbNjK3KSz12fNM7P5,stock,XNYS,TwentyFourFive,overnight,0,7,,96.57,,False,,,,,,,,no,FAIL,buy100_sin_ruta_market_maker,2026-10-06T06:40:32.891836Z
VMCx,VMC,Vulcan Materials xStock,XsAtnoftgxL6kJErDeCL8m2e364mAYgEbSfSKxi4ctJ,stock,XNYS,TwentyFourFive,overnight,0,7,,245.57,,False,,,,,,,,no,FAIL,buy100_sin_ruta_market_maker,2026-10-06T06:56:21.348588Z
VMIx,VMI,Valmont Industries xStock,XsqLi5srcYHqduXPGpxp59kUYW56qYiwpLTMWp3qDiQ,stock,XNYS,TwentyFourFive,overnight,0,2,,476.85,,False,,,,,,,,no,FAIL,buy100_sin_ruta_market_maker,2026-10-06T06:38:42.339360Z
VNAx,VNAD,Vonovia xStock,XsjE52BSDy41aqcfSaAy7Cy6dgqvmdpJY1cBgLVtdFh,stock,XETR,MarketHours,closed,0,3,,16.9,,,,,,,,,,no,FAIL,subyacente_no_usd|bolsa_no_permitida_XETR,
VNOMx,VNOM,Viper Energy xStock,XsW8ts3iGPo8pxif5eFMv1Rnx6xE5Yw57Zhz2xYdhYL,stock,XNAS,TwentyFourFive,overnight,0,3,,41.2917,,False,,,,,,,,no,FAIL,buy100_sin_ruta_market_maker,2026-10-06T06:40:37.379472Z
VNOx,VNO,Vornado Realty Trust xStock,Xs6TckdNSnYR3wD9bksu5rJFaA6VZi2LKtdE9k8WVuk,etf,XNYS,TwentyFourFive,overnight,0,2,,33.21,,False,,,,,,,,no,FAIL,buy100_sin_ruta_market_maker,2026-10-06T06:35:47.898645Z
VODx,VODL,Vodafone xStock,XsPfiLnSyYwDLytKxdp5N8PsEPV3jV6GCPuhacgz5it,stock,XLON,MarketHours,closed,0,4,,16.79,,,,,,,,,,no,FAIL,subyacente_no_usd|bolsa_no_permitida_XLON,
VOOx,VOO,Vanguard S&P 500 xStock,Xsd7TduTbjuYCFL7Uoujb8SbkZLmUsuYNLn7KdvX21x,etf,ARCX,TwentyFourFive,overnight,0,28,707.6727353573174,712.32,-65.2,False,,,,,,,,no,FAIL,buy100_sin_ruta_market_maker,2026-10-06T07:01:09.804388Z
VOW3x,VOW3D,Volkswagen xStock,XsLuVRftATQL3DgdBDYLqTAym468XKgrn27KUQdjbwT,stock,XETR,MarketHours,closed,0,3,,68.54,,,,,,,,,,no,FAIL,subyacente_no_usd|bolsa_no_permitida_XETR,
VOYAx,VOYA,Voya Financial xStock,XshWbRxDTh2F3eKm7AMS8Zc5A6jArvAB4kWwvsWMZG8,stock,XNYS,TwentyFourFive,overnight,0,2,,98.1,,False,,,,,,,,no,FAIL,buy100_sin_ruta_market_maker,2026-10-06T06:38:02.379305Z
VRSKx,VRSK,Verisk Analytics xStock,XsBDavbmVc22RNAgsHwUDEeC8f8VVCKLCcxFbfFUEzW,stock,XNAS,TwentyFourFive,overnight,0,7,,163.41,,False,,,,,,,,no,FAIL,buy100_sin_ruta_market_maker,2026-10-06T06:41:42.601208Z
VRSNx,VRSN,VeriSign xStock,Xsy4NX4cCf4YjN6iwypnQ8crXtNkyA2K3jypAX5NfQ6,stock,XNAS,TwentyFourFive,overnight,0,7,,292.26,,False,,,,,,,,no,FAIL,buy100_sin_ruta_market_maker,2026-10-06T06:53:09.996176Z
VRTXx,VRTX,Vertex Pharmaceuticals xStock,XsgCWpLUC3pv6JmNAFtkYmuwSaikShy8QZRuripgBzn,stock,XNAS,TwentyFourFive,overnight,0,7,,503,,False,,,,,,,,no,FAIL,buy100_sin_ruta_market_maker,2026-10-06T06:59:42.725526Z
VSNTx,VSNT,Versant Media xStock,XsRVouvzBYxDrduqZehLAtQNpd3bwNm4VRDKNC5jXS2,stock,XNAS,TwentyFourFive,overnight,0,2,,31.66,,False,,,,,,,,no,FAIL,buy100_sin_ruta_market_maker,2026-10-06T06:35:12.903314Z
VTRSx,VTRS,Viatris xStock,Xs9uh84WXf2F4P4UVRLvNGwv753ArA69kUk6r4GKVoA,stock,XNAS,TwentyFourFive,overnight,0,7,,17.77,,False,,,,,,,,no,FAIL,buy100_sin_ruta_market_maker,2026-10-06T06:41:48.587982Z
VTRx,VTR,Ventas xStock,XsEvH8WR4t5FU5GT1cfsmPnvrmEknd4UXA68uJ1F25L,stock,XNYS,TwentyFourFive,overnight,0,7,,81.54,,False,,,,,,,,no,FAIL,buy100_sin_ruta_market_maker,2026-10-06T06:56:31.232381Z
VZx,VZ,Verizon Communications xStock,Xs4VKGG8TTan8UN3mC1ufsDMamBtBLE4Ahfkyv2tfuy,stock,XNYS,TwentyFourFive,overnight,0,7,,45.86,,False,,,,,,,,no,FAIL,buy100_sin_ruta_market_maker,2026-10-06T07:00:23.731353Z
WABx,WAB,Westinghouse Air Brake Technologies xStock,XsGFoZFgiRxDk49QCAQUArX84V88t7Bz3fsExp7HLuX,stock,XNYS,TwentyFourFive,overnight,0,7,,291.86,,False,,,,,,,,no,FAIL,buy100_sin_ruta_market_maker,2026-10-06T06:42:33.515961Z
WALx,WAL,Western Alliance Bancorp xStock,XsinBeptgdcLzGnrtH7s4gXjCJFK5HXdZA34oZgTHpm,stock,XNYS,TwentyFourFive,overnight,0,2,,76.02,,False,,,,,,,,no,FAIL,buy100_sin_ruta_market_maker,2026-10-06T06:37:42.943974Z
WATx,WAT,Waters xStock,XsGmxpiwpg9oBuRoyczLkXs7j82v9Rb4BTHwTkvXnNA,stock,XNYS,TwentyFourFive,overnight,0,7,,440.12,,False,,,,,,,,no,FAIL,buy100_sin_ruta_market_maker,2026-10-06T06:55:43.953047Z
WBDx,WBD,Warner Bros. Discovery xStock,XsZUSqxAXKJkEimvD4CoVvEb4WUC92TFgj5zRtBxFeL,stock,XNAS,TwentyFourFive,overnight,0,8,,30.9802,,False,,,,,,,,no,FAIL,buy100_sin_ruta_market_maker,2026-10-06T07:02:36.565211Z
WCCx,WCC,WESCO International xStock,Xspj4rFiCCXJyymfNgkwBG9AXZbyp69HGyHwfz6WHTE,stock,XNYS,TwentyFourFive,overnight,0,7,,377.09,,False,,,,,,,,no,FAIL,buy100_sin_ruta_market_maker,2026-10-06T06:46:47.714404Z
WDAYx,WDAY,Workday xStock,XsDa7zkFPXdu1wz29JLEV2XtWvrLdb16s4yH1LcKQ5r,stock,XNAS,TwentyFourFive,overnight,0,7,,188.4,,False,,,,,,,,no,FAIL,buy100_sin_ruta_market_maker,2026-10-06T06:52:19.168227Z
WDCx,WDC,Western Digital xStock,XsmopJuh6C6uNFJa3KaVoYqEtrf3Y7M5LYwRLKLER3h,stock,XNAS,TwentyFourFive,overnight,0,11,,441.99,,False,,,,,,,,no,FAIL,buy100_sin_ruta_market_maker,2026-10-06T07:00:37.257680Z
WECx,WEC,WEC Energy xStock,Xsxq7WqXpiNFrdWSd6CA27LXmCsCrGyC9C3uaebmaqU,stock,XNYS,TwentyFourFive,overnight,0,8,,101.3,,False,,,,,,,,no,FAIL,buy100_sin_ruta_market_maker,2026-10-06T06:54:54.271006Z
WEIRx,WEIRL,Weir xStock,XsGWxUfzgE1Qq7eXjpeQwHC2TsgKzTXo5tXcsg9KRRd,stock,XLON,MarketHours,closed,0,3,,2576,,,,,,,,,,no,FAIL,subyacente_no_usd|bolsa_no_permitida_XLON,
WELLx,WELL,Welltower xStock,XsuKHFvcZLWvhk8XcprK4tiAZRefQ4nfTyNs6b9BArz,stock,XNYS,TwentyFourFive,overnight,0,7,,224.16,,False,,,,,,,,no,FAIL,buy100_sin_ruta_market_maker,2026-10-06T06:59:58.321398Z
WENx,WEN,Wendy's xStock,Xs4uNhvBDAcp2mz3g9XR5q3vzLgmF1ANWxJgWk2d5u3,stock,XNAS,TwentyFourFive,overnight,0,13,6.79034001725441,6.1162,1102.2,False,,,,,,,,no,FAIL,desvio_precio_jupiter_vs_referencia|buy100_sin_ruta_market_maker,2026-10-06T07:02:41.036393Z
WEXx,WEX,WEX xStock,XsaPZwhrfPmZSv1QaTav8UXWGxpQeYVNBRg1hKE5qNx,stock,XNYS,TwentyFourFive,overnight,0,2,,172.48,,False,,,,,,,,no,FAIL,buy100_sin_ruta_market_maker,2026-10-06T06:36:17.944960Z
WFCx,WFC,Wells Fargo xStock,XspHXejQ3A4VeimAqR1mAkvgTWgpmmoNR5CUhwCqzqr,stock,XNYS,TwentyFourFive,overnight,0,8,,81.72,,False,,,,,,,,no,FAIL,buy100_sin_ruta_market_maker,2026-10-06T06:44:25.698667Z
WGSx,WGS,GeneDx xStock,XsmPveq9vFqqCBfhBfDyfACu1W7bLVABkqaL3u8uFyy,stock,XNAS,TwentyFourFive,overnight,0,5,,76.9614,,False,,,,,,,,no,FAIL,buy100_sin_ruta_market_maker,2026-10-06T06:34:53.006423Z
WHGROx,288,WH xStock,XsQDsbd6nqERiTZY2TkBheUG53QsewgCa2eaCSS4PYe,stock,XHKG,Regular,market,0,2,,,,,,,,,,,,no,FAIL,subyacente_no_usd|bolsa_no_permitida_XHKG|sin_precio_de_referencia,
WHRFRx,1997,Wharf Real Estate Investment xStock,XsXQY2nH5bKDLEHwigMzqnmicscdXei1MhduRZeF4F3,stock,XHKG,Regular,market,0,2,,,,,,,,,,,,no,FAIL,subyacente_no_usd|bolsa_no_permitida_XHKG|sin_precio_de_referencia,
WHx,WH,Wyndham Hotels & Resorts xStock,Xs86jCMxhL5uDE4mVyp8dvj8ABJn6Bz1gMzp32swHow,stock,XNYS,TwentyFourFive,overnight,0,2,,71.22,,False,,,,,,,,no,FAIL,buy100_sin_ruta_market_maker,2026-10-06T06:35:10.398610Z
WLKx,WLK,Westlake xStock,XsCxYs2GRRooPAQW45bwpz1eKoeC98WGjM1cbVA7LZv,stock,XNYS,TwentyFourFive,overnight,0,2,,64.61,,False,,,,,,,,no,FAIL,buy100_sin_ruta_market_maker,2026-10-06T06:38:20.842004Z
WMBx,WMB,Williams Companies xStock,Xso4umc25VxszLT64SYNT7TMeZudAC75xwNo7qFjJFu,stock,XNYS,TwentyFourFive,overnight,0,7,,70.97,,False,,,,,,,,no,FAIL,buy100_sin_ruta_market_maker,2026-10-06T06:59:21.261419Z
WMSx,WMS,Advanced Drainage Systems xStock,Xs6debZjNw2y4JX8ryFWUhZgXCSjfbWdWe9r72jNjU1,stock,XNYS,TwentyFourFive,overnight,0,3,,129.43,,False,,,,,,,,no,FAIL,buy100_sin_ruta_market_maker,2026-10-06T06:39:48.856798Z
WMx,WM,Waste Management xStock,XscZ13Vr2dH9GV8vxVAgFsXz2YMoDCAz3QanuCcwsr5,stock,XNYS,TwentyFourFive,overnight,0,8,206.22619031303273,207,-37.4,False,,,,,,,,no,FAIL,buy100_sin_ruta_market_maker,2026-10-06T06:59:03.170030Z
WPCx,WPC,W.P. Carey xStock,Xs3jL3WdD8YSqLeiy7Tt7dGEeBZziFMYboyUMSr38AE,stock,XNYS,TwentyFourFive,overnight,0,7,,63.93,,False,,,,,,,,no,FAIL,buy100_sin_ruta_market_maker,2026-10-06T06:41:07.417429Z
WPPx,WPPL,WPP xStock,Xs2ZYqqYG6xgBsRBw8Rhn9rCVggLitQMnW8KFKgxAVB,stock,XLON,MarketHours,closed,0,3,,24.58,,,,,,,,,,no,FAIL,subyacente_no_usd|bolsa_no_permitida_XLON,
WRBx,WRB,W.R. Berkley xStock,XsnARtma2bEi2x1JuKuznZa1QzQkLaedxHW6KeUCz8J,stock,XNYS,TwentyFourFive,overnight,0,8,,69.77,,False,,,,,,,,no,FAIL,buy100_sin_ruta_market_maker,2026-10-06T06:44:47.148597Z
WRFHDx,4,The Wharf Holdings xStock,XsQqWNfMfAVg8hSfGMFzSvEfqwhid5qcZVmm6ny6g3a,stock,XHKG,Regular,market,0,2,,,,,,,,,,,,no,FAIL,subyacente_no_usd|bolsa_no_permitida_XHKG|sin_precio_de_referencia,
WRLDx,WRLD,World Acceptance xStock,XsmjCXMpgsWWchGjczHfWz2aGKdYF7WiwPPurUd6c7W,stock,XNAS,TwentyFourFive,overnight,0,4,,175.28,,False,,,,,,,,no,FAIL,buy100_sin_ruta_market_maker,2026-10-06T06:34:24.971832Z
WSMx,WSM,Williams-Sonoma xStock,XsxjGDiXTcvRjbHgAkngyJgix766hJHKB3XLzNiRSro,stock,XNYS,TwentyFourFive,overnight,0,8,,238.7,,False,,,,,,,,no,FAIL,buy100_sin_ruta_market_maker,2026-10-06T06:53:35.289369Z
WSOx,WSO,Watsco xStock,Xsgefxs1R4c5pYqhijeA3QLT42i38J7QpBtnt4GGk1f,stock,XNYS,TwentyFourFive,overnight,0,7,,292.15,,False,,,,,,,,no,FAIL,buy100_sin_ruta_market_maker,2026-10-06T06:43:55.057701Z
WSTx,WST,West Pharmaceutical Services xStock,XsptQPquxvzKZ7pZTXNhvtXRxFP8vvC6BmS6QL1PALe,stock,XNYS,TwentyFourFive,overnight,0,7,,376.76,,False,,,,,,,,no,FAIL,buy100_sin_ruta_market_maker,2026-10-06T06:52:33.750042Z
WTBx,WTBL,Whitbread xStock,XsPrcE2hM5cZP97YfxxEbtwHSyFGNtA8QmDCoiYsBNL,stock,XLON,MarketHours,closed,0,3,,2426,,,,,,,,,,no,FAIL,subyacente_no_usd|bolsa_no_permitida_XLON,
WTFCx,WTFC,Wintrust Financial xStock,Xs4X3RMBQ8GB8JQybVxsJvbJkvcH6B3tok95WNDMdfy,stock,XNAS,TwentyFourFive,overnight,0,2,,145.2,,False,,,,,,,,no,FAIL,buy100_sin_ruta_market_maker,2026-10-06T06:39:02.376088Z
WTRGx,WTRG,Essential Utilities xStock,XsR9n59W439iWymAe3x5qnjdnaRXQmbvPE2uC9efzjE,stock,XNYS,TwentyFourFive,overnight,0,3,,38.67,,False,,,,,,,,no,FAIL,buy100_sin_ruta_market_maker,2026-10-06T06:40:56.295743Z
WTSx,WTS,Watts Water Technologies xStock,XsMcyEj7KpLQyVXQ4GpSVERstPHrHzVqDG36myTJzjQ,stock,XNYS,TwentyFourFive,overnight,0,3,,362.75,,False,,,,,,,,no,FAIL,buy100_sin_ruta_market_maker,2026-10-06T06:41:43.827026Z
WULFx,WULF,TeraWulf xStock,XsuwUbQSzCJN2wZabD1Gxf1MER2Ypa7hMzVMYB2WawJ,stock,XNAS,TwentyFourFive,overnight,0,9,,14.81,,False,,,,,,,,no,FAIL,buy100_sin_ruta_market_maker,2026-10-06T07:02:45.158301Z
WUXIBx,2269,WuXi Biologics xStock,Xsza1ZaAjp3SfM5ejn7BPdNCJePtSh7iLK58rqF4i1z,stock,XHKG,Regular,market,0,2,,,,,,,,,,,,no,FAIL,subyacente_no_usd|bolsa_no_permitida_XHKG|sin_precio_de_referencia,
WWDx,WWD,Woodward xStock,Xs1xSyecLzT2u188qGFs1JTBXeE9RmBX1pc11o5X6U2,stock,XNAS,TwentyFourFive,overnight,0,7,,332.96,,False,,,,,,,,no,FAIL,buy100_sin_ruta_market_maker,2026-10-06T06:46:43.888479Z
WXXDCx,2268,WuXi XDC Cayman xStock,XsakKPtdcDAk78qkX3vqdJucecauLw6tcL6BJhG5nA8,stock,XHKG,Regular,market,0,2,,,,,,,,,,,,no,FAIL,subyacente_no_usd|bolsa_no_permitida_XHKG|sin_precio_de_referencia,
WYFIx,WYFI,Whitefiber xStock,XsLkMYrJVUPJv23tH3PB167BV6kpdubPe5F3KfVvSFN,stock,XNAS,TwentyFourFive,overnight,0,5,,17.5121,,False,,,,,,,,no,FAIL,buy100_sin_ruta_market_maker,2026-10-06T06:35:00.637400Z
WYNNx,WYNN,Wynn Resorts xStock,XszWKJZXinLfmWfJv2LT1NtMW63RL9HAoMdXcbqxgqv,stock,XNAS,TwentyFourFive,overnight,0,2,,77.1,,False,,,,,,,,no,FAIL,buy100_sin_ruta_market_maker,2026-10-06T06:39:04.866346Z
WYx,WY,Weyerhaeuser xStock,XsrTDXGz8cxi4s4vQrX63NhrtZZmPEFkgbsJQG7UERR,stock,XNYS,TwentyFourFive,overnight,0,8,,18.49,,False,,,,,,,,no,FAIL,buy100_sin_ruta_market_maker,2026-10-06T06:53:26.679107Z
Wx,W,Wayfair xStock,XsAdZrnayY88RC9cMEEaYnnKyBCALCwz6a4mmPTGUMT,stock,XNYS,TwentyFourFive,overnight,0,3,,106.05,,False,,,,,,,,no,FAIL,buy100_sin_ruta_market_maker,2026-10-06T06:40:09.907894Z
XBIx,XBI,State Street SPDR S&P Biotech ETF xStock,XsNG7S8TMR3Xqa86GHjgtM8gj6Jkt8f62EvtG29B5yc,etf,,TwentyFourFive,overnight,0,3,,156.19,,,,,,,,,,no,FAIL,bolsa_no_informada,
XELx,XEL,Xcel Energy xStock,Xsr6MgLKmoEmN4aL78MQ2q98R8wJnZ3FaCZUMwkNbNU,stock,XNAS,TwentyFourFive,overnight,0,7,,71.49,,False,,,,,,,,no,FAIL,buy100_sin_ruta_market_maker,2026-10-06T06:56:44.824811Z
XEx,XE,X-Energy xStock,XsQ2Jtw4SLMWmSwAuTspoDvGoAiR2iFA2JQNNxh9WPQ,stock,XNAS,TwentyFourFive,overnight,0,2,,14.4525,,False,,,,,,,,no,FAIL,buy100_sin_ruta_market_maker,2026-10-06T06:36:26.462651Z
XIAOx,1810,Xiaomi xStock,XsvP4b65AoC8f2hEuXj3yAKzRCLtW4aCQupZcuK1vAe,stock,XHKG,Regular,market,0,19,,,,,,,,,,,,no,FAIL,subyacente_no_usd|bolsa_no_permitida_XHKG|sin_precio_de_referencia,
XPOx,XPO,XPO xStock,XsJF1CN5uFwF5eD7b8htZDeYzY9o4kdepkvBdsa32ZT,stock,XNYS,TwentyFourFive,overnight,0,7,,182.86,,False,,,,,,,,no,FAIL,buy100_sin_ruta_market_maker,2026-10-06T06:53:54.767511Z
XPx,XP,XP xStock,Xshu7bnG9vHqcb1Mx4YCNZipqVJrBfPL9Ka6o7UGCZo,stock,XNAS,TwentyFourFive,overnight,0,2,,28.34,,False,,,,,,,,no,FAIL,buy100_sin_ruta_market_maker,2026-10-06T06:37:37.908257Z
XRXx,XRX,Xerox xStock,XsensupeZBdHxZtdnLptf1UfWpVyancWcit7qWFYZrJ,stock,XNAS,TwentyFourFive,overnight,0,6,3.1497711807844624,3.08,226.5,False,,,,,,,,no,FAIL,buy100_sin_ruta_market_maker,2026-10-06T06:34:50.804603Z
XYLx,XYL,Xylem xStock,XsqFzD9CqfpnmTiFH631bcvQcDReVTMFZMSjk5aXQZL,stock,XNYS,TwentyFourFive,overnight,0,7,,102.42,,False,,,,,,,,no,FAIL,buy100_sin_ruta_market_maker,2026-10-06T06:41:53.128838Z
XYZx,XYZ,Block xStock,XsDP3d7dBNMVVZT6W5abD9jxZPGbrenPaj322sWn9Ct,stock,XNYS,TwentyFourFive,overnight,0,8,,76.4,,False,,,,,,,,no,FAIL,buy100_sin_ruta_market_maker,2026-10-06T06:41:01.394166Z
YLDEx,YLDE,Franklin ClearBridge Enhanced Income xStock,Xs4uZnG2mzZQKgnmuYboj1PRBtascAvWh5NdVMfz2aW,etf,XNAS,Regular,overnight,0,5,,54.84,,False,,,,,,,,no,FAIL,buy100_sin_ruta_market_maker,2026-10-06T07:01:35.303405Z
YUMx,YUM,Yum Brands xStock,XsNor8pbicnexAYvgvq3p8EXwyRj9UzjYu92ZnrJLqC,stock,XNYS,TwentyFourFive,overnight,0,8,,136.97,,False,,,,,,,,no,FAIL,buy100_sin_ruta_market_maker,2026-10-06T06:56:57.891071Z
ZBHx,ZBH,Zimmer Biomet xStock,XsE48wmot6dKRcCGVQUXFSrpnRZ4U4yC762ZktjkoGW,stock,XNYS,TwentyFourFive,overnight,0,7,,91.57,,False,,,,,,,,no,FAIL,buy100_sin_ruta_market_maker,2026-10-06T06:52:59.992795Z
ZBRAx,ZBRA,Zebra Technologies xStock,Xsxe5ypvCfynj9q9bJgB2Y88sZNCnxtEb9icgdbsPFT,stock,XNAS,TwentyFourFive,overnight,0,7,,375.7,,False,,,,,,,,no,FAIL,buy100_sin_ruta_market_maker,2026-10-06T06:40:38.730435Z
ZHAOMx,1818,Zhaojin Mining Industry xStock,XsPRsZhqX1Ef1n7bwLtyA6hZPP96Gp99H11MHHA9UQ5,stock,XHKG,Regular,market,0,2,,,,,,,,,,,,no,FAIL,subyacente_no_usd|bolsa_no_permitida_XHKG|sin_precio_de_referencia,
ZJGLDx,2259,Zijin Gold International xStock,Xs64245JybP9rgXJZJZcxKKRwqJnRpGKzoKtVNcyhoS,stock,XHKG,Regular,market,0,2,,,,,,,,,,,,no,FAIL,subyacente_no_usd|bolsa_no_permitida_XHKG|sin_precio_de_referencia,
ZMx,ZM,Zoom Communications xStock,XsgDPEr2Zk1YkWnw1Mm77APoZpeTj8BQZeGSMVtBZGd,stock,XNAS,TwentyFourFive,overnight,0,10,,93.8,,False,,,,,,,,no,FAIL,buy100_sin_ruta_market_maker,2026-10-06T06:46:19.872275Z
ZSx,ZS,Zscaler xStock,Xsb1a2VbaT6rLLq48qcgMQ1iPbs5fW2JZZURBxKfhY6,stock,XNAS,TwentyFourFive,overnight,0,7,,202.8868,,False,,,,,,,,no,FAIL,buy100_sin_ruta_market_maker,2026-10-06T06:44:36.155608Z
ZTSx,ZTS,Zoetis xStock,XsRPgsEQ3dFR84DhMv18jtob5D77FivAsTTsv1jCYmv,stock,XNYS,TwentyFourFive,overnight,0,7,,71.41,,False,,,,,,,,no,FAIL,buy100_sin_ruta_market_maker,2026-10-06T06:46:31.684179Z
Zx,Z,Zillow xStock,XsYo1hFTUk7pU4GdYxu67sEEHcw8CvdgkPzF9dRXqyh,stock,XNAS,TwentyFourFive,overnight,0,2,,27.5,,False,,,,,,,,no,FAIL,buy100_sin_ruta_market_maker,2026-10-06T06:37:20.420127Z
