"symbol","name","underlying","underlying_currency","mint_solana","logo","trading_hours_mode","is_trading_halted","jupiter_liquidity_usd"
"AEHRx","Aehr Test Systems xStock","AEHR","USD","Xs8kHDEs5w8ERuTmefBXsJy66G5mh836VgDFfgpuRej","https://xstocks-metadata.backed.fi/logos/tokens/AEHRx.png","TwentyFourFive",false,0
"QNTx","Quantinuum xStock","QNT","USD","XsGRoyBwemr8giBu8mgShoRGXHYbip7yWHDsaAueMvA","https://xstocks-metadata.backed.fi/logos/tokens/QNTx.png","TwentyFourFive",false,0
"SONYx","Sony xStock","SONY","USD","XsEKTjrrYD3Yni2CEPZUn1H4wKsSXpZc8hBQLFy54TR","https://xstocks-metadata.backed.fi/logos/tokens/SONYx.png","TwentyFourFive",false,0
"QYLDx","Global X NASDAQ 100 Covered Call ETF xStock","QYLD","USD","XsyGzGhqwnbfqeN6TQWK4SHnVJYgbxRdp4aH5L6RwEZ","https://xstocks-metadata.backed.fi/logos/tokens/QYLDx.png","TwentyFourFive",false,0
"BIDUx","Baidu xStock","BIDU","USD","XsnStpqwfPD5mC1KRVrJ3w6kxEYVkUQivDHBSEr4uxf","https://xstocks-metadata.backed.fi/logos/tokens/BIDUx.png","TwentyFourFive",false,0
"BABAx","Alibaba xStock","BABA","USD","XsJBX1kSf58ymLVKFSm2MkbLtsPiVRMWTvkvF7TSiVT","https://xstocks-metadata.backed.fi/logos/tokens/BABAx.png","TwentyFourFive",false,0
"EWZx","iShares MSCI Brazil ETF xStock","EWZ","USD","XsvsSHRUz5dAmUGH9jvVnkEZRcLkgo7uJf1VWhSuVLk","https://xstocks-metadata.backed.fi/logos/tokens/EWZx.png","TwentyFourFive",false,0
"NTESx","NetEase xStock","NTES","USD","Xss5mnWWwgwVc6d7dibSqcb43fbmjXAnuRaJ6ZF2iXQ","https://xstocks-metadata.backed.fi/logos/tokens/NTESx.png","TwentyFourFive",false,0
"BBx","BlackBerry xStock","BB","USD","XsBPCyiRanUFCw5zd3m9EUGWMZZRhtpavZ5SWPdTWM6","https://xstocks-metadata.backed.fi/logos/tokens/BBx.png","TwentyFourFive",false,0
"UVXYx","ProShares Ultra VIX Short-Term Futures ETF xStock","UVXY","USD","Xsb9Hu9KkxJxMNoaogz7UYsNS3VHvLCqwT9S1mRyVGE","https://xstocks-metadata.backed.fi/logos/tokens/UVXYx.png","TwentyFourFive",false,0
"OSCRx","Oscar Health xStock","OSCR","USD","Xsj1NnCroe64taUVsrxwWSzd1VgPnLtTD1K7W8MLXmd","https://xstocks-metadata.backed.fi/logos/tokens/OSCRx.png","TwentyFourFive",false,0
"TSLLx","Direxion Daily TSLA Bull 2X Shares xStock","TSLL","USD","XsWfu1svxj6DPqQZFAinCvtDa1EvgAZGx5qocUkrrA6","https://xstocks-metadata.backed.fi/logos/tokens/TSLLx.png","TwentyFourFive",false,0
"TSEMx","Tower Semiconductor xStock","TSEM","USD","XsCMQxyd94mNDqb9uXoxLh6hNFFcBygdBYerEKp2LZy","https://xstocks-metadata.backed.fi/logos/tokens/TSEMx.png","TwentyFourFive",false,0
"PURRx","Hyperliquid Strategies xStock","PURR","USD","XscLQvx6mzoarzvLF6CntvUPFa6ukUkFCvqzLxiihmw","https://xstocks-metadata.backed.fi/logos/tokens/PURRx.png","TwentyFourFive",false,0
"LYTEx","Roundhill Photonics & Optics ETF xStock","LYTE","USD","Xs5xCbQ7r3tJrR1huRmNrAKLyDZQM4MadU1rkmrh8hX","https://xstocks-metadata.backed.fi/logos/tokens/LYTEx.png","TwentyFourFive",false,0
"SIMOx","Silicon Motion Technology xStock","SIMO","USD","XsC6bBzDDABjHhKmUAxx7THK4jF5zbJgPA3kVox5okM","https://xstocks-metadata.backed.fi/logos/tokens/SIMOx.png","TwentyFourFive",false,0
"EWJx","iShares MSCI Japan ETF xStock","EWJ","USD","XsaXKP7GaPDA3bLwtuFoZ2oGsaukfeS1v2U1xUeqwrp","https://xstocks-metadata.backed.fi/logos/tokens/EWJx.png","TwentyFourFive",false,0
"TMFx","Direxion Daily 20 Year Treasury Bull 3X ETF xStock","TMF","USD","XsNZ125wJDfhqhdSuGMeVCWgP26pYsY5ZRtiAfKtU2d","https://xstocks-metadata.backed.fi/logos/tokens/TMFx.png","TwentyFourFive",false,0
"SHOPx","Shopify xStock","SHOP","USD","XsRN7n3AZDs577pgQSGbrbgznY5T9xERcjr4dK6vHnX","https://xstocks-metadata.backed.fi/logos/tokens/SHOPx.png","TwentyFourFive",false,0
"JDx","JD.com xStock","JD","USD","XstnmTaJXkobEbbs7AgmGLBsBeWyHTSJAFcJ6BF6ycs","https://xstocks-metadata.backed.fi/logos/tokens/JDx.png","TwentyFourFive",false,0
"LUNRx","Intuitive Machines xStock","LUNR","USD","XsBHq5npA7gUemYgFkzHvpWznPvybEUmyuz3o3Dim11","https://xstocks-metadata.backed.fi/logos/tokens/LUNRx.png","TwentyFourFive",false,0
"POETx","POET Technologies xStock","POET","USD","XszWcNSHsYTXqxDbgK5GzNPxNfxSAKJBCkr2YtsjuPT","https://xstocks-metadata.backed.fi/logos/tokens/POETx.png","TwentyFourFive",false,0
"FLYx","Firefly Aerospace xStock","FLY","USD","XsA5xNUbsqxyz22XSFnNeALLv5XsmBgq3SCaK6xFR5R","https://xstocks-metadata.backed.fi/logos/tokens/FLYx.png","TwentyFourFive",false,0
"RDWx","Redwire xStock","RDW","USD","Xs8LesEYZb7SZJrW85hMrrVzyeoyxKrCNVnpEURLzZp","https://xstocks-metadata.backed.fi/logos/tokens/RDWx.png","TwentyFourFive",false,0
"URNMx","Sprott Uranium Miners ETF xStock","URNM","USD","Xst3tzrmqjzvGXZz2eE2h8CWWWxy4wzp6mXvTuG5Tqt","https://xstocks-metadata.backed.fi/logos/tokens/URNMx.png","TwentyFourFive",false,0
"USOx","United States Oil Fund xStock","USO","USD","XsXJBom7kFSxA6hc2ArzUwe6o6zyRU1AdHTfvev1HkG","https://xstocks-metadata.backed.fi/logos/tokens/USOx.png","TwentyFourFive",false,0
"SKDDx","GraniteShares 2x Short SK Hynix Daily ETF xStock","SKDD","USD","XsxtnDUJzTMjqmzajufokv9xrG868kvkp5KNuNNsU4d","https://xstocks-metadata.backed.fi/logos/tokens/SKDDx.png","TwentyFourFive",false,0
"XBIx","State Street SPDR S&P Biotech ETF xStock","XBI","USD","XsNG7S8TMR3Xqa86GHjgtM8gj6Jkt8f62EvtG29B5yc","https://xstocks-metadata.backed.fi/logos/tokens/XBIx.png","TwentyFourFive",false,0
"RAMx","Roundhill T-REX 2X Long DRAM Daily Target ETF xStock","RAM","USD","XsZRN32fxqsvU9VmL254K1yLyYVkL3RXcBRJpTsRYWc","https://xstocks-metadata.backed.fi/logos/tokens/RAMx.png","TwentyFourFive",false,0
"INFQx","Infleqtion xStock","INFQ","USD","XsXw4uaUyz6fHfK6qcet55Cg8b5rnf4D1TCJ96FUJqe","https://xstocks-metadata.backed.fi/logos/tokens/INFQx.png","TwentyFourFive",false,0
"SHLDx","Global X Defense Tech ETF xStock","SHLD","USD","XsAzGv2quxQWSUphAKcmFeFyJqTgDkcetgp3DmAFVj4","https://xstocks-metadata.backed.fi/logos/tokens/SHLDx.png","TwentyFourFive",false,0
"SKUUx","GraniteShares 2x Long SK Hynix Daily ETF xStock","SKUU","USD","XstZ31nh6HKMkkNgEcXqAJuF2CFmexYkM4tGaNtUVWK","https://xstocks-metadata.backed.fi/logos/tokens/SKUUx.png","TwentyFourFive",false,0
"OUSTx","Ouster xStock","OUST","USD","XsUsHYstgit1UE4anT2thfJvTByEHmrgx4V1FS8EQu8","https://xstocks-metadata.backed.fi/logos/tokens/OUSTx.png","TwentyFourFive",false,0
"PDDx","PDD xStock","PDD","USD","XsSdwPGhuiTBir2bpJTiJkEhfMEn5bG75XevuePua1q","https://xstocks-metadata.backed.fi/logos/tokens/PDDx.png","TwentyFourFive",false,0
"PENGx","Penguin Solutions xStock","PENG","USD","XsNKpPnrpzt3MRF7dA9EtAxWyrdivwN5xyvHUi2iweV","https://xstocks-metadata.backed.fi/logos/tokens/PENGx.png","TwentyFourFive",false,0
"FWDIx","Forward Industries xStock","FWDI","USD","XsQTDfyyWUBRbLnikwDoSqrcn3YKLG2EDRLHCoQ9e3a","https://xstocks-metadata.backed.fi/logos/tokens/FWDIx.png","TwentyFourFive",false,0
"SQQQx","ProShares UltraPro Short QQQ xStock","SQQQ","USD","XsSPkcE4GbHiBacr8awTTHpwFBuznazcwEKgdvBCkoz","https://xstocks-metadata.backed.fi/logos/tokens/SQQQx.png","TwentyFourFive",false,0
"SPCHx","Leverage Shares 2X Long SPCX Daily ETF xStock","SPCH","USD","Xst9jAZk2vxXtsttJdDh5pKvwfmDUPHAPqt3dxFi64G","https://xstocks-metadata.backed.fi/logos/tokens/SPCHx.png","TwentyFourFive",false,0
"NVDLx","GraniteShares 2x Long NVDA Daily ETF xStock","NVDL","USD","XsrH4d2jVBUbZx5YJ3CyPsiN84ugZQGKCbJAoDn9qEd","https://xstocks-metadata.backed.fi/logos/tokens/NVDLx.png","TwentyFourFive",false,0
"AMCx","AMC Entertainment xStock","AMC","USD","XsEkwEYVKnvqVF3sxsimXVEEB17jdT9pVA6SP3NBEYe","https://xstocks-metadata.backed.fi/logos/tokens/AMCx.png","TwentyFourFive",false,0
"GPROx","GoPro xStock","GPRO","USD","Xs3N3dcHdWXaJ5dv2ysjMA8DS33vixYYzAgVzkG6L3T","https://xstocks-metadata.backed.fi/logos/tokens/GPROx.png","TwentyFourFive",false,0
"CRDOx","Credo Technology xStock","CRDO","USD","XsPZqWN9qCGwwasxuo3zSEnM6vQbBJ9imktKjUeBMyF","https://xstocks-metadata.backed.fi/logos/tokens/CRDOx.png","TwentyFourFive",false,0
"BILIx","Bilibili xStock","BILI","USD","Xsgu2ZZPVjVdjf2HN9F2weJNSyyireZBfu8MYJBBH1S","https://xstocks-metadata.backed.fi/logos/tokens/BILIx.png","TwentyFourFive",false,0
"EWTx","iShares MSCI Taiwan ETF xStock","EWT","USD","XsM8hCeX916xAiVLCeFwxmVpTNYq14rjM8h8Ha2UiTe","https://xstocks-metadata.backed.fi/logos/tokens/EWTx.png","TwentyFourFive",false,0
"XRXx","Xerox xStock","XRX","USD","XsensupeZBdHxZtdnLptf1UfWpVyancWcit7qWFYZrJ","https://xstocks-metadata.backed.fi/logos/tokens/XRXx.png","TwentyFourFive",false,0
"FLNCx","Fluence Energy xStock","FLNC","USD","Xsc5BxL1ucvrQNXZqW3CT8M9gWTko1LPSLLkSVzGe9h","https://xstocks-metadata.backed.fi/logos/tokens/FLNCx.png","TwentyFourFive",false,0
"WGSx","GeneDx xStock","WGS","USD","XsmPveq9vFqqCBfhBfDyfACu1W7bLVABkqaL3u8uFyy","https://xstocks-metadata.backed.fi/logos/tokens/WGSx.png","TwentyFourFive",false,0
"WRLDx","World Acceptance xStock","WRLD","USD","XsmjCXMpgsWWchGjczHfWz2aGKdYF7WiwPPurUd6c7W","https://xstocks-metadata.backed.fi/logos/tokens/WRLDx.png","TwentyFourFive",false,0
"INDIx","Indie Semiconductor xStock","INDI","USD","XsHYm9cRdEJoogpxDSZVDa4g19fKqUFXWxKisLpEuVm","https://xstocks-metadata.backed.fi/logos/tokens/INDIx.png","TwentyFourFive",false,0
"PCTx","PureCycle Technologies xStock","PCT","USD","XsyQipBmDKeSy78zCSMp4BY91Cd46Dx3q4eBoSqbBDX","https://xstocks-metadata.backed.fi/logos/tokens/PCTx.png","TwentyFourFive",false,0
"METCx","Ramaco Resources xStock","METC","USD","Xs2UKGPTD9S19rXkSqwJ6ufxAtuCU9Ww3wQumk9MvCn","https://xstocks-metadata.backed.fi/logos/tokens/METCx.png","TwentyFourFive",false,0
"QUBTx","Quantum Computing xStock","QUBT","USD","XsRJiWgqGJrDaidERfWfdZkaxdA4VPjVEqN6XFctpp3","https://xstocks-metadata.backed.fi/logos/tokens/QUBTx.png","TwentyFourFive",false,0
"WYFIx","Whitefiber xStock","WYFI","USD","XsLkMYrJVUPJv23tH3PB167BV6kpdubPe5F3KfVvSFN","https://xstocks-metadata.backed.fi/logos/tokens/WYFIx.png","TwentyFourFive",false,0
"BETRx","Better Home & Finance xStock","BETR","USD","Xsv3MnH24RsSJwcBvkPUMsDAZqszgmxnbWcUDbfzaYW","https://xstocks-metadata.backed.fi/logos/tokens/BETRx.png","TwentyFourFive",false,0
"AIx","C3.ai xStock","AI","USD","Xs7QhN79WzM4hjfHbu2W46ZRkdyumim3ooJHhPxenoU","https://xstocks-metadata.backed.fi/logos/tokens/AIx.png","TwentyFourFive",false,0
"MIDDx","The Middleby xStock","MIDD","USD","XsKAtVVG5FaoF9kvphYgy19V6GTeHcisC92u6fJPZKW","https://xstocks-metadata.backed.fi/logos/tokens/MIDDx.png","TwentyFourFive",false,0
"ALMx","Almonty Industries xStock","ALM","USD","Xs84nJtD9xbChybJEVrwvFu8wYEPvexXKpDNjmutq3g","https://xstocks-metadata.backed.fi/logos/tokens/ALMx.png","TwentyFourFive",false,0
"RITMx","Rithm Capital xStock","RITM","USD","XsvrkK99NoobWFr3Rgfgs4gsnqhoU2KhBDAjL9rR6M9","https://xstocks-metadata.backed.fi/logos/tokens/RITMx.png","TwentyFourFive",false,0
"RNGx","RingCentral xStock","RNG","USD","XsnnFmUYP7JrJaczdzgd1BNm8Q2BduBGyBBAb8w9Htn","https://xstocks-metadata.backed.fi/logos/tokens/RNGx.png","TwentyFourFive",false,0
"SHCx","Sotera Health xStock","SHC","USD","Xs8gbrZZgq9mu7gkBhziWsUxzK4NxLbjUr4MbG24Khq","https://xstocks-metadata.backed.fi/logos/tokens/SHCx.png","TwentyFourFive",false,0
"WHx","Wyndham Hotels & Resorts xStock","WH","USD","Xs86jCMxhL5uDE4mVyp8dvj8ABJn6Bz1gMzp32swHow","https://xstocks-metadata.backed.fi/logos/tokens/WHx.png","TwentyFourFive",false,0
"REYNx","Reynolds Consumer Products xStock","REYN","USD","XsPFn5fNmLqMtScP6tQjYCo8jUrnWHwLtxjYeQVi8RP","https://xstocks-metadata.backed.fi/logos/tokens/REYNx.png","TwentyFourFive",false,0
"VSNTx","Versant Media xStock","VSNT","USD","XsRVouvzBYxDrduqZehLAtQNpd3bwNm4VRDKNC5jXS2","https://xstocks-metadata.backed.fi/logos/tokens/VSNTx.png","TwentyFourFive",false,0
"CARx","Avis Budget xStock","CAR","USD","Xs1KurTeKA8Y6iYwqiEkc9uKLWyAUYMZWsE7wFJ6z4p","https://xstocks-metadata.backed.fi/logos/tokens/CARx.png","TwentyFourFive",false,0
"OZKx","Bank OZK xStock","OZK","USD","Xs23jx3Sk1zRcoaEk2iDiVXhWPGDx9rbr8DCGnx1Sez","https://xstocks-metadata.backed.fi/logos/tokens/OZKx.png","TwentyFourFive",false,0
"IRDMx","Iridium Communications xStock","IRDM","USD","Xs5jambBqEK8FK2FpxFTLBCQ3uR6q8CBpwCMmQri8TG","https://xstocks-metadata.backed.fi/logos/tokens/IRDMx.png","TwentyFourFive",false,0
"GXOx","GXO Logistics xStock","GXO","USD","XsNV3k54UhqbcDhanj4oxnm9hyx3ksg6tGRNx8bFH3S","https://xstocks-metadata.backed.fi/logos/tokens/GXOx.png","TwentyFourFive",false,0
"FBINx","Fortune Brands Innovations xStock","FBIN","USD","XsVDgWoDPQEsE4VzyVbwy23CxNykkaQcYTdot7MMSeC","https://xstocks-metadata.backed.fi/logos/tokens/FBINx.png","TwentyFourFive",false,0
"AMTMx","Amentum xStock","AMTM","USD","XsnvWraWAJXEDF7cMAjsQfSb5QJ5RovnCPHx9p3P5Pc","https://xstocks-metadata.backed.fi/logos/tokens/AMTMx.png","TwentyFourFive",false,0
"MTNx","Vail Resorts xStock","MTN","USD","XsWUZviERcPDRqs1DTAdeo26HRKZaZXPSBVz7t3euzR","https://xstocks-metadata.backed.fi/logos/tokens/MTNx.png","TwentyFourFive",false,0
"PSNx","Parsons xStock","PSN","USD","Xs4uc8WWvSGeDybBbtCELeAsQTbjArmqDL3GmTQxJ9c","https://xstocks-metadata.backed.fi/logos/tokens/PSNx.png","TwentyFourFive",false,0
"PEGAx","Pegasystems xStock","PEGA","USD","Xs41bptCjfAmp6SRjwbNY83okWsEKgTcVdtNhakoCCm","https://xstocks-metadata.backed.fi/logos/tokens/PEGAx.png","TwentyFourFive",false,0
"SAICx","Science Applications International xStock","SAIC","USD","XsQiH2cq3Vfu2dxVsiNutngZHyrYZrGWBubP1Xgsj8g","https://xstocks-metadata.backed.fi/logos/tokens/SAICx.png","TwentyFourFive",false,0
"EXLSx","ExlService xStock","EXLS","USD","XsdLo91ag9cwQQSmqjXhx6dyRvNsdum5wVpDq7jNm2L","https://xstocks-metadata.backed.fi/logos/tokens/EXLSx.png","TwentyFourFive",false,0
"EPAMx","EPAM Systems xStock","EPAM","USD","Xs4q7KSys674dRgCRCX1ttBKEGTobCKRSiFq95KuxS4","https://xstocks-metadata.backed.fi/logos/tokens/EPAMx.png","TwentyFourFive",false,0
"CRUSx","Cirrus Logic xStock","CRUS","USD","Xs3ZWbe6L4nUo39psVrSaaDBqq9sZF1EgdzWswyEqka","https://xstocks-metadata.backed.fi/logos/tokens/CRUSx.png","TwentyFourFive",false,0
"Mx","Macy's xStock","M","USD","XsVh5cyAi8zXbSBPR6JPeD1vtN9g76ZzSQM8AswHUvG","https://xstocks-metadata.backed.fi/logos/tokens/Mx.png","TwentyFourFive",false,0
"ELFx","e.l.f. Beauty xStock","ELF","USD","XsJcqhpVRGtL7EbFdLKv8q6AgYRqutoHwK126Dk9psS","https://xstocks-metadata.backed.fi/logos/tokens/ELFx.png","TwentyFourFive",false,0
"SNDRx","Schneider National xStock","SNDR","USD","XsTuM2zGDihYmVmFa6NPUwqZ4oD9s2nRw4ntDomkz86","https://xstocks-metadata.backed.fi/logos/tokens/SNDRx.png","TwentyFourFive",false,0
"VNOx","Vornado Realty Trust xStock","VNO","USD","Xs6TckdNSnYR3wD9bksu5rJFaA6VZi2LKtdE9k8WVuk","https://xstocks-metadata.backed.fi/logos/tokens/VNOx.png","TwentyFourFive",false,0
"EXPx","Eagle Materials xStock","EXP","USD","XsGUXmg1urKUGms6jy5eNWQ6ffzx4ipWBd63fDPHBj9","https://xstocks-metadata.backed.fi/logos/tokens/EXPx.png","TwentyFourFive",false,0
"VIRTx","Virtu Financial xStock","VIRT","USD","XsvgYWJ7rPaTq2YLULnFUuTPwvdGiAUwjpsEZ2tXzWD","https://xstocks-metadata.backed.fi/logos/tokens/VIRTx.png","TwentyFourFive",false,0
"MKTXx","MarketAxess xStock","MKTX","USD","Xsw4X1XLVthVk8HUD3eqyVTVj2QAvMwmuTXRwXvWcU2","https://xstocks-metadata.backed.fi/logos/tokens/MKTXx.png","TwentyFourFive",false,0
"HXLx","Hexcel xStock","HXL","USD","XsNUEqrq6PwwhbGN7XsvxkuhfAcjJjYMi2AUNmvoweC","https://xstocks-metadata.backed.fi/logos/tokens/HXLx.png","TwentyFourFive",false,0
"CPBx","The Campbell's xStock","CPB","USD","XsCd1pXsmVgiacWR4oVuEghamgHPisFZmA5RdNs2NLM","https://xstocks-metadata.backed.fi/logos/tokens/CPBx.png","TwentyFourFive",false,0
"VFCx","VF xStock","VFC","USD","XshMhwvtaybMH4LyRjwMCWhkjvj3EVmQ7QtNCEzHHc5","https://xstocks-metadata.backed.fi/logos/tokens/VFCx.png","TwentyFourFive",false,0
"NXSTx","Nexstar Media xStock","NXST","USD","Xs58V9uHW4S41yS3Q4erke4iL5d5jZ39mdcs2ZResJK","https://xstocks-metadata.backed.fi/logos/tokens/NXSTx.png","TwentyFourFive",false,0
"ADTx","ADT xStock","ADT","USD","XsS5AVn1okkChsV6por4o4bNck5zVfdn3Gt2E4DXdAF","https://xstocks-metadata.backed.fi/logos/tokens/ADTx.png","TwentyFourFive",false,0
"BCx","Brunswick xStock","BC","USD","Xsdgad56V6hBBgvwUhcw9wi67bfTozYqhkoPnWQGm25","https://xstocks-metadata.backed.fi/logos/tokens/BCx.png","TwentyFourFive",false,0
"ACIx","Albertsons Companies xStock","ACI","USD","XskLGW9tMrGCeubcptv4iSP7dQRqS7VHPiW6TWhdeBk","https://xstocks-metadata.backed.fi/logos/tokens/ACIx.png","TwentyFourFive",false,0
"KRMNx","Karman xStock","KRMN","USD","XsSXWwzGGZB1LyCFnWrHGfTVn6T7SXPycAXtTaA738o","https://xstocks-metadata.backed.fi/logos/tokens/KRMNx.png","TwentyFourFive",false,0
"GTESx","Gates Industrial xStock","GTES","USD","XsuwPNMDGHqeHwu4Hv9YXC8MsfSQCmt8Dy7GdkyXfac","https://xstocks-metadata.backed.fi/logos/tokens/GTESx.png","TwentyFourFive",false,0
"HRBx","H&R Block xStock","HRB","USD","Xs8zdSA9ne1TZr1hNQEcbxvzaNp41n1aq4FQnusY9pm","https://xstocks-metadata.backed.fi/logos/tokens/HRBx.png","TwentyFourFive",false,0
"AXSx","Axis Capital xStock","AXS","USD","XsjLUCBxgCJkX1Bg1YX95oBAWqAh3ARAecGBQeQhH2m","https://xstocks-metadata.backed.fi/logos/tokens/AXSx.png","TwentyFourFive",false,0
"DLBx","Dolby Laboratories xStock","DLB","USD","XsxCjnJxHdpDYZVQBz9GtgbkMrLFA8S2Pn1eR3hMxxj","https://xstocks-metadata.backed.fi/logos/tokens/DLBx.png","TwentyFourFive",false,0
"RYNx","Rayonier xStock","RYN","USD","XsHhZ79c5RJu5VyFZzSPfNY4fihDzQDDh9PfSLwqFQe","https://xstocks-metadata.backed.fi/logos/tokens/RYNx.png","TwentyFourFive",false,0
"POOLx","Pool xStock","POOL","USD","XsWf5CCxXJVJK8esDTLxEpw8KFfZuF8Ckwc2tek5DRZ","https://xstocks-metadata.backed.fi/logos/tokens/POOLx.png","TwentyFourFive",false,0
"TFXx","Teleflex xStock","TFX","USD","XsEyZwvpA2zc4k1Ny9hpWx8BS5pMuHvxQEx7xejNNS2","https://xstocks-metadata.backed.fi/logos/tokens/TFXx.png","TwentyFourFive",false,0
"LWx","Lamb Weston xStock","LW","USD","XsNyNn21HTJJQ4cPnmUmwYXayZgDXnjAV1JqVX9DYKn","https://xstocks-metadata.backed.fi/logos/tokens/LWx.png","TwentyFourFive",false,0
"AAONx","AAON xStock","AAON","USD","XsvFzSYaLgkoB2iHQiSMhf6e5bVcRThJZvRPiySbhjq","https://xstocks-metadata.backed.fi/logos/tokens/AAONx.png","TwentyFourFive",false,0
"SONx","Sonoco Products xStock","SON","USD","XsDUktmePB9gzbZF2gNa2HDyLnv16HcrJX4SiEc5mDg","https://xstocks-metadata.backed.fi/logos/tokens/SONx.png","TwentyFourFive",false,0
"INGMx","Ingram Micro xStock","INGM","USD","XsCCh59moy5C7vXFTXQ72TUq2i2z4w6UTQq1Gd6dBhr","https://xstocks-metadata.backed.fi/logos/tokens/INGMx.png","TwentyFourFive",false,0
"TTDx","The Trade Desk xStock","TTD","USD","XsMheFQzTi63hVQDGnGeyrspB5Fn3mjJyXygaJCkMo9","https://xstocks-metadata.backed.fi/logos/tokens/TTDx.png","TwentyFourFive",false,0
"HRx","Healthcare Realty Trust xStock","HR","USD","XsdpjC7aNEteevrzUXdvRX2Kaz67siejxWhx7Qwmatx","https://xstocks-metadata.backed.fi/logos/tokens/HRx.png","TwentyFourFive",false,0
"RLIx","RLI xStock","RLI","USD","Xsc8ZmLQT6Snb8iNAUY8jSsQJQjmTigm7NNq1s6djFf","https://xstocks-metadata.backed.fi/logos/tokens/RLIx.png","TwentyFourFive",false,0
"CLFx","Cleveland-Cliffs xStock","CLF","USD","XsXzwQgoZ1iyfyTh8ZhHGbrdSLsCkFNKQ6e8DWPWtyh","https://xstocks-metadata.backed.fi/logos/tokens/CLFx.png","TwentyFourFive",false,0
"STWDx","Starwood Property Trust xStock","STWD","USD","XsWvqdKgQpgcqg79bWxNz2m2tFzSfH65kgXRbvQajA5","https://xstocks-metadata.backed.fi/logos/tokens/STWDx.png","TwentyFourFive",false,0
"MSMx","MSC Industrial Direct xStock","MSM","USD","XsJ9n2GiDKrmVxfthsnCRRHtxKt8pWmzSqb3ZCvdg16","https://xstocks-metadata.backed.fi/logos/tokens/MSMx.png","TwentyFourFive",false,0
"CZRx","Caesars Entertainment xStock","CZR","USD","XsH2Wp6y922aQqAjvM8FFLSzvLqVDHry6dqgvCSFM29","https://xstocks-metadata.backed.fi/logos/tokens/CZRx.png","TwentyFourFive",false,0
"OMFx","OneMain xStock","OMF","USD","XsEMvo3VmdRg6NYg3qvvNMSZrAjcVV8SJSvsVRtLDmm","https://xstocks-metadata.backed.fi/logos/tokens/OMFx.png","TwentyFourFive",false,0
"CROXx","Crocs xStock","CROX","USD","XswuznKVzdZLDHqsPHx9LdgHqjDQa4d1Eb1LRaFTMyf","https://xstocks-metadata.backed.fi/logos/tokens/CROXx.png","TwentyFourFive",false,0
"CHEx","Chemed xStock","CHE","USD","Xso4JpBFSzQe6cpGR4yCqgi9x1dkC8BNyJ2gyMe2B5C","https://xstocks-metadata.backed.fi/logos/tokens/CHEx.png","TwentyFourFive",false,0
"Gx","Genpact xStock","G","USD","XsMuVrYrQsLvbvrSHPAc9xHFYdFbHpt9jDgQDsSxEgY","https://xstocks-metadata.backed.fi/logos/tokens/Gx.png","TwentyFourFive",false,0
"ALGMx","Allegro Microsystems xStock","ALGM","USD","XsMsmWgZ5TXmLDRyEg4y5ozYoDPSM6HNHD8H4HPbXFL","https://xstocks-metadata.backed.fi/logos/tokens/ALGMx.png","TwentyFourFive",false,0
"MTGx","MGIC Investment xStock","MTG","USD","Xs9SHF5KdxgWUpVtVW7gMeNHcSVyZi43PPjY2dYwwZf","https://xstocks-metadata.backed.fi/logos/tokens/MTGx.png","TwentyFourFive",false,0
"BEPCx","Brookfield Renewable xStock","BEPC","USD","XsAgT37m4kpTnh73GfssVeceqAR667oCe5Sr5yGgwZt","https://xstocks-metadata.backed.fi/logos/tokens/BEPCx.png","TwentyFourFive",false,0
"MTDRx","Matador Resources xStock","MTDR","USD","XsYwhnE7zpS9AWtvv3tCpYqE6bum5JPwUfcfaRhQ7Q5","https://xstocks-metadata.backed.fi/logos/tokens/MTDRx.png","TwentyFourFive",false,0
"INGRx","Ingredion xStock","INGR","USD","XsXxsQLJmCeYf4DPiJV9f9Z7d9p6cbuCVmQq2bVxbhR","https://xstocks-metadata.backed.fi/logos/tokens/INGRx.png","TwentyFourFive",false,0
"LYFTx","Lyft xStock","LYFT","USD","Xs4EhDN7X1ZjuUqUwfQALufYZbnaGoZT5ibv8L8fsHp","https://xstocks-metadata.backed.fi/logos/tokens/LYFTx.png","TwentyFourFive",false,0
"BYDx","Boyd Gaming xStock","BYD","USD","XsiAD92p2UdtNxmZi5piyhsLarB8exRdKtCtWxv5XQd","https://xstocks-metadata.backed.fi/logos/tokens/BYDx.png","TwentyFourFive",false,0
"STAGx","Stag Industrial xStock","STAG","USD","Xs96AnSiL4zTcT6VSU95NNvr1SuaD8kaKCeUkxZ2GaX","https://xstocks-metadata.backed.fi/logos/tokens/STAGx.png","TwentyFourFive",false,0
"FNBx","F N B xStock","FNB","USD","XsdEDb1wYXVvMMVLWNmZZbKkW7GNBHWJW4mTE26C6Gv","https://xstocks-metadata.backed.fi/logos/tokens/FNBx.png","TwentyFourFive",false,0
"MBGLx","Mobility Global xStock","MBGL","USD","Xs4f5WDx1EECdjJMXja4BJXUcZyHGdtLLWj9KSJxDYe","https://xstocks-metadata.backed.fi/logos/tokens/MBGLx.png","TwentyFourFive",false,0
"CACCx","Credit Acceptance xStock","CACC","USD","XsyJm49SDdnZnFvnduxo7kAx3CGxqdfryYqPqDGcYm2","https://xstocks-metadata.backed.fi/logos/tokens/CACCx.png","TwentyFourFive",false,0
"ECGx","Everus Construction xStock","ECG","USD","XskTVxSdQAqbLssgRfnpueuqW7kUwjZKeZiBkm55xoy","https://xstocks-metadata.backed.fi/logos/tokens/ECGx.png","TwentyFourFive",false,0
"LKQx","LKQ xStock","LKQ","USD","XsAW6v5zx2FfsK5TvTUHrF3F2H4D5YvBtsqJ6Cvnhq4","https://xstocks-metadata.backed.fi/logos/tokens/LKQx.png","TwentyFourFive",false,0
"BROSx","Dutch Bros xStock","BROS","USD","XsBugUzyEvG9tNCV82U3nA6R13LbfV9LzEsXe7ckhCz","https://xstocks-metadata.backed.fi/logos/tokens/BROSx.png","TwentyFourFive",false,0
"FNDx","Floor & Decor xStock","FND","USD","Xsjp2ZcEBoo6fGyTrt8BB95d4nhBybNzb7vK9Ha7StA","https://xstocks-metadata.backed.fi/logos/tokens/FNDx.png","TwentyFourFive",false,0
"LSTRx","Landstar System xStock","LSTR","USD","XsBtrn7noWgtXQcXoKv7oz3iZrNoQzhx9ErHwiGB3vq","https://xstocks-metadata.backed.fi/logos/tokens/LSTRx.png","TwentyFourFive",false,0
"WEXx","WEX xStock","WEX","USD","XsaPZwhrfPmZSv1QaTav8UXWGxpQeYVNBRg1hKE5qNx","https://xstocks-metadata.backed.fi/logos/tokens/WEXx.png","TwentyFourFive",false,0
"LEAx","Lear xStock","LEA","USD","XstrRAJ6RwAJfqqq2MsVwGYjYy9ipJ42TJ8FeoSejf5","https://xstocks-metadata.backed.fi/logos/tokens/LEAx.png","TwentyFourFive",false,0
"POWLx","Powell Industries xStock","POWL","USD","XsqmkcmiAXxUmRf6bckJJtnVSynPYgjWFzUo8agEoq8","https://xstocks-metadata.backed.fi/logos/tokens/POWLx.png","TwentyFourFive",false,0
"GTLBx","GitLab xStock","GTLB","USD","XsCkPFPzDHLXF7Mxksy1eDcVdYyMVPmwWNR7V7TE4Z6","https://xstocks-metadata.backed.fi/logos/tokens/GTLBx.png","TwentyFourFive",false,0
"MSAx","MSA Safety xStock","MSA","USD","Xs1U17KN2ddEgLKgd1YaSK3xFeu4uaHZc8Q5SnpsJZe","https://xstocks-metadata.backed.fi/logos/tokens/MSAx.png","TwentyFourFive",false,0
"GAPx","Gap xStock","GAP","USD","XsTqdbD9ghH3oAqqGQEkRXhNt2F9CGbnWE1ohiQf79Q","https://xstocks-metadata.backed.fi/logos/tokens/GAPx.png","TwentyFourFive",false,0
"AVTx","Avnet xStock","AVT","USD","XsYoafiHJnG7Rmj6fmW5R2XXF7axj7YxUtTN7cQiJaD","https://xstocks-metadata.backed.fi/logos/tokens/AVTx.png","TwentyFourFive",false,0
"CWENx","Clearway Energy xStock","CWEN","USD","XsrghaUHRttcx5gCB3amjyd4K1HJgYR9mE4VXskeB3n","https://xstocks-metadata.backed.fi/logos/tokens/CWENx.png","TwentyFourFive",false,0
"AUGOx","Aura Minerals xStock","AUGO","USD","XsH3seQgiPtDejogLVe85Uzy5FbztLyj21CURASU3Hu","https://xstocks-metadata.backed.fi/logos/tokens/AUGOx.png","TwentyFourFive",false,0
"CHDNx","Churchill Downs xStock","CHDN","USD","XsaSdNN42h4zVSuhYiWzYDFWfHHQhFcymAZRxjPXZqh","https://xstocks-metadata.backed.fi/logos/tokens/CHDNx.png","TwentyFourFive",false,0
"JANx","Janus Living xStock","JAN","USD","XsdYADxCGzWungLTsTEHKYrmgEp8ZCTjy9SgDsAcng3","https://xstocks-metadata.backed.fi/logos/tokens/JANx.png","TwentyFourFive",false,0
"NOVx","NOV xStock","NOV","USD","Xsi7n9Y7K7HEJJch8dQEX9Z7qrL6FPjkv39auW5gVE4","https://xstocks-metadata.backed.fi/logos/tokens/NOVx.png","TwentyFourFive",false,0
"KEXx","Kirby xStock","KEX","USD","XsjwqTzG3x3WNBtc4awyMjCoYdixo2H3aYf8SiGT42w","https://xstocks-metadata.backed.fi/logos/tokens/KEXx.png","TwentyFourFive",false,0
"Sx","SentinelOne xStock","S","USD","XswCAWbHUvFTCMDU8ToocjTqnGSD9BBK4PmSCXPFeqJ","https://xstocks-metadata.backed.fi/logos/tokens/Sx.png","TwentyFourFive",false,0
"XEx","X-Energy xStock","XE","USD","XsQ2Jtw4SLMWmSwAuTspoDvGoAiR2iFA2JQNNxh9WPQ","https://xstocks-metadata.backed.fi/logos/tokens/XEx.png","TwentyFourFive",false,0
"ETSYx","Etsy xStock","ETSY","USD","XsXarMSoXHF1zMcWM6e37h1S1JezEHizbn7XwNcM7Zh","https://xstocks-metadata.backed.fi/logos/tokens/ETSYx.png","TwentyFourFive",false,0
"DBXx","Dropbox xStock","DBX","USD","XsvL76J7hHiDTihktuhLNdLXNVhZkba7VvRNfCUMfT7","https://xstocks-metadata.backed.fi/logos/tokens/DBXx.png","TwentyFourFive",false,0
"FAFx","First American Financial xStock","FAF","USD","XsB3S1PMhuhucSmzQgovuaUapTLF4Jo2L9tfqaNv5dM","https://xstocks-metadata.backed.fi/logos/tokens/FAFx.png","TwentyFourFive",false,0
"CAIx","Caris Life Sciences xStock","CAI","USD","Xs6bQ33TshWbmqGNp1BUei6SqzZrNWmPwLh4jbfXLm4","https://xstocks-metadata.backed.fi/logos/tokens/CAIx.png","TwentyFourFive",false,0
"BLDRx","Builders FirstSource xStock","BLDR","USD","Xs15osmjEQrq49CkPigXhrRQ6kHkX2cjAPGvpkQFyY8","https://xstocks-metadata.backed.fi/logos/tokens/BLDRx.png","TwentyFourFive",false,0
"PPCx","Pilgrims Pride xStock","PPC","USD","Xsrrbg1gmgKL8BvmmjidrMoT5q76YYh1XZRs7jJfxW3","https://xstocks-metadata.backed.fi/logos/tokens/PPCx.png","TwentyFourFive",false,0
"AGCOx","AGCO xStock","AGCO","USD","Xsm1hzi4P7XehWBnG9CLKG7eWC1ssJjobd3hnYXuREK","https://xstocks-metadata.backed.fi/logos/tokens/AGCOx.png","TwentyFourFive",false,0
"SFMx","Sprouts Farmers Market xStock","SFM","USD","Xs4UYArNzo632wX8KUChpmS2PLU9fHskMyEpR8KC4Wp","https://xstocks-metadata.backed.fi/logos/tokens/SFMx.png","TwentyFourFive",false,0
"AWIx","Armstrong World Industries xStock","AWI","USD","XsQH2fpYKipspmDukBtjbgP5yTvc9SYrv6JSVdpAEcA","https://xstocks-metadata.backed.fi/logos/tokens/AWIx.png","TwentyFourFive",false,0
"SSDx","Simpson Manufacturing xStock","SSD","USD","Xsk6RCQbYdzpTwyWLuNGS5yd3Fs5eGHqfeyCLzyoYmm","https://xstocks-metadata.backed.fi/logos/tokens/SSDx.png","TwentyFourFive",false,0
"PRIx","Primerica xStock","PRI","USD","XsMPKeJmiMCAxhuvDsYjhPrB1wXPwrBEH9zsWyr8k9C","https://xstocks-metadata.backed.fi/logos/tokens/PRIx.png","TwentyFourFive",false,0
"ACMx","Aecom xStock","ACM","USD","XssarKB8ahSVAexNm3dNnyY6NuJvEwTvajSiwuuGvXJ","https://xstocks-metadata.backed.fi/logos/tokens/ACMx.png","TwentyFourFive",false,0
"ESIx","Element Solutions xStock","ESI","USD","XsC1G5XmzrxsAPwY1ScoJfggRmVJL6buaCsJtCHijDK","https://xstocks-metadata.backed.fi/logos/tokens/ESIx.png","TwentyFourFive",false,0
"MORNx","Morningstar xStock","MORN","USD","XsaA8DuUXy5XHGRCHjE5Z1YnmagxYv83MhGKCrEpbBE","https://xstocks-metadata.backed.fi/logos/tokens/MORNx.png","TwentyFourFive",false,0
"THGx","The Hanover Insurance xStock","THG","USD","XsdYFuC7QG4Daz8DAGzaQ9SXn1jt17Cwzm2vy7dKxty","https://xstocks-metadata.backed.fi/logos/tokens/THGx.png","TwentyFourFive",false,0
"IDAx","Idacorp xStock","IDA","USD","XsqgB2jeVP27dZYxN5VbCq7hLJAQ6wznb6gccpvApUt","https://xstocks-metadata.backed.fi/logos/tokens/IDAx.png","TwentyFourFive",false,0
"SFDx","Smithfield Foods xStock","SFD","USD","XsRduxXoGwvv3TLbfTNW4scDMum99BxFQTRcuASdnn6","https://xstocks-metadata.backed.fi/logos/tokens/SFDx.png","TwentyFourFive",false,0
"SAROx","StandardAero xStock","SARO","USD","XsScSiWdZBvumincHmN2Prz9TFHgwojNh8g7BTWV2AR","https://xstocks-metadata.backed.fi/logos/tokens/SAROx.png","TwentyFourFive",false,0
"EMNx","Eastman Chemical xStock","EMN","USD","XsZv8AqbYCeK1Di8aetMUjhZgNUu4JxSRqeqn3M3UMQ","https://xstocks-metadata.backed.fi/logos/tokens/EMNx.png","TwentyFourFive",false,0
"AOSx","A.O. Smith xStock","AOS","USD","XscjvXEYWWaC82tYyJBuC7n6V1smXM783KgkocujVeG","https://xstocks-metadata.backed.fi/logos/tokens/AOSx.png","TwentyFourFive",false,0
"Zx","Zillow xStock","Z","USD","XsYo1hFTUk7pU4GdYxu67sEEHcw8CvdgkPzF9dRXqyh","https://xstocks-metadata.backed.fi/logos/tokens/Zx.png","TwentyFourFive",false,0
"APPFx","AppFolio xStock","APPF","USD","XsjK8kemu9BnVjdG2VPZohznVA7e28AgFpXccnTBskb","https://xstocks-metadata.backed.fi/logos/tokens/APPFx.png","TwentyFourFive",false,0
"PATHx","UiPath xStock","PATH","USD","Xs2Gj37vGmjQKW82m7GiuHmZwcY21xyFNCdCqC9n8pQ","https://xstocks-metadata.backed.fi/logos/tokens/PATHx.png","TwentyFourFive",false,0
"REXRx","Rexford Industrial Realty xStock","REXR","USD","XsyhJmtPtUEuWNz24bDGArYHfXUimBCwZmpoqWFJSm6","https://xstocks-metadata.backed.fi/logos/tokens/REXRx.png","TwentyFourFive",false,0
"CBSHx","Commerce Bancshares xStock","CBSH","USD","XsR9hVB5M5oF5L5sMH5HvpLKyatAhKAkz5yqmf1qcdE","https://xstocks-metadata.backed.fi/logos/tokens/CBSHx.png","TwentyFourFive",false,0
"LNCx","Lincoln National xStock","LNC","USD","XsahEE3wXMm3X9QSKc2Xfkem7ZuARkc8hp3dZkuSEkS","https://xstocks-metadata.backed.fi/logos/tokens/LNCx.png","TwentyFourFive",false,0
"MOSx","The Mosaic xStock","MOS","USD","XsPti6oM1EuvpHdSxab8hTbiAtdye8ic7Zxobua3cdo","https://xstocks-metadata.backed.fi/logos/tokens/MOSx.png","TwentyFourFive",false,0
"PRMBx","Primo Brands xStock","PRMB","USD","XsTfps8qNmh6xuSxDNaN34JXokGdh5uLdqF9AQk8H4s","https://xstocks-metadata.backed.fi/logos/tokens/PRMBx.png","TwentyFourFive",false,0
"TKRx","The Timken xStock","TKR","USD","Xsxaxh59eNA2Rx87bKr7RCXEdbNVt6XrUK7ytPJ1g92","https://xstocks-metadata.backed.fi/logos/tokens/TKRx.png","TwentyFourFive",false,0
"PCTYx","Paylocity xStock","PCTY","USD","Xs42zmFFZccbQpdQLe65WHRUesydnzsThjS5QSW4VHL","https://xstocks-metadata.backed.fi/logos/tokens/PCTYx.png","TwentyFourFive",false,0
"KNSLx","Kinsale Capital xStock","KNSL","USD","XsqaGwXHt2D7x845CqUdTmXkMGL5VwC7FkQDGanjFi7","https://xstocks-metadata.backed.fi/logos/tokens/KNSLx.png","TwentyFourFive",false,0
"TAPx","Molson Coors Beverage xStock","TAP","USD","XsjnZsnta154poqgmRNecPg8MDtkoviqF5v3cU486Ny","https://xstocks-metadata.backed.fi/logos/tokens/TAPx.png","TwentyFourFive",false,0
"KMXx","CarMax xStock","KMX","USD","XsJYYovKpBRE59f75VroGQRbqywMv58A9qaxg5Bi8q6","https://xstocks-metadata.backed.fi/logos/tokens/KMXx.png","TwentyFourFive",false,0
"FRx","First Industrial Realty Trust xStock","FR","USD","XsFBTajwjnbUML9uZYCkWZtzyRnWJRqud2N5pv2HrKX","https://xstocks-metadata.backed.fi/logos/tokens/FRx.png","TwentyFourFive",false,0
"XPx","XP xStock","XP","USD","Xshu7bnG9vHqcb1Mx4YCNZipqVJrBfPL9Ka6o7UGCZo","https://xstocks-metadata.backed.fi/logos/tokens/XPx.png","TwentyFourFive",false,0
"NFGx","National Fuel Gas xStock","NFG","USD","XsEcrQmyJcwrP4LdMcThckeft9WRR6arQL3hm81dUqK","https://xstocks-metadata.backed.fi/logos/tokens/NFGx.png","TwentyFourFive",false,0
"BOKFx","BOK Financial xStock","BOKF","USD","Xs5vVE5Btppjq4SxzivSiywf4EjBoL6aRJMAarjaJ2N","https://xstocks-metadata.backed.fi/logos/tokens/BOKFx.png","TwentyFourFive",false,0
"LADx","Lithia Motors xStock","LAD","USD","XsqGToMk34zBnhPFKgqJBsEWu4oxLxcre98eB141CvM","https://xstocks-metadata.backed.fi/logos/tokens/LADx.png","TwentyFourFive",false,0
"WALx","Western Alliance Bancorp xStock","WAL","USD","XsinBeptgdcLzGnrtH7s4gXjCJFK5HXdZA34oZgTHpm","https://xstocks-metadata.backed.fi/logos/tokens/WALx.png","TwentyFourFive",false,0
"ATRx","AptarGroup xStock","ATR","USD","XsM9Fx4hgF9u1o8xJMPB1trBJBEikGAv5TUzicGxtFk","https://xstocks-metadata.backed.fi/logos/tokens/ATRx.png","TwentyFourFive",false,0
"HLIx","Houlihan Lokey xStock","HLI","USD","Xspg1EH7rQNGRQ9nKW6gDSfpekZq1zm5j1MTcVZSwUj","https://xstocks-metadata.backed.fi/logos/tokens/HLIx.png","TwentyFourFive",false,0
"AVAVx","AeroVironment xStock","AVAV","USD","XsBBTUAnNsSfXLAF9bte8S3947fyf4z5SFBqBGHxR5K","https://xstocks-metadata.backed.fi/logos/tokens/AVAVx.png","TwentyFourFive",false,0
"QRVOx","Qorvo xStock","QRVO","USD","XsMa4WMzAvmgiK39y64BCc9rYmeBoty4aF7E43r6Sw1","https://xstocks-metadata.backed.fi/logos/tokens/QRVOx.png","TwentyFourFive",false,0
"CNMx","Core & Main xStock","CNM","USD","XsKtGMgrVNWVRTRGP2kVGKFTippX6cWVknDv588Emf8","https://xstocks-metadata.backed.fi/logos/tokens/CNMx.png","TwentyFourFive",false,0
"NNNx","NNN REIT xStock","NNN","USD","Xs9CzAnDPsBBovnpxPJxa1bd7TXrBXcYD628QHcW5YH","https://xstocks-metadata.backed.fi/logos/tokens/NNNx.png","TwentyFourFive",false,0
"CHRDx","Chord Energy xStock","CHRD","USD","XsPMAKTg3shFYc1svXasdkmCJJdobvegcZgA9yKrtWN","https://xstocks-metadata.backed.fi/logos/tokens/CHRDx.png","TwentyFourFive",false,0
"UGIx","UGI xStock","UGI","USD","Xs4N372jzRFLH5cUatRnbnyFEPC7KpEjZQQtyUsuzTe","https://xstocks-metadata.backed.fi/logos/tokens/UGIx.png","TwentyFourFive",false,0
"AXTAx","Axalta Coating Systems xStock","AXTA","USD","XsnfK89SvEgTym2JGHYW52Ex4Pr4WDX48vFDG1g2vco","https://xstocks-metadata.backed.fi/logos/tokens/AXTAx.png","TwentyFourFive",false,0
"VOYAx","Voya Financial xStock","VOYA","USD","XshWbRxDTh2F3eKm7AMS8Zc5A6jArvAB4kWwvsWMZG8","https://xstocks-metadata.backed.fi/logos/tokens/VOYAx.png","TwentyFourFive",false,0
"CAGx","Conagra Brands xStock","CAG","USD","XspahpqdDTxoL1XKPysDSyeMKVaKerguZQeBPqtmFjM","https://xstocks-metadata.backed.fi/logos/tokens/CAGx.png","TwentyFourFive",false,0
"NCLHx","Norwegian Cruise Line xStock","NCLH","USD","XsWSgzrjyVsQJZKTv82uCcvVPxHWTzbxo8C4u2uRTzm","https://xstocks-metadata.backed.fi/logos/tokens/NCLHx.png","TwentyFourFive",false,0
"COLBx","Columbia Banking System xStock","COLB","USD","XsQXTfrY4PZxcSZmX4ESvJr7JDK615K1cvJZdYCQGdv","https://xstocks-metadata.backed.fi/logos/tokens/COLBx.png","TwentyFourFive",false,0
"ADCx","Agree Realty xStock","ADC","USD","XsBhE7XXLouCZ4FPESGHjZnJ2wsZEQY1tAf4iFTncUm","https://xstocks-metadata.backed.fi/logos/tokens/ADCx.png","TwentyFourFive",false,0
"FPSx","Forgent Power Solutions xStock","FPS","USD","XsvH4G2oumrBsL73QvVvc3pAw8KYWQJaACWsLtWrR9G","https://xstocks-metadata.backed.fi/logos/tokens/FPSx.png","TwentyFourFive",false,0
"BRXx","Brixmor Property xStock","BRX","USD","XsUHRLCeyjXj1hxD24opbhvNaPkCjCzTktTodU61bnL","https://xstocks-metadata.backed.fi/logos/tokens/BRXx.png","TwentyFourFive",false,0
"AALx","American Airlines xStock","AAL","USD","XsrisVGB3qU1p3KGR7fg4JuxHkeCpdPtByJpYLB4pbH","https://xstocks-metadata.backed.fi/logos/tokens/AALx.png","TwentyFourFive",false,0
"GWWx","W.W. Grainger xStock","GWW","USD","XsSuZjygy7yrbyZJNzBj78ysrKDFMv11HrPPwBUE2Dn","https://xstocks-metadata.backed.fi/logos/tokens/GWWx.png","TwentyFourFive",false,0
"SHWx","Sherwin-Williams xStock","SHW","USD","XsfgitU15HiJX9UJN2fhcpbfRr5P8XJXvC1nuJs3jAr","https://xstocks-metadata.backed.fi/logos/tokens/SHWx.png","TwentyFourFive",false,0
"MPWRx","Monolithic Power Systems xStock","MPWR","USD","Xs9YEeNWvRwWK4wPHPaitx9mFyfU6hbUY539BLJSHCN","https://xstocks-metadata.backed.fi/logos/tokens/MPWRx.png","TwentyFourFive",false,0
"MPCx","Marathon Petroleum xStock","MPC","USD","XsyqGLaBLmGCZstuUrvo7iWhJkZgg4KEBtcxVFBsYSg","https://xstocks-metadata.backed.fi/logos/tokens/MPCx.png","TwentyFourFive",false,0
"APOx","Apollo Global Management xStock","APO","USD","XsosRSUc3n5pod3YNNyQ7go6811xWYd3YME2uEQohEx","https://xstocks-metadata.backed.fi/logos/tokens/APOx.png","TwentyFourFive",false,0
"FIXx","Comfort Systems USA xStock","FIX","USD","XsPTVwrSE3MMZF1bt15vxM7NuuRHdsBJ7mtGW4cttHX","https://xstocks-metadata.backed.fi/logos/tokens/FIXx.png","TwentyFourFive",false,0
"Fx","Ford Motor xStock","F","USD","XsBNJXGu68cBH5hgFxdqZkeh8cMQv32jeEtZtYTYvfS","https://xstocks-metadata.backed.fi/logos/tokens/Fx.png","TwentyFourFive",false,2
"KKRx","KKR xStock","KKR","USD","XsTd1xJRAwAddguKdxYPGoS3qhctGsJb1ue4Rm6URFa","https://xstocks-metadata.backed.fi/logos/tokens/KKRx.png","TwentyFourFive",false,0
"NOCx","Northrop Grumman xStock","NOC","USD","Xs1eyZcwrzzYW3hDjfpm7PiJrC9RyFszsHpqfTeUTCE","https://xstocks-metadata.backed.fi/logos/tokens/NOCx.png","TwentyFourFive",false,0
"APDx","Air Products and Chemicals xStock","APD","USD","XsdeDQyocwoXYq4rvm3eAxN4uDUqww78i9nKLABhp6h","https://xstocks-metadata.backed.fi/logos/tokens/APDx.png","TwentyFourFive",false,0
"DLRx","Digital Realty Trust xStock","DLR","USD","Xstp4CYu1181rhhi7w32Lj6wQZ2VDjFhQNKZwZARk5G","https://xstocks-metadata.backed.fi/logos/tokens/DLRx.png","TwentyFourFive",false,0
"TFCx","Truist Financial xStock","TFC","USD","XspgPjzWCN6w4b8xHyfN8NRXrgdNMYx5nsWgiGGeK4R","https://xstocks-metadata.backed.fi/logos/tokens/TFCx.png","TwentyFourFive",false,0
"CTASx","Cintas xStock","CTAS","USD","XszBTLtg8oMmEWsZHbJJwViiB6unNh2ei1e6miArqps","https://xstocks-metadata.backed.fi/logos/tokens/CTASx.png","TwentyFourFive",false,0
"KEYSx","Keysight Technologies xStock","KEYS","USD","XsXzXSMoSdF3gczdPhECXHN3TwfkUpNkthUvpEJVbDn","https://xstocks-metadata.backed.fi/logos/tokens/KEYSx.png","TwentyFourFive",false,0
"NUEx","Nucor xStock","NUE","USD","XsvdeDvbEfZkvfEUixS9SydEfJopFFD6NJjXZN1haYr","https://xstocks-metadata.backed.fi/logos/tokens/NUEx.png","TwentyFourFive",false,0
"COHRx","Coherent xStock","COHR","USD","XsipFyePxrgwZJrX4s26RJ25cqwpkfn6ec8JLy26w5b","https://xstocks-metadata.backed.fi/logos/tokens/COHRx.png","TwentyFourFive",false,0
"ALLx","Allstate xStock","ALL","USD","Xs1kbMkmahb44LPLLdjscSYZ4c2HUu4WNfgk8P7ndQf","https://xstocks-metadata.backed.fi/logos/tokens/ALLx.png","TwentyFourFive",false,0
"PCARx","PACCAR xStock","PCAR","USD","Xs1rnpzumX77Zz3nVrRGbDYzTM4PM7vgvS4BLTG6ckQ","https://xstocks-metadata.backed.fi/logos/tokens/PCARx.png","TwentyFourFive",false,0
"HCAx","HCA Healthcare xStock","HCA","USD","XsJ5MSaKx3Y6bKEfmrRmovGEdRM53KWqEEHuaNUsQpD","https://xstocks-metadata.backed.fi/logos/tokens/HCAx.png","TwentyFourFive",false,0
"AEPx","American Electric Power xStock","AEP","USD","XsP8GpS93XjmDg5oVVCVqZsffkWadVCqZYp4BFFJnJm","https://xstocks-metadata.backed.fi/logos/tokens/AEPx.png","TwentyFourFive",false,0
"MSIx","Motorola Solutions xStock","MSI","USD","Xsa1gZ38panjmJwh6cr9QQ1YpRBEzVfxrykWSsiWvJe","https://xstocks-metadata.backed.fi/logos/tokens/MSIx.png","TwentyFourFive",false,0
"ECLx","Ecolab xStock","ECL","USD","XsPPAW5wuUa1ALN1NstEkUAajbwycXTRxtWoLfFriy4","https://xstocks-metadata.backed.fi/logos/tokens/ECLx.png","TwentyFourFive",false,0
"CLx","Colgate-Palmolive xStock","CL","USD","XsWzjAeMsR9pMX1aKkq7uDKpr11daUHkmjXya15yCqd","https://xstocks-metadata.backed.fi/logos/tokens/CLx.png","TwentyFourFive",false,0
"NSCx","Norfolk Southern xStock","NSC","USD","Xs4UsCDQKKJqHjidgoZBHUW9emLD4njpLPsYesp4ZpZ","https://xstocks-metadata.backed.fi/logos/tokens/NSCx.png","TwentyFourFive",false,0
"TDGx","TransDigm xStock","TDG","USD","XsaY4eSxkNswy2kg8j7CWS7v154y5kkxYRiqX2ffpVZ","https://xstocks-metadata.backed.fi/logos/tokens/TDGx.png","TwentyFourFive",false,0
"URIx","United Rentals xStock","URI","USD","XsLR9avpksMgLqB5Mw3jBNjzdvSDUKGw4onApxDGE6x","https://xstocks-metadata.backed.fi/logos/tokens/URIx.png","TwentyFourFive",false,0
"HPEx","Hewlett Packard Enterprise xStock","HPE","USD","Xszp97B7zgeyNUFkymHdxXp3Y5KTZ1rzd2bAL9TW34t","https://xstocks-metadata.backed.fi/logos/tokens/HPEx.png","TwentyFourFive",false,0
"BSXx","Boston Scientific xStock","BSX","USD","Xs7vm4sZj1LiNLvnxUCyUTuxRMTt4WGJfdbCASTYhN9","https://xstocks-metadata.backed.fi/logos/tokens/BSXx.png","TwentyFourFive",false,0
"VLOx","Valero Energy xStock","VLO","USD","XsmMjZH2ex52ecoCqBN1sMADoWQziXpe9j6z6QVmafF","https://xstocks-metadata.backed.fi/logos/tokens/VLOx.png","TwentyFourFive",false,0
"FDXx","FedEx xStock","FDX","USD","XsEmsxmtT12GBiqtvTxoNaipTBNEdUs6oq7pwHFHTb7","https://xstocks-metadata.backed.fi/logos/tokens/FDXx.png","TwentyFourFive",false,0
"INTUx","Intuit xStock","INTU","USD","XsfodJMz7SyMNsSgATVDcbuMiQDqQoAiRTL1xuyHNUn","https://xstocks-metadata.backed.fi/logos/tokens/INTUx.png","TwentyFourFive",false,0
"HLTx","Hilton Worldwide xStock","HLT","USD","Xs66hB4NftAJmu73aeBc6RXQC4DX4LwU4xvnfsz581r","https://xstocks-metadata.backed.fi/logos/tokens/HLTx.png","TwentyFourFive",false,0
"ORLYx","O'Reilly Automotive xStock","ORLY","USD","XsZCRtj2wRfksr19c4Bf4L2WBB5EYPmr1nBQS1yXApD","https://xstocks-metadata.backed.fi/logos/tokens/ORLYx.png","TwentyFourFive",false,0
"ITWx","Illinois Tool Works xStock","ITW","USD","Xs7NEcjqek7SN135xwSafr721njNVyenBdd7NDG2cYo","https://xstocks-metadata.backed.fi/logos/tokens/ITWx.png","TwentyFourFive",false,0
"ROSTx","Ross Stores xStock","ROST","USD","XsPYJyoTnjc471VCHEERVBVrJ7xuQhDYWddPw6koNVV","https://xstocks-metadata.backed.fi/logos/tokens/ROSTx.png","TwentyFourFive",false,0
"PSXx","Phillips 66 xStock","PSX","USD","XsYvZVxiNdjuHQQzdCmf4TMSTBgvarV2gLi2akooV8V","https://xstocks-metadata.backed.fi/logos/tokens/PSXx.png","TwentyFourFive",false,0
"ICEx","Intercontinental Exchange xStock","ICE","USD","XsG6o69zE7mQCeFf6utyMx9Q89cJjGV4vTwi3wFHrkN","https://xstocks-metadata.backed.fi/logos/tokens/ICEx.png","TwentyFourFive",false,0
"CIx","The Cigna xStock","CI","USD","XsGfYyioN9bfk6M6RGKvucDq8grQehqkBz8ziEtT124","https://xstocks-metadata.backed.fi/logos/tokens/CIx.png","TwentyFourFive",false,0
"GMx","General Motors xStock","GM","USD","XsSFgHPgZgYNSuz1ttNHNp8zUBBMZGngFcMMfKPK6JQ","https://xstocks-metadata.backed.fi/logos/tokens/GMx.png","TwentyFourFive",false,0
"SNOWx","Snowflake xStock","SNOW","USD","Xs3QCTNpPWTFYRQ9yPv9gsvWKNJGk45UQ1bb1w7xznc","https://xstocks-metadata.backed.fi/logos/tokens/SNOWx.png","TwentyFourFive",false,0
"WMx","Waste Management xStock","WM","USD","XscZ13Vr2dH9GV8vxVAgFsXz2YMoDCAz3QanuCcwsr5","https://xstocks-metadata.backed.fi/logos/tokens/WMx.png","TwentyFourFive",false,0
"EMRx","Emerson Electric xStock","EMR","USD","Xskqq9tKh2gc1PBJHf2q6jMgBpt3AojT3HVkWhjoY5h","https://xstocks-metadata.backed.fi/logos/tokens/EMRx.png","TwentyFourFive",false,0
"ELVx","Elevance Health xStock","ELV","USD","XsJbC4TFupSLpxNwsfq9o1BB5tdTT7eZ3YNerVvE49H","https://xstocks-metadata.backed.fi/logos/tokens/ELVx.png","TwentyFourFive",false,0
"MMMx","3M xStock","MMM","USD","XsTEo8W2L8JprN57bmJgatDT84z57ReJYizr5f32BfP","https://xstocks-metadata.backed.fi/logos/tokens/MMMx.png","TwentyFourFive",false,0
"CSXx","CSX xStock","CSX","USD","XskJzVZDKvqm999PGat2ifznPVmmDXn4Zi1LZ7Y5CVr","https://xstocks-metadata.backed.fi/logos/tokens/CSXx.png","TwentyFourFive",false,0
"SNPSx","Synopsys xStock","SNPS","USD","XsfGN1hFHbigfAzUY1nLRjrECm3ohGzVcim5pMqgp9d","https://xstocks-metadata.backed.fi/logos/tokens/SNPSx.png","TwentyFourFive",false,0
"AMTx","American Tower xStock","AMT","USD","XsvYPZkrDDg7259oDv5E76HSmeLWgHPgNEQ44KVbJJU","https://xstocks-metadata.backed.fi/logos/tokens/AMTx.png","TwentyFourFive",false,0
"FTNTx","Fortinet xStock","FTNT","USD","XsWrVR5F8eUgoienkVAQLwjvtzEAUoWWcwhcDzu3qRX","https://xstocks-metadata.backed.fi/logos/tokens/FTNTx.png","TwentyFourFive",false,0
"BXx","Blackstone xStock","BX","USD","XsYtTeabUTJnkxWrHZUChwcKpNq6BbqPbWs9ZgLk4Xa","https://xstocks-metadata.backed.fi/logos/tokens/BXx.png","TwentyFourFive",false,0
"ADPx","Automatic Data Processing xStock","ADP","USD","XsCBDrb61PyQqTJp7uHhD4vj1MkD5UK6jpxUBbgG7i1","https://xstocks-metadata.backed.fi/logos/tokens/ADPx.png","TwentyFourFive",false,0
"PNCx","PNC Financial Services xStock","PNC","USD","Xss1A59GFZcvyuTXLXMyYdJ7e9kpHq6AFKNjcVZ1rjA","https://xstocks-metadata.backed.fi/logos/tokens/PNCx.png","TwentyFourFive",false,0
"MRSHx","Marsh xStock","MRSH","USD","Xso2JLSTXQjpDXw1r7ZxbC2JCbB6iLGw65kUzQvgTwH","https://xstocks-metadata.backed.fi/logos/tokens/MRSHx.png","TwentyFourFive",false,0
"WMBx","Williams Companies xStock","WMB","USD","Xso4umc25VxszLT64SYNT7TMeZudAC75xwNo7qFjJFu","https://xstocks-metadata.backed.fi/logos/tokens/WMBx.png","TwentyFourFive",false,0
"CMIx","Cummins xStock","CMI","USD","XsqZ16VmoeszDniTfGTnwPBMv7j7uSDArddziagHWit","https://xstocks-metadata.backed.fi/logos/tokens/CMIx.png","TwentyFourFive",false,0
"FCXx","Freeport-McMoRan xStock","FCX","USD","XsT9Z9BYM5Bp2JAuKVgw1XLdENGyvQwC5C2gAuzeKyY","https://xstocks-metadata.backed.fi/logos/tokens/FCXx.png","TwentyFourFive",false,0
"SOx","Southern xStock","SO","USD","Xs5nNLYnMuwBTMQ7KnfCgfsDBa9WehDa1EZqzicarZm","https://xstocks-metadata.backed.fi/logos/tokens/SOx.png","TwentyFourFive",false,0
"MCKx","McKesson xStock","MCK","USD","XsnoiYFyBemVokJpx3ddt6mPB3v2HepSevRLXSfj3Y5","https://xstocks-metadata.backed.fi/logos/tokens/MCKx.png","TwentyFourFive",false,0
"CDNSx","Cadence Design Systems xStock","CDNS","USD","XsrB8RyBpbMWm8zCQutdT2n95BgNj4rJFfxuhHFjk2v","https://xstocks-metadata.backed.fi/logos/tokens/CDNSx.png","TwentyFourFive",false,0
"USBx","U.S. Bancorp xStock","USB","USD","Xsieiissncd7uzAW2kwNJPDKBfWcyvdibgxSMQindKF","https://xstocks-metadata.backed.fi/logos/tokens/USBx.png","TwentyFourFive",false,0
"GDx","General Dynamics xStock","GD","USD","Xsgk6nv6V81zQms4mcvUiEtLDdVueXfWPRCaxayqkSN","https://xstocks-metadata.backed.fi/logos/tokens/GDx.png","TwentyFourFive",false,0
"SYKx","Stryker xStock","SYK","USD","XshACd866qcdJYTotipkEHNKKnjDHJJkUciUxKVenE3","https://xstocks-metadata.backed.fi/logos/tokens/SYKx.png","TwentyFourFive",false,0
"EQIXx","Equinix xStock","EQIX","USD","XsBo6pg8N9kk7YnL69NnBBSZBWDkF1gHWjTAXpYuAVo","https://xstocks-metadata.backed.fi/logos/tokens/EQIXx.png","TwentyFourFive",false,0
"NOWx","ServiceNow xStock","NOW","USD","XsBnEFd2EtpwBRNVfN8qLZcVUnuqXRaGCSEEFChLfxL","https://xstocks-metadata.backed.fi/logos/tokens/NOWx.png","TwentyFourFive",false,0
"HWMx","Howmet Aerospace xStock","HWM","USD","XsCX8NnXq3qx6zUxXxWwjV2yQnGc9C5y6UyXvE6RG7r","https://xstocks-metadata.backed.fi/logos/tokens/HWMx.png","TwentyFourFive",false,0
"DUKx","Duke Energy xStock","DUK","USD","XswU7kXY6dGgMqpiWW2jKSYVZMsCWv5LKcLaFBgYzPv","https://xstocks-metadata.backed.fi/logos/tokens/DUKx.png","TwentyFourFive",false,0
"LMTx","Lockheed Martin xStock","LMT","USD","XssULacY8D3z3a8HoQuLid8wdJHcZLGpSST9MkNFzox","https://xstocks-metadata.backed.fi/logos/tokens/LMTx.png","TwentyFourFive",false,0
"VRTXx","Vertex Pharmaceuticals xStock","VRTX","USD","XsgCWpLUC3pv6JmNAFtkYmuwSaikShy8QZRuripgBzn","https://xstocks-metadata.backed.fi/logos/tokens/VRTXx.png","TwentyFourFive",false,0
"NEMx","Newmont xStock","NEM","USD","XssuE11NLek5vAeHNS2Jm8PFvT4PE7dtnpZwasWTGDT","https://xstocks-metadata.backed.fi/logos/tokens/NEMx.png","TwentyFourFive",false,0
"SBUXx","Starbucks xStock","SBUX","USD","Xs9gd8SGbYQn9kkUYQayn46BdqQbvvUshEF6ZpRAzM7","https://xstocks-metadata.backed.fi/logos/tokens/SBUXx.png","TwentyFourFive",false,0
"COFx","Capital One Financial xStock","COF","USD","Xstd4ems8vhfGwTngpXCzgnSvJ4oD7E5gExUue2KEZX","https://xstocks-metadata.backed.fi/logos/tokens/COFx.png","TwentyFourFive",false,0
"COPx","ConocoPhillips xStock","COP","USD","Xs58CxmUcgT17reeVV64se747XuRfjsJQnpb8DX9TDq","https://xstocks-metadata.backed.fi/logos/tokens/COPx.png","TwentyFourFive",false,0
"BMYx","Bristol-Myers Squibb xStock","BMY","USD","Xsa3dm4UT6TdzPJV75UiuGUeGywYUnfSNhsV5nHPZEu","https://xstocks-metadata.backed.fi/logos/tokens/BMYx.png","TwentyFourFive",false,0
"PHx","Parker Hannifin xStock","PH","USD","XskVc7XiWmSqvzbjhA2LqGHQhvBdBNfatfeTpNru6KP","https://xstocks-metadata.backed.fi/logos/tokens/PHx.png","TwentyFourFive",false,0
"DEx","Deere xStock","DE","USD","Xsh3Lt6pLpH65udstiFuZThJ6gyQTL6ryVXtNwEy5zd","https://xstocks-metadata.backed.fi/logos/tokens/DEx.png","TwentyFourFive",false,0
"MOx","Altria xStock","MO","USD","XsztStxbbGZE63p8DyD8YCpzyWFJwwy2PNcyaf3cZz8","https://xstocks-metadata.backed.fi/logos/tokens/MOx.png","TwentyFourFive",false,0
"CVSx","CVS Health xStock","CVS","USD","XsKWyokwxJfb5aVBfDJYGte4wk2NPMNFo6SivouPeSy","https://xstocks-metadata.backed.fi/logos/tokens/CVSx.png","TwentyFourFive",false,0
"WELLx","Welltower xStock","WELL","USD","XsuKHFvcZLWvhk8XcprK4tiAZRefQ4nfTyNs6b9BArz","https://xstocks-metadata.backed.fi/logos/tokens/WELLx.png","TwentyFourFive",false,0
"PGRx","Progressive xStock","PGR","USD","XsGDHfnSNxofQ2qXzcty9r4HB5HFszUCrQhjN7mbEcw","https://xstocks-metadata.backed.fi/logos/tokens/PGRx.png","TwentyFourFive",false,0
"PLDx","Prologis xStock","PLD","USD","XsnXCL5FtHLHH1jW5Nknd5BjuazxnnkCAGR6fWPwPJL","https://xstocks-metadata.backed.fi/logos/tokens/PLDx.png","TwentyFourFive",false,0
"LOWx","Lowe's Companies xStock","LOW","USD","XsixDLxXcKZBcRBddYiPZjB9FJcKMTLd4B7VBeKo3pB","https://xstocks-metadata.backed.fi/logos/tokens/LOWx.png","TwentyFourFive",false,0
"TJXx","TJX Companies xStock","TJX","USD","XsPWZN3FYcrvpEnxrQqogbVZtxpRX9tFomymKw2dWJS","https://xstocks-metadata.backed.fi/logos/tokens/TJXx.png","TwentyFourFive",false,0
"DISx","The Walt Disney xStock","DIS","USD","Xsg93jDV656ULQ5u9yT2x5DS9b4xGD8aDCtfESSW6Bb","https://xstocks-metadata.backed.fi/logos/tokens/DISx.png","TwentyFourFive",false,0
"GLWx","Corning xStock","GLW","USD","Xsg3UgvjxpUgV3WZx9Wt9deLx7qvKYp6ZLY6xMY2Dfq","https://xstocks-metadata.backed.fi/logos/tokens/GLWx.png","TwentyFourFive",false,0
"UNPx","Union Pacific xStock","UNP","USD","Xsehrw5hHiQ16Vfxxctj8ewUhtRCzbCrBYS278ctAAy","https://xstocks-metadata.backed.fi/logos/tokens/UNPx.png","TwentyFourFive",false,0
"SCHWx","Charles Schwab xStock","SCHW","USD","XsK5U9qwT9ErPXnpgDzV9voTGASZbZnNTYTGVxCqPii","https://xstocks-metadata.backed.fi/logos/tokens/SCHWx.png","TwentyFourFive",false,0
"ISRGx","Intuitive Surgical xStock","ISRG","USD","XsgBcHP3frsQGHr5EoDdoPZMANk52Y4JPg5BYx98NwL","https://xstocks-metadata.backed.fi/logos/tokens/ISRGx.png","TwentyFourFive",false,0
"GILDx","Gilead Sciences xStock","GILD","USD","XsmAFboVqfDwGPgXfd7oCunvYAYSzzkuKE2BDRzwjGy","https://xstocks-metadata.backed.fi/logos/tokens/GILDx.png","TwentyFourFive",false,0
"BAx","Boeing xStock","BA","USD","XsBcnKnZMsPaerLiUQ4eMFy4Fjysot4RugYXYDjiqCP","https://xstocks-metadata.backed.fi/logos/tokens/BAx.png","TwentyFourFive",false,0
"NEEx","NextEra Energy xStock","NEE","USD","Xs4f5EbxL1bB89N7ADF7smF8fXxifJa3t6SexZufBWA","https://xstocks-metadata.backed.fi/logos/tokens/NEEx.png","TwentyFourFive",false,0
"AMGNx","Amgen xStock","AMGN","USD","XsgKwBMbv8LDzEYRgbKtyqsub6QB56PQVzgTGbiGaNe","https://xstocks-metadata.backed.fi/logos/tokens/AMGNx.png","TwentyFourFive",false,0
"VZx","Verizon Communications xStock","VZ","USD","Xs4VKGG8TTan8UN3mC1ufsDMamBtBLE4Ahfkyv2tfuy","https://xstocks-metadata.backed.fi/logos/tokens/VZx.png","TwentyFourFive",false,0
"QCOMx","Qualcomm xStock","QCOM","USD","XsUUG8bjFN2KvzLTpzavvEKdAjMAeLTZiTeAQJ9uhvB","https://xstocks-metadata.backed.fi/logos/tokens/QCOMx.png","TwentyFourFive",false,0
"RTXx","RTX xStock","RTX","USD","XsN53tgjZA4QU8iuedPNHxxCbDqKcJqbrT1f8jBXzdC","https://xstocks-metadata.backed.fi/logos/tokens/RTXx.png","TwentyFourFive",false,0
"MSx","Morgan Stanley xStock","MS","USD","XsUucbjDLYbER4WNNffn1eQ9cDnAcFVfLgSZeLHPDZS","https://xstocks-metadata.backed.fi/logos/tokens/MSx.png","TwentyFourFive",false,0
"Cx","Citigroup xStock","C","USD","XsM1FstDXh1pA4uNXzvJdAop9SRJnnRdWt2o8A2mLpN","https://xstocks-metadata.backed.fi/logos/tokens/Cx.png","TwentyFourFive",false,0
"TXNx","Texas Instruments xStock","TXN","USD","XsU4fHhJEFcrwNh4RYuHmWdaoCfsrWKEm4UEs3zTJwH","https://xstocks-metadata.backed.fi/logos/tokens/TXNx.png","TwentyFourFive",false,0
"WDCx","Western Digital xStock","WDC","USD","XsmopJuh6C6uNFJa3KaVoYqEtrf3Y7M5LYwRLKLER3h","https://xstocks-metadata.backed.fi/logos/tokens/WDCx.png","TwentyFourFive",false,0
"GEx","GE Aerospace xStock","GE","USD","XsfsBjSZoXXKJsxoSt8TyLYsjhBAKFaDPZTCQbFRirP","https://xstocks-metadata.backed.fi/logos/tokens/GEx.png","TwentyFourFive",false,0
"ADIx","Analog Devices xStock","ADI","USD","Xs3CytsvJshAYy1TQjq2o2yVWCyEGinNpvkB6f3Qs31","https://xstocks-metadata.backed.fi/logos/tokens/ADIx.png","TwentyFourFive",false,0
"WFCx","Wells Fargo xStock","WFC","USD","XspHXejQ3A4VeimAqR1mAkvgTWgpmmoNR5CUhwCqzqr","https://xstocks-metadata.backed.fi/logos/tokens/WFCx.png","TwentyFourFive",false,0
"CATx","Caterpillar xStock","CAT","USD","XsRvd1meWQ9kW1SrZPa1jokQqmBoPWWjd6wGTgdp5E6","https://xstocks-metadata.backed.fi/logos/tokens/CATx.png","TwentyFourFive",false,0
"BOTx","RoboStrategy xStock","BOT","USD","Xsi8P9r7ZWDBBnBj9JTfnKWqyKNV19X2CQPWQsGdjnS","https://xstocks-metadata.backed.fi/logos/tokens/BOTx.png","Regular",false,0
"SPCXx","SpaceX xStock","SPCX","USD","Xs3oZwbHvqis4NYcf4YKWmEia2eC84wSiVrcYcTqpH8","https://xstocks-metadata.backed.fi/logos/tokens/SPCXx.png","TwentyFourFive",false,4380573
"MDLNx","Medline xStock","MDLN","USD","XsxaiepK535fVqavwRvJVTC64KaCLTtCgQT5jpR3rJt","https://xstocks-metadata.backed.fi/logos/tokens/MDLNx.png","MarketHours",false,0
"ENHAx","Enhanced Group xStock","ENHA","USD","XsGAnis8BY5TLxEGdPY1LeeqY1DHPcUkkBQWRyQaJya","https://xstocks-metadata.backed.fi/logos/tokens/ENHAx.png","TwentyFourFive",false,0
"EWYx","iShares MSCI South Korea xStock","EWY","USD","XswenHXJtDWYMh89uRYx2tZcABxwXSn7j3jidDPS1Yo","https://xstocks-metadata.backed.fi/logos/tokens/EWYx.png","TwentyFourFive",false,0
"DAXx","Global X DAX Germany xStock","DAX","USD","XsKbKZ6e1BtERDn2cF11WkpVwvzSWCrf83AMafgnMQT","https://xstocks-metadata.backed.fi/logos/tokens/DAXx.png","TwentyFourFive",false,0
"SATAx","Strive, Inc. Series A Preferred xStock","SATA","USD","XsAxB3xLnt7xto5ChiSbVNHBoXcXzKuzS7FieiNYwtY","https://xstocks-metadata.backed.fi/logos/tokens/SATAx.png","Regular",false,0
"SOXXx","iShares Semiconductor xStock","SOXX","USD","XsEsHeiNZf88sABxu74TPuXbQThdaQGdzPVZUBicjtQ","https://xstocks-metadata.backed.fi/logos/tokens/SOXXx.png","TwentyFourFive",false,0
"EWUx","iShares MSCI United Kingdom xStock","EWU","USD","XsbWCMXPzLdZMLpPtiiWE7M99fySmsnK5eFCWGWfDQ8","https://xstocks-metadata.backed.fi/logos/tokens/EWUx.png","TwentyFourFive",false,0
"EWGx","iShares MSCI Germany xStock","EWG","USD","XsM51PKxDNQBZR65VRxRjNqcMWUBoYwHeVn2FR6WXi9","https://xstocks-metadata.backed.fi/logos/tokens/EWGx.png","TwentyFourFive",false,0
"EWQx","iShares MSCI France xStock","EWQ","USD","Xs1neEMHNaDDSHqE9nvDGkmuX73ZASKcLtQqwmVAQde","https://xstocks-metadata.backed.fi/logos/tokens/EWQx.png","TwentyFourFive",false,0
"BITXx","Volatility Shares 2x Bitcoin Strategy xStock","BITX","USD","XsraCsjDB8cYn672MZSxCzZBhrodEPXD7pWd5EiRUhm","https://xstocks-metadata.backed.fi/logos/tokens/BITXx.png","TwentyFourFive",false,0
"VOOx","Vanguard S&P 500 xStock","VOO","USD","Xsd7TduTbjuYCFL7Uoujb8SbkZLmUsuYNLn7KdvX21x","https://xstocks-metadata.backed.fi/logos/tokens/VOOx.png","TwentyFourFive",false,0
"NLRx","VanEck Uranium and Nuclear xStock","NLR","USD","XsTSfxoQry8okZoGMN5t6mExibDq3gA2NDLJeLztX7E","https://xstocks-metadata.backed.fi/logos/tokens/NLRx.png","MarketHours",false,0
"GDXx","VanEck Gold Miners xStock","GDX","USD","XsVRhRg9eRE9PrsoPsAt5Mifa8mfjm9R3vdw6orp54j","https://xstocks-metadata.backed.fi/logos/tokens/GDXx.png","MarketHours",false,0
"FEZx","SPDR EURO STOXX 50 xStock","FEZ","USD","XsbZDdYJKxEBQASz4KBj23NRgymXw2NK6mbNQ6PYhC7","https://xstocks-metadata.backed.fi/logos/tokens/FEZx.png","TwentyFourFive",false,0
"JAAAx","Janus Henderson AAA CLO xStock","JAAA","USD","XsEYQJtVa51Ww3y28jV1FwheMgmDj8BpxYiCPThcLWW","https://xstocks-metadata.backed.fi/logos/tokens/JAAAx.png","MarketHours",true,0
"JPSTx","JPMorgan Ultra-Short Income xStock","JPST","USD","XsCAXu7xTaZMG9b9KJhNWYapuvNjxPuE4SysZq8uvMq","https://xstocks-metadata.backed.fi/logos/tokens/JPSTx.png","MarketHours",false,0
"FLQMx","Franklin U.S. Mid Cap Multi-Factor xStock","FLQM","USD","XsZdwvwEAn7KH8bCCo8AkxJmSm4MbaRxcDeh9Gt2VTF","https://xstocks-metadata.backed.fi/logos/tokens/FLQMx.png","MarketHours",false,0
"USPXx","Franklin U.S. Equity Index xStock","USPX","USD","XsBNz5UKYqcALjS5Xnm7HesMapyKLxkmfWPGHBek36x","https://xstocks-metadata.backed.fi/logos/tokens/USPXx.png","Regular",false,0
"FSMLx","Franklin Small Cap Enhanced xStock","FSML","USD","Xs9nAeuqjogYHy2UfL6jYqGmM5MPrRjuz6UYk8H79mZ","https://xstocks-metadata.backed.fi/logos/tokens/FSMLx.png","Regular",false,0
"FLBLx","Franklin Senior Loan xStock","FLBL","USD","XsCZJYnCmjs5cYZDMLVxVzvMy5AK2oqsWpobS6SYno8","https://xstocks-metadata.backed.fi/logos/tokens/FLBLx.png","MarketHours",false,0
"IQMx","Franklin Intelligent Machines xStock","IQM","USD","XsGqU2JhofxjZBBhuXAroJGdiyZdvbx64tPx1Mu6DVK","https://xstocks-metadata.backed.fi/logos/tokens/IQMx.png","MarketHours",false,0
"YLDEx","Franklin ClearBridge Enhanced Income xStock","YLDE","USD","Xs4uZnG2mzZQKgnmuYboj1PRBtascAvWh5NdVMfz2aW","https://xstocks-metadata.backed.fi/logos/tokens/YLDEx.png","Regular",false,0
"FAAAx","Fidelity AAA CLO xStock","FAAA","USD","Xs8rb8QG9mEuQ41g2cUzuJLZt3xEPQFhvgb9s4obXSn","https://xstocks-metadata.backed.fi/logos/tokens/FAAAx.png","MarketHours",false,0
"SOXLx","Direxion Semiconductor Bull 3X xStock","SOXL","USD","XsdZDkoMdUb6iKDAKKappuM7C1Q2HmTqC8jNujbfmCu","https://xstocks-metadata.backed.fi/logos/tokens/SOXLx.png","Regular",false,0
"VIDAx","Vida Global xStock","VIDA","USD","XsfCC9VL4DamVGNgdJpfLXB3sBVa158Gbx8sh7NzmTk","https://xstocks-metadata.backed.fi/logos/tokens/VIDAx.png","Regular",false,20436
"RCATx","Red Cat xStock","RCAT","USD","Xs6yCfUGbkjcvivWr4crLR7pJGxEXspsuuUMhxNEEUw","https://xstocks-metadata.backed.fi/logos/tokens/RCATx.png","TwentyFourFive",false,0
"ONDSx","Ondas xStock","ONDS","USD","Xsgc9YTqdAH1GzDLBGQcScCMgkKsVBn4hBmqtNRospY","https://xstocks-metadata.backed.fi/logos/tokens/ONDSx.png","TwentyFourFive",false,0
"IRENx","IREN xStock","IREN","USD","Xshh1dRsnxatP45yBfrzU9MrvrFCvxHQGTrWjgdA81E","https://xstocks-metadata.backed.fi/logos/tokens/IRENx.png","TwentyFourFive",false,0
"HIMSx","Hims & Hers xStock","HIMS","USD","XsprHSJzwz3qmHcEf7j7WcUk6hMUL4sPLuAdWaSY1oh","https://xstocks-metadata.backed.fi/logos/tokens/HIMSx.png","TwentyFourFive",false,0
"NETx","Cloudflare xStock","NET","USD","XsR3LAMkzuPP8DnfYaiB2grTWqkBVy286gjJVErK1bi","https://xstocks-metadata.backed.fi/logos/tokens/NETx.png","TwentyFourFive",false,0
"LNGx","Cheniere Energy xStock","LNG","USD","XsYLZdcMYST418xZhTV6KaHqr8BWqaKS3J45ywqigF9","https://xstocks-metadata.backed.fi/logos/tokens/LNGx.png","TwentyFourFive",false,0
"FGDLx","Franklin Responsibly Sourced Gold ETF xStock","FGDL","USD","XspurdrAqbRJMQfAUEfh88QxE3XbSWxQGu3GneJR6e3","https://xstocks-metadata.backed.fi/logos/tokens/FGDLx.png","",false,0
"MOOx","VanEck Agribusiness ETF xStock","MOO","USD","Xs72K1Ta1D5ccNy3RzSyQWGgZywWvphX78pL8WBk1Bo","https://xstocks-metadata.backed.fi/logos/tokens/MOOx.png","TwentyFourFive",false,0
"XOPx","SPDR S&P Oil & Gas Exploration & Production ETF xStock","XOP","USD","XsAk6BoV4kBXUM6WXodKyM21CN92G9jArwAzFvbh3LX","https://xstocks-metadata.backed.fi/logos/tokens/XOPx.png","TwentyFourFive",false,217
"VGKx","Vanguard FTSE Europe ETF xStock","VGK","USD","XsosCAu1L8Ebpr4SdBDV1EboYDRTWCH8j79UnHYzvbN","https://xstocks-metadata.backed.fi/logos/tokens/VGKx.png","TwentyFourFive",false,0
"ITAx","iShares U.S. Aerospace & Defense ETF xStock","ITA","USD","XsXoAR52Q2NYFkYiNqhCq4FauvyA1tdRsrmEYNf9fuh","https://xstocks-metadata.backed.fi/logos/tokens/ITAx.png","TwentyFourFive",false,0
"VXUSx","Vanguard Total International Stock ETF xStock","VXUS","USD","XsLT5v4DAd1kwViPQh3SZiT5kzJfNLxzJxJN1dySZTe","https://xstocks-metadata.backed.fi/logos/tokens/VXUSx.png","TwentyFourFive",false,0
"SGOVx","iShares 0-3 Month Treasury Bond ETF xStock","SGOV","USD","XsYD72ntjj7ZwoFDZCDmN2gamTcLpnywqvG7PQN5vCN","https://xstocks-metadata.backed.fi/logos/tokens/SGOVx.png","TwentyFourFive",false,1
"VUGx","Vanguard Growth ETF xStock","VUG","USD","XsNVBwVGqtDqmA2Waoiux5mfykH8nepLK74z3ZoQWK2","https://xstocks-metadata.backed.fi/logos/tokens/VUGx.png","TwentyFourFive",false,1
"SMHx","VanEck Semiconductor ETF xStock","SMH","USD","XstuBvLo7soZzj3beCCPonHpR3eUfPNSeQzw35Swons","https://xstocks-metadata.backed.fi/logos/tokens/SMHx.png","TwentyFourFive",false,0
"URAx","Global X Uranium ETF xStock","URA","USD","Xsq9sEQjYiUTSZ55RrbHAzVfz8HotwFGrqgxkgiv4LB","https://xstocks-metadata.backed.fi/logos/tokens/URAx.png","TwentyFourFive",false,29
"XLEx","Energy Select Sector SPDR Fund xStock","XLE","USD","Xs54CrhmpVp6uxZXwgSTegrRH2kShh88XFPzgf4BExu","https://xstocks-metadata.backed.fi/logos/tokens/XLEx.png","TwentyFourFive",false,110
"VCXx","Fundrise Innovation Fund, LLC xStock","VCX","USD","Xs7UsqobM3EJgMeHwdAbmDBCZH1G5WTCjatpeYcCr8x","https://xstocks-metadata.backed.fi/logos/tokens/VCXx.png","TwentyFourFive",false,0
"SNDKx","Sandisk Corporation xStock","SNDK","USD","Xswbpc8UqU6e1j9QZEWCjBMjyvz4twqD7PCy6j2e7jj","https://xstocks-metadata.backed.fi/logos/tokens/SNDKx.png","TwentyFourFive",false,265
"LITEx","Lumentum Holdings Inc. xStock","LITE","USD","XsexQ9qqNbDkLE6XwCN9ceVhLo8Lxc7UheVR6eBkKyo","https://xstocks-metadata.backed.fi/logos/tokens/LITEx.png","TwentyFourFive",false,0
"SMRx","NuScale Power Corporation xStock","SMR","USD","XsrwdnwLHjVnyy7fgE2Pdwjp3czEm73jPjkSC5xzUBw","https://xstocks-metadata.backed.fi/logos/tokens/SMRx.png","TwentyFourFive",false,0
"APLDx","Applied Digital Corporation xStock","APLD","USD","Xs2ZEuDVSQkNnXHqfqEYKVShLHpecyKfdfpEYwiHtQE","https://xstocks-metadata.backed.fi/logos/tokens/APLDx.png","TwentyFourFive",false,0
"PWRx","Quanta Services, Inc. xStock","PWR","USD","XsLR2VCGNzYVLfJGEwwNZsRYDZBGyBnoQH5rPGvwodA","https://xstocks-metadata.backed.fi/logos/tokens/PWRx.png","TwentyFourFive",false,0
"TERx","Teradyne, Inc. xStock","TER","USD","Xsbe4fwmjVQEWEPkzfyxqNdPUUK7X9dKfTJrZdDbNgx","https://xstocks-metadata.backed.fi/logos/tokens/TERx.png","TwentyFourFive",false,0
"ETNx","Eaton Corporation plc xStock","ETN","USD","Xs8S5L4HkJpeBWF1J4oyUX6rVwGHmG7GZ7PiChPt7nY","https://xstocks-metadata.backed.fi/logos/tokens/ETNx.png","TwentyFourFive",false,0
"KLACx","KLA Corporation xStock","KLAC","USD","Xsw2uU1i8tHjbgstUbtt3m6kg7BS7AgG5aj8z7ddmmN","https://xstocks-metadata.backed.fi/logos/tokens/KLACx.png","TwentyFourFive",false,3
"GEVx","GE Vernova Inc. xStock","GEV","USD","XswXzAsMV9kebQjCVtr1btvrQgQ7C4C9kKgH4QYAVzw","https://xstocks-metadata.backed.fi/logos/tokens/GEVx.png","TwentyFourFive",false,0
"CEGx","Constellation Energy Corporation xStock","CEG","USD","Xssu2cDLdZXZYrq17frTVrb3meumRCAzEf7pXyxoWVN","https://xstocks-metadata.backed.fi/logos/tokens/CEGx.png","TwentyFourFive",false,0
"SMCIx","Super Micro Computer, Inc. xStock","SMCI","USD","XsMxAoJP47FQGLsVUvSS2QfBaHdNsd7DRU6nWRL8RSa","https://xstocks-metadata.backed.fi/logos/tokens/SMCIx.png","TwentyFourFive",false,2
"DELLx","Dell Technologies Inc. xStock","DELL","USD","Xsu7Tc5J2fVUE4H5vYAiSr34cvLJeCsYPMjAYnayQn6","https://xstocks-metadata.backed.fi/logos/tokens/DELLx.png","TwentyFourFive",false,0
"VRTx","Vertiv Holdings Co xStock","VRT","USD","XsLUiVEwYeoneKpgR1C2Q4DBUZhX4xDktSCfQqq8zmn","https://xstocks-metadata.backed.fi/logos/tokens/VRTx.png","TwentyFourFive",false,0
"AMATx","Applied Materials, Inc. xStock","AMAT","USD","XsQZdaWUAGC4R3fgD2N1fupKvJfJq6YM51ccnsLUWFA","https://xstocks-metadata.backed.fi/logos/tokens/AMATx.png","TwentyFourFive",false,0
"LRCXx","Lam Research Corporation xStock","LRCX","USD","XsSN912SN4Whn2xn59vWZHt1uLbw9WnoNGp5MigmHFf","https://xstocks-metadata.backed.fi/logos/tokens/LRCXx.png","TwentyFourFive",false,0
"ANETx","Arista Networks, Inc. xStock","ANET","USD","XsrsM2RgtYxXqxmy4iWgxQJUkkHG1U5wzi74sVNUW8m","https://xstocks-metadata.backed.fi/logos/tokens/ANETx.png","TwentyFourFive",false,1
"USARx","USA Rare Earth Inc. xStock","USAR","USD","XsJJneENiaBPqqcdK1gMsfwi9cbw111azigzRYHoctX","https://xstocks-metadata.backed.fi/logos/tokens/USARx.png","TwentyFourFive",false,0
"UUUUx","Energy Fuels Inc. xStock","UUUU","USD","XsYHvpLWfTfqdLkPbCc4eUT21eH521BRTXBypgzpEDH","https://xstocks-metadata.backed.fi/logos/tokens/UUUUx.png","TwentyFourFive",false,0
"PPLTx","abrdn Physical Platinum Shares xStock","PPLT","USD","Xst6eFD4YT6sz9RLMysN9SyvaZWtraSdVJQGu5ZkAme","https://xstocks-metadata.backed.fi/logos/tokens/PPLTx.png","TwentyFourFive",false,0
"PALLx","abrdn Physical Palladium Shares xStock","PALL","USD","XsTTtPA5V19YwHKDv4xeVXNM6kdsQNJvg3MyWkRUckt","https://xstocks-metadata.backed.fi/logos/tokens/PALLx.png","TwentyFourFive",false,0
"COPXx","Global X Copper Miners xStock","COPX","USD","XsybfiKkD4UmjkAGT2uR8X2sq9AWFtvGJM2KTffoALZ","https://xstocks-metadata.backed.fi/logos/tokens/COPXx.png","TwentyFourFive",false,0
"SLMTx","Brera xStock","SLMT","USD","XsPHkGBbztHCCe1RMhiAs7CxVqoghmyd6zDUfrbfVWG","https://xstocks-metadata.backed.fi/logos/tokens/SLMTx.png","TwentyFourFive",false,0
"KRAQx","KRAQ xStock","KRAQ","USD","XsAiRejKuvLAdq9KtedrMSrabz7SWdzKoVK6Qgac1Ki","https://xstocks-metadata.backed.fi/logos/tokens/KRAQx.png","TwentyFourFive",false,0
"BTGOx","Bitgo xStock","BTGO","USD","XsvHMmbDcd14DHHW16PkxPGW7ks77ehxUv1E9Zmxgj4","https://xstocks-metadata.backed.fi/logos/tokens/BTGOx.png","TwentyFourFive",false,0
"SLVx","iShares Silver Trust xStock","SLV","USD","XsxAd6okt8y1RRK6gNg7iJaqiWNiq5Md5EDf3ZrF2dm","https://xstocks-metadata.backed.fi/logos/tokens/SLVx.png","TwentyFourFive",false,6
"STRKx","Strategy PP Fixed xStock","STRK","USD","XsaQGz41BEQkS9xAB44uvUtuXcdLJAXEU1dogEzWMZ8","https://xstocks-metadata.backed.fi/logos/tokens/STRKx.png","TwentyFourFive",false,0
"STRCx","Strategy PP Variable xStock","STRC","USD","Xs78JED6PFZxWc2wCEPspZW9kL3Se5J7L5TChKgsidH","https://xstocks-metadata.backed.fi/logos/tokens/STRCx.png","TwentyFourFive",false,448074
"VTx","Vanguard Total World xStock","VT","USD","XsEdDDTcVGJU6nvdRdVnj53eKTrsCkvtrVfXGmUK68V","https://xstocks-metadata.backed.fi/logos/tokens/VTx.png","TwentyFourFive",false,164
"SCHFx","Schwab International Equity xStock","SCHF","USD","XsWAnFM77x6YvpdaZoos79R12o4Yj4r7EVkaTWddzhU","https://xstocks-metadata.backed.fi/logos/tokens/SCHFx.png","TwentyFourFive",false,24
"IEMGx","Core MSCI Emerging Markets xStock","IEMG","USD","XsFnZawJdLdXfBSEt5Vw29K5vdBiHotdPLjUPafpfHs","https://xstocks-metadata.backed.fi/logos/tokens/IEMGx.png","TwentyFourFive",false,0
"IJRx","S&P Small Cap xStock","IJR","USD","XsyZcb97BzETAqi9BoP2C9D196MiMNBisGMVNje2Thz","https://xstocks-metadata.backed.fi/logos/tokens/IJRx.png","TwentyFourFive",false,136
"IWMx","Russell 2000 xStock","IWM","USD","XsbELVbLGBkn7xfMfyYuUipKGt1iRUc2B7pYRvFTFu3","https://xstocks-metadata.backed.fi/logos/tokens/IWMx.png","TwentyFourFive",false,151
"TMUSx","T-Mobile xStock","TMUS","USD","XswCi2U1G6Ppbw1QhG45yKb8UKuR1FKLJrquv2FZSD4","https://xstocks-metadata.backed.fi/logos/tokens/TMUSx.png","TwentyFourFive",false,0
"BTBTx","Bit Digital xStock","BTBT","USD","XsPLBFy59Q3hY59KLAJur8QyvziMF4xUxGTxXqXE7cT","https://xstocks-metadata.backed.fi/logos/tokens/BTBTx.png","TwentyFourFive",false,0
"HUTx","Hut 8 xStock","HUT","USD","XsG5QyZTQnVSpsXRpD92K5ZGoxXjsmfTyx7fW7r18DV","https://xstocks-metadata.backed.fi/logos/tokens/HUTx.png","TwentyFourFive",false,0
"CORZx","Core Scientific xStock","CORZ","USD","XsBGEXxbBcuu8Nrokj14G8v4ezT3JYWWLneTzXK8t6Z","https://xstocks-metadata.backed.fi/logos/tokens/CORZx.png","TwentyFourFive",false,0
"RKLBx","Rocket Lab xStock","RKLB","USD","XsKSh3QDynp6oms9yHjZXbZo3pKzUBoqUFKPHS2g9Bh","https://xstocks-metadata.backed.fi/logos/tokens/RKLBx.png","TwentyFourFive",false,0
"PLx","Planet Labs xStock","PL","USD","XsMJtFbb8BwzQtck3oRXyAfs7SAPRuTXnSEDNd7BAVz","https://xstocks-metadata.backed.fi/logos/tokens/PLx.png","TwentyFourFive",false,0
"SPCEx","Virgin Galactic xStock","SPCE","USD","Xsgrm4D6VBTfDx5bs7GNdjtmWDgZ8V79r3YpsYwf5py","https://xstocks-metadata.backed.fi/logos/tokens/SPCEx.png","TwentyFourFive",false,0
"WBDx","Warner Bros. Discovery xStock","WBD","USD","XsZUSqxAXKJkEimvD4CoVvEb4WUC92TFgj5zRtBxFeL","https://xstocks-metadata.backed.fi/logos/tokens/WBDx.png","TwentyFourFive",false,0
"MUx","Micron Technology xStock","MU","USD","XsQLZycSZ7QnBBdBXQaTbQdiUcbRqjNJgyBGAMzhHav","https://xstocks-metadata.backed.fi/logos/tokens/MUx.png","TwentyFourFive",false,930
"RBLXx","Roblox xStock","RBLX","USD","Xss5RAku5EH6UViFdvW7ss9xQjwQLsrs2opPMhb3k43","https://xstocks-metadata.backed.fi/logos/tokens/RBLXx.png","TwentyFourFive",false,1
"PANWx","Palo Alto Networks xStock","PANW","USD","XsQ6NfzzLH8nspjrB9X8R2K64Zz7Tnxqu12juDiMPMW","https://xstocks-metadata.backed.fi/logos/tokens/PANWx.png","TwentyFourFive",false,0
"LULUx","lululemon xStock","LULU","USD","XsDmtC5EpfzJoCzDN2SJP98xpCsSR2CqdZauJSvHNXT","https://xstocks-metadata.backed.fi/logos/tokens/LULUx.png","TwentyFourFive",false,0
"ASMLx","ASML xStock","ASML","USD","XshuHQ6o6SVpUNawvnnTMxsZ4tacZsNgVCLorv7TkFq","https://xstocks-metadata.backed.fi/logos/tokens/ASMLx.png","TwentyFourFive",false,111
"AMDx","AMD xStock","AMD","USD","XsXcJ6GZ9kVnjqGsjBnktRcuwMBmvKWh8S93RefZ1rF","https://xstocks-metadata.backed.fi/logos/tokens/AMDx.png","TwentyFourFive",false,16437
"TSMx","TSMC xStock","TSM","USD","XsafvsGtzFqqHgTnA3aPC83EAMkacU5mcGtcSayhpVV","https://xstocks-metadata.backed.fi/logos/tokens/TSMx.png","TwentyFourFive",false,35617
"WENx","Wendy's xStock","WEN","USD","Xs4uNhvBDAcp2mz3g9XR5q3vzLgmF1ANWxJgWk2d5u3","https://xstocks-metadata.backed.fi/logos/tokens/WENx.png","TwentyFourFive",false,0
"ASTSx","AST SpaceMobile xStock","ASTS","USD","XsR4LAtaBgTKTRUhiijY1ba13nx4bepeEcag2Pr4dZ1","https://xstocks-metadata.backed.fi/logos/tokens/ASTSx.png","TwentyFourFive",false,120
"PYPLx","PayPal xStock","PYPL","USD","XshWQWYVp5ff8CrAEsGmLVKD47nBWi3Ygn5v8wXK27G","https://xstocks-metadata.backed.fi/logos/tokens/PYPLx.png","TwentyFourFive",false,0
"CLSKx","CleanSpark xStock","CLSK","USD","Xsn3H7ACEpSF2ULxeiD6kW4jRZXpurh8ZPttyfoS56W","https://xstocks-metadata.backed.fi/logos/tokens/CLSKx.png","TwentyFourFive",false,0
"SBETx","SharpLink Gaming xStock","SBET","USD","XsEoih2x6nZuUjFwzGoba6MFmtzCkzW2c4YAm6baQbq","https://xstocks-metadata.backed.fi/logos/tokens/SBETx.png","TwentyFourFive",false,52
"UBERx","Uber xStock","UBER","USD","XsAsZLF4MmsvS1sDxRMrUz7REjHfwbC9UAMXSRBqgEB","https://xstocks-metadata.backed.fi/logos/tokens/UBERx.png","TwentyFourFive",false,727
"ADBEx","Adobe xStock","ADBE","USD","XsDZMGEU8zadWFCkTtPBoPWYcUX3JHVmghnwf2Mve2q","https://xstocks-metadata.backed.fi/logos/tokens/ADBEx.png","TwentyFourFive",false,0
"WULFx","TeraWulf xStock","WULF","USD","XsuwUbQSzCJN2wZabD1Gxf1MER2Ypa7hMzVMYB2WawJ","https://xstocks-metadata.backed.fi/logos/tokens/WULFx.png","TwentyFourFive",false,0
"RIOTx","Riot Platforms xStock","RIOT","USD","Xs31mE5EiqjSHEaiX9QDKCN6NvSGCqpJ6f1FNq2wri5","https://xstocks-metadata.backed.fi/logos/tokens/RIOTx.png","TwentyFourFive",false,39
"MARAx","MARA xStock","MARA","USD","XsguBZPkM9BDmxspmWe29EmrYZBv21ENcC27Pqh7grB","https://xstocks-metadata.backed.fi/logos/tokens/MARAx.png","TwentyFourFive",false,0
"OKLOx","Oklo xStock","OKLO","USD","XsJb1p4Ks6VFggq68JyMz7S3kdRfkqh4wA6EMyxi4DD","https://xstocks-metadata.backed.fi/logos/tokens/OKLOx.png","TwentyFourFive",false,0
"GLXYx","Galaxy Digital xStock","GLXY","USD","Xs3c2aZenyRQwXjki5MDxJEJ2km27ef2rWQMFWx7QKJ","https://xstocks-metadata.backed.fi/logos/tokens/GLXYx.png","TwentyFourFive",false,0
"TRONx","Tron xStock","TRON","USD","XsRrH4fDA27xfyDjpcwefvcBdHCXs34krUuaXGEXzqz","https://xstocks-metadata.backed.fi/logos/tokens/TRONx.png","TwentyFourFive",false,0
"TONXx","TON xStock","TONX","USD","XscE4GUcsYhcyZu5ATiGUMmhxYa1D5fwbpJw4K6K4dp","https://xstocks-metadata.backed.fi/logos/tokens/TONXx.png","TwentyFourFive",false,0
"BMNRx","Bitmine xStock","BMNR","USD","XsrBCwaH8c46xiqXBChzobgufRKxQxAWUWbndgBNzFn","https://xstocks-metadata.backed.fi/logos/tokens/BMNRx.png","TwentyFourFive",false,2127
"MSTRx","MicroStrategy xStock","MSTR","USD","XsP7xzNPvEHS1m6qfanPUGjNmdnmsLKEoNAnHjdxxyZ","https://xstocks-metadata.backed.fi/logos/tokens/MSTRx.png","TwentyFourFive",false,1272663
"TBLLx","TBLL xStock","TBLL","USD","XsqBC5tcVQLYt8wqGCHRnAUUecbRYXoJCReD6w7QEKp","https://xstocks-metadata.backed.fi/logos/tokens/TBLLx.png","MarketHours",false,2
"OPENx","OPEN xStock","OPEN","USD","XsGtpmjhmC8kyjVSWL4VicGu36ceq9u55PTgF8bhGv6","https://xstocks-metadata.backed.fi/logos/tokens/OPENx.png","TwentyFourFive",false,0
"DFDVx","DFDV xStock","DFDV","USD","Xs2yquAgsHByNzx68WJC55WHjHBvG9JsMB7CWjTLyPy","https://xstocks-metadata.backed.fi/logos/tokens/DFDVx.png","TwentyFourFive",false,55268
"CRCLx","Circle xStock","CRCL","USD","XsueG8BtpquVJX9LVLLEGuViXUungE6WmK5YZ3p3bd1","https://xstocks-metadata.backed.fi/logos/tokens/CRCLx.png","TwentyFourFive",false,2039869
"AMBRx","Amber xStock","AMBR","USD","XsaQTCgebC2KPbf27KUhdv5JFvHhQ4GDAPURwrEhAzb","https://xstocks-metadata.backed.fi/logos/tokens/AMBRx.png","TwentyFourFive",false,910
"TQQQx","TQQQ xStock","TQQQ","USD","XsjQP3iMAaQ3kQScQKthQpx9ALRbjKAjQtHg6TFomoc","https://xstocks-metadata.backed.fi/logos/tokens/TQQQx.png","TwentyFourFive",false,53292
"GLDx","Gold xStock","GLD","USD","Xsv9hRk1z5ystj9MhnA7Lq4vjSsLwzL2nxrwmwtD3re","https://xstocks-metadata.backed.fi/logos/tokens/GLDx.png","TwentyFourFive",false,769990
"VTIx","Vanguard xStock","VTI","USD","XsssYEQjzxBCFgvYFFNuhJFBeHNdLWYeUSP8F45cDr9","https://xstocks-metadata.backed.fi/logos/tokens/VTIx.png","TwentyFourFive",false,978
"QQQx","Nasdaq xStock","QQQ","USD","Xs8S1uUs1zvS2p7iwtsG3b6fkhpvmwz4GYU3gWAmWHZ","https://xstocks-metadata.backed.fi/logos/tokens/QQQx.png","TwentyFourFive",false,2153666
"SPYx","SP500 xStock","SPY","USD","XsoCS1TfEyfFhfvj8EtZ528L3CaKBDBRqRapnBbDF2W","https://xstocks-metadata.backed.fi/logos/tokens/SPYx.png","TwentyFourFive",false,4801392
"COINx","Coinbase xStock","COIN","USD","Xs7ZdzSHLU9ftNJsii5fCeJhoRWSC32SQGzGQtePxNu","https://xstocks-metadata.backed.fi/logos/tokens/COINx.png","TwentyFourFive",false,963377
"GMEx","Gamestop xStock","GME","USD","Xsf9mBktVB9BSU5kf4nHxPq5hCBJ2j2ui3ecFGxPRGc","https://xstocks-metadata.backed.fi/logos/tokens/GMEx.png","TwentyFourFive",false,651293
"GSx","Goldman Sachs xStock","GS","USD","XsgaUyp4jd1fNBCxgtTKkW64xnnhQcvgaxzsbAq5ZD1","https://xstocks-metadata.backed.fi/logos/tokens/GSx.png","TwentyFourFive",false,174
"CRWDx","CrowdStrike xStock","CRWD","USD","Xs7xXqkcK7K8urEqGg52SECi79dRp2cEKKuYjUePYDw","https://xstocks-metadata.backed.fi/logos/tokens/CRWDx.png","TwentyFourFive",false,48
"HOODx","Robinhood xStock","HOOD","USD","XsvNBAYkrDRNhA7wPHQfX3ZUXZyZLdnCQDfHZ56bzpg","https://xstocks-metadata.backed.fi/logos/tokens/HOODx.png","TwentyFourFive",false,828376
"MRVLx","Marvell xStock","MRVL","USD","XsuxRGDzbLjnJ72v74b7p9VY6N66uYgTCyfwwRjVCJA","https://xstocks-metadata.backed.fi/logos/tokens/MRVLx.png","TwentyFourFive",false,1514
"APPx","AppLovin xStock","APP","USD","XsPdAVBi8Zc1xvv53k4JcMrQaEDTgkGqKYeh7AYgPHV","https://xstocks-metadata.backed.fi/logos/tokens/APPx.png","TwentyFourFive",false,34
"PLTRx","Palantir xStock","PLTR","USD","XsoBhf2ufR8fTyNSjqfU71DYGaE6Z3SUGAidpzriAA4","https://xstocks-metadata.backed.fi/logos/tokens/PLTRx.png","TwentyFourFive",false,258557
"ACNx","Accenture xStock","ACN","USD","Xs5UJzmCRQ8DWZjskExdSQDnbE6iLkRu2jjrRAB1JSU","https://xstocks-metadata.backed.fi/logos/tokens/ACNx.png","TwentyFourFive",false,136
"INTCx","Intel xStock","INTC","USD","XshPgPdXFRWB8tP1j82rebb2Q9rPgGX37RuqzohmArM","https://xstocks-metadata.backed.fi/logos/tokens/INTCx.png","TwentyFourFive",false,68805
"PMx","Philip Morris xStock","PM","USD","Xsba6tUnSjDae2VcopDB6FGGDaxRrewFCDa5hKn5vT3","https://xstocks-metadata.backed.fi/logos/tokens/PMx.png","TwentyFourFive",false,129
"HONx","Honeywell xStock","HON","USD","XsRbLZthfABAPAfumWNEJhPyiKDW6TvDVeAeW7oKqA2","https://xstocks-metadata.backed.fi/logos/tokens/HONx.png","TwentyFourFive",false,205
"MDTx","Medtronic xStock","MDT","USD","XsDgw22qRLTv5Uwuzn6T63cW69exG41T6gwQhEK22u2","https://xstocks-metadata.backed.fi/logos/tokens/MDTx.png","TwentyFourFive",false,0
"CMCSAx","Comcast xStock","CMCSA","USD","XsvKCaNsxg2GN8jjUmq71qukMJr7Q1c5R2Mk9P8kcS8","https://xstocks-metadata.backed.fi/logos/tokens/CMCSAx.png","TwentyFourFive",false,2579
"IBMx","International Business Machines xStock","IBM","USD","XspwhyYPdWVM8XBHZnpS9hgyag9MKjLRyE3tVfmCbSr","https://xstocks-metadata.backed.fi/logos/tokens/IBMx.png","TwentyFourFive",false,1916
"DHRx","Danaher xStock","DHR","USD","Xseo8tgCZfkHxWS9xbFYeKFyMSbWEvZGFV1Gh53GtCV","https://xstocks-metadata.backed.fi/logos/tokens/DHRx.png","TwentyFourFive",false,0
"MCDx","McDonald's xStock","MCD","USD","XsqE9cRRpzxcGKDXj1BJ7Xmg4GRhZoyY1KpmGSxAWT2","https://xstocks-metadata.backed.fi/logos/tokens/MCDx.png","TwentyFourFive",false,316810
"NFLXx","Netflix xStock","NFLX","USD","XsEH7wWfJJu2ZT3UCFeVfALnVA6CP5ur7Ee11KmzVpL","https://xstocks-metadata.backed.fi/logos/tokens/NFLXx.png","TwentyFourFive",false,4662
"ABTx","Abbott xStock","ABT","USD","XsHtf5RpxsQ7jeJ9ivNewouZKJHbPxhPoEy6yYvULr7","https://xstocks-metadata.backed.fi/logos/tokens/ABTx.png","TwentyFourFive",false,377
"BACx","Bank of America xStock","BAC","USD","XswsQk4duEQmCbGzfqUUWYmi7pV7xpJ9eEmLHXCaEQP","https://xstocks-metadata.backed.fi/logos/tokens/BACx.png","TwentyFourFive",false,809
"TMOx","Thermo Fisher xStock","TMO","USD","Xs8drBWy3Sd5QY3aifG9kt9KFs2K3PGZmx7jWrsrk57","https://xstocks-metadata.backed.fi/logos/tokens/TMOx.png","TwentyFourFive",false,51
"AZNx","AstraZeneca xStock","AZN","USD","Xs3ZFkPYT2BN7qBMqf1j1bfTeTm1rFzEFSsQ1z3wAKU","https://xstocks-metadata.backed.fi/logos/tokens/AZNx.png","TwentyFourFive",false,1031
"CRMx","Salesforce xStock","CRM","USD","XsczbcQ3zfcgAEt9qHQES8pxKAVG5rujPSHQEXi4kaN","https://xstocks-metadata.backed.fi/logos/tokens/CRMx.png","TwentyFourFive",false,121
"LINx","Linde xStock","LIN","USD","XsSr8anD1hkvNMu8XQiVcmiaTP7XGvYu7Q58LdmtE8Z","https://xstocks-metadata.backed.fi/logos/tokens/LINx.png","TwentyFourFive",false,891
"ORCLx","Oracle xStock","ORCL","USD","XsjFwUPiLofddX5cWFHW35GCbXcSu1BCUGfxoQAQjeL","https://xstocks-metadata.backed.fi/logos/tokens/ORCLx.png","TwentyFourFive",false,5601
"NVOx","Novo Nordisk xStock","NVO","USD","XsfAzPzYrYjd4Dpa9BU3cusBsvWfVB9gBcyGC87S57n","https://xstocks-metadata.backed.fi/logos/tokens/NVOx.png","TwentyFourFive",false,1665
"CSCOx","Cisco xStock","CSCO","USD","Xsr3pdLQyXvDJBFgpR5nexCEZwXvigb8wbPYp4YoNFf","https://xstocks-metadata.backed.fi/logos/tokens/CSCOx.png","TwentyFourFive",false,319
"WMTx","Walmart xStock","WMT","USD","Xs151QeqTCiuKtinzfRATnUESM2xTU6V9Wy8Vy538ci","https://xstocks-metadata.backed.fi/logos/tokens/WMTx.png","TwentyFourFive",false,4208
"KOx","Coca-Cola xStock","KO","USD","XsaBXg8dU5cPM6ehmVctMkVqoiRG2ZjMo1cyBJ3AykQ","https://xstocks-metadata.backed.fi/logos/tokens/KOx.png","TwentyFourFive",false,111403
"PEPx","PepsiCo xStock","PEP","USD","Xsv99frTRUeornyvCfvhnDesQDWuvns1M852Pez91vF","https://xstocks-metadata.backed.fi/logos/tokens/PEPx.png","TwentyFourFive",false,54
"ABBVx","AbbVie xStock","ABBV","USD","XswbinNKyPmzTa5CskMbCPvMW6G5CMnZXZEeQSSQoie","https://xstocks-metadata.backed.fi/logos/tokens/ABBVx.png","TwentyFourFive",false,2
"MRKx","Merck xStock","MRK","USD","XsnQnU7AdbRZYe2akqqpibDdXjkieGFfSkbkjX1Sd1X","https://xstocks-metadata.backed.fi/logos/tokens/MRKx.png","TwentyFourFive",false,124
"PFEx","Pfizer xStock","PFE","USD","XsAtbqkAP1HJxy7hFDeq7ok6yM43DQ9mQ1Rh861X8rw","https://xstocks-metadata.backed.fi/logos/tokens/PFEx.png","TwentyFourFive",false,4
"CVXx","Chevron xStock","CVX","USD","XsNNMt7WTNA2sV3jrb1NNfNgapxRF5i4i6GcnTRRHts","https://xstocks-metadata.backed.fi/logos/tokens/CVXx.png","TwentyFourFive",false,2838
"HDx","Home Depot xStock","HD","USD","XszjVtyhowGjSC5odCqBpW1CtXXwXjYokymrk7fGKD3","https://xstocks-metadata.backed.fi/logos/tokens/HDx.png","TwentyFourFive",false,0
"PGx","Procter & Gamble xStock","PG","USD","XsYdjDjNUygZ7yGKfQaB6TxLh2gC6RRjzLtLAGJrhzV","https://xstocks-metadata.backed.fi/logos/tokens/PGx.png","TwentyFourFive",false,1267
"MAx","Mastercard xStock","MA","USD","XsApJFV9MAktqnAc6jqzsHVujxkGm9xcSUffaBoYLKC","https://xstocks-metadata.backed.fi/logos/tokens/MAx.png","TwentyFourFive",false,241
"LLYx","Eli Lilly xStock","LLY","USD","Xsnuv4omNoHozR6EEW5mXkw8Nrny5rB3jVfLqi6gKMH","https://xstocks-metadata.backed.fi/logos/tokens/LLYx.png","TwentyFourFive",false,4750
"Vx","Visa xStock","V","USD","XsqgsbXwWogGJsNcVZ3TyVouy2MbTkfCFhCGGGcQZ2p","https://xstocks-metadata.backed.fi/logos/tokens/Vx.png","TwentyFourFive",false,285
"JPMx","JPMorgan Chase xStock","JPM","USD","XsMAqkcKsUewDrzVkait4e5u4y8REgtyS7jWgCpLV2C","https://xstocks-metadata.backed.fi/logos/tokens/JPMx.png","TwentyFourFive",true,921
"JNJx","Johnson & Johnson xStock","JNJ","USD","XsGVi5eo1Dh2zUpic4qACcjuWGjNv8GCt3dm5XcX6Dn","https://xstocks-metadata.backed.fi/logos/tokens/JNJx.png","TwentyFourFive",false,23
"XOMx","Exxon Mobil xStock","XOM","USD","XsaHND8sHyfMfsWPj6kSdd5VwvCayZvjYgKmmcNL5qh","https://xstocks-metadata.backed.fi/logos/tokens/XOMx.png","TwentyFourFive",false,10366
"UNHx","UnitedHealth xStock","UNH","USD","XszvaiXGPwvk2nwb3o9C1CX4K6zH8sez11E6uyup6fe","https://xstocks-metadata.backed.fi/logos/tokens/UNHx.png","TwentyFourFive",false,6764
"BRK.Bx","Berkshire Hathaway xStock","BRK.B","USD","Xs6B6zawENwAbWVi7w92rjazLuAr5Az59qgWKcNb45x","https://xstocks-metadata.backed.fi/logos/tokens/BRK.Bx.png","TwentyFourFive",false,66659
"TSLAx","Tesla xStock","TSLA","USD","XsDoVfqeBukxuZHWhdvWHBhgEHjGNst4MLodqsJHzoB","https://xstocks-metadata.backed.fi/logos/tokens/TSLAx.png","TwentyFourFive",false,1604120
"AVGOx","Broadcom xStock","AVGO","USD","XsgSaSvNSqLTtFuyWPBhK9196Xb9Bbdyjj4fH3cPJGo","https://xstocks-metadata.backed.fi/logos/tokens/AVGOx.png","TwentyFourFive",false,60093
"GOOGLx","Alphabet xStock","GOOGL","USD","XsCPL9dNWBMvFtTmwcCA5v3xWPSMEBCszbQdiLLq6aN","https://xstocks-metadata.backed.fi/logos/tokens/GOOGLx.png","TwentyFourFive",false,801882
"METAx","Meta xStock","META","USD","Xsa62P5mvPszXL1krVUnU5ar38bBSVcWAB6fmPCo5Zu","https://xstocks-metadata.backed.fi/logos/tokens/METAx.png","TwentyFourFive",false,841457
"AMZNx","Amazon.com xStock","AMZN","USD","Xs3eBt7uRfJX8QUs4suhyU8p2M6DoUDrJyWBa8LLZsg","https://xstocks-metadata.backed.fi/logos/tokens/AMZNx.png","TwentyFourFive",false,255518
"MSFTx","Microsoft xStock","MSFT","USD","XspzcW1PRtgf6Wj92HCiZdjzKCyFekVD8P5Ueh3dRMX","https://xstocks-metadata.backed.fi/logos/tokens/MSFTx.png","TwentyFourFive",false,871364
"NVDAx","NVIDIA xStock","NVDA","USD","Xsc9qvGR1efVDFGLrVsmkzv3qi45LTBjeUKSPmx9qEh","https://xstocks-metadata.backed.fi/logos/tokens/NVDAx.png","TwentyFourFive",false,4874933
"AAPLx","Apple xStock","AAPL","USD","XsbEhLAtcf6HdfpFZ5xEMdqW8nfAvcsP5bdudRLJzJp","https://xstocks-metadata.backed.fi/logos/tokens/AAPLx.png","TwentyFourFive",false,585102
"FORMx","FormFactor xStock","FORM","USD","XsweEBLf9yJz58So3Z1WsJAzYFsbTQSdE4FeW7nQBH2","https://xstocks-metadata.backed.fi/logos/tokens/FORMx.png","TwentyFourFive",false,0
"TPGx","TPG xStock","TPG","USD","XsFV5inndQLJnS5EMmjVMh7bJsqJgTYHY2pJGBC9ceo","https://xstocks-metadata.backed.fi/logos/tokens/TPGx.png","TwentyFourFive",false,0
"VICRx","Vicor xStock","VICR","USD","XsrdBxdbyFTuZzQLs6isMzWAFiLVHdAzBA3mx5zVoyN","https://xstocks-metadata.backed.fi/logos/tokens/VICRx.png","TwentyFourFive",false,0
"CUBEx","CubeSmart xStock","CUBE","USD","XsdRFrSZWbS5bsUrcgDpHCfj5qVx5SbRXTx2iwB1b3h","https://xstocks-metadata.backed.fi/logos/tokens/CUBEx.png","TwentyFourFive",false,0
"BRKRx","Bruker xStock","BRKR","USD","XsUn9LE75xoGx3TzJpuhDMnAUpEFDyxXSwCyQdXK6uq","https://xstocks-metadata.backed.fi/logos/tokens/BRKRx.png","TwentyFourFive",false,0
"BIOx","Bio-Rad Laboratories xStock","BIO","USD","Xs9u6B8BVbLs4fEs5NWw5cAiGSTyUtxKgBf93hG5FZz","https://xstocks-metadata.backed.fi/logos/tokens/BIOx.png","TwentyFourFive",false,0
"NEUx","NewMarket xStock","NEU","USD","XsFqDtALd4rKggk9VWzyGdRd2EYg7ZWtumw8wrhpTXe","https://xstocks-metadata.backed.fi/logos/tokens/NEUx.png","TwentyFourFive",false,0
"AMGx","Affiliated Managers xStock","AMG","USD","Xsr15NngsustwnX5HQM328UAJkJbyBgEzT497Dh1tjz","https://xstocks-metadata.backed.fi/logos/tokens/AMGx.png","TwentyFourFive",false,0
"BAHx","Booz Allen Hamilton xStock","BAH","USD","XstjwNncMAuuXPK839aSHajhf86mvoivQ7Gq6k49ZWu","https://xstocks-metadata.backed.fi/logos/tokens/BAHx.png","TwentyFourFive",false,0
"CELHx","Celsius xStock","CELH","USD","Xs6jmX6ggZVqEjdPy2eEi6pE27qrtrBMSni91KiXyk3","https://xstocks-metadata.backed.fi/logos/tokens/CELHx.png","TwentyFourFive",false,0
"AREx","Alexandria Real Estate Equities xStock","ARE","USD","XsZiynuHS7pnCUYa2SfixhkML8KFanh2PYAT25arr7W","https://xstocks-metadata.backed.fi/logos/tokens/AREx.png","TwentyFourFive",false,0
"MTCHx","Match xStock","MTCH","USD","XsBkc7DDv6LLhNWMtCQ54ETfC2BEGJR6vFc4koZskkz","https://xstocks-metadata.backed.fi/logos/tokens/MTCHx.png","TwentyFourFive",false,0
"CGNXx","Cognex xStock","CGNX","USD","Xsf68mBJ5DKypfp2eBy2R2PTusXrQR9b5vfa2SRn896","https://xstocks-metadata.backed.fi/logos/tokens/CGNXx.png","TwentyFourFive",false,0
"OGEx","OGE Energy xStock","OGE","USD","Xsx5V7oTpqhV4umRHUmaS8PmBXsM4QtEzRchDXbs4mv","https://xstocks-metadata.backed.fi/logos/tokens/OGEx.png","TwentyFourFive",false,0
"TTCx","The Toro xStock","TTC","USD","XsMH6kZHMnxM8UGvHzwyqwhAfARRFecitV81gyd7sDR","https://xstocks-metadata.backed.fi/logos/tokens/TTCx.png","TwentyFourFive",false,0
"LINEx","Lineage xStock","LINE","USD","XsCJ4T6wJMKaUBqQhxzB7QxGT96AQo7ukQfFLDRBQHQ","https://xstocks-metadata.backed.fi/logos/tokens/LINEx.png","TwentyFourFive",false,0
"MSGSx","Madison Square Garden Sports xStock","MSGS","USD","XsTBgHm23t7FUnpFqupiQ28hvVgioZnnXXJY8uLG49u","https://xstocks-metadata.backed.fi/logos/tokens/MSGSx.png","TwentyFourFive",false,0
"AVTRx","Avantor xStock","AVTR","USD","Xs5DtgsS6w7Ya6ESzKBoSC6EW9fEvtuensctD2w795p","https://xstocks-metadata.backed.fi/logos/tokens/AVTRx.png","TwentyFourFive",false,0
"MHKx","Mohawk Industries xStock","MHK","USD","Xs23qgF56tQ5Yjym3WS8wLkkoNVaeo9cPdYTn2GnAwH","https://xstocks-metadata.backed.fi/logos/tokens/MHKx.png","TwentyFourFive",false,0
"TTEKx","Tetra Tech xStock","TTEK","USD","XsTfmEKfTedkMBNHacwmSutBG6dU8xGf5ycZemMNVf9","https://xstocks-metadata.backed.fi/logos/tokens/TTEKx.png","TwentyFourFive",false,0
"VIAVx","Viavi Solutions xStock","VIAV","USD","Xsy8kJEvQN3B29UhEo1LXQdYCTo7egp5cayp1cnBWmf","https://xstocks-metadata.backed.fi/logos/tokens/VIAVx.png","TwentyFourFive",false,0
"RRCx","Range Resources xStock","RRC","USD","XsPU3oqujCZ2GFGkCyVMVMAsG215VQgSyh3hGHXv7FY","https://xstocks-metadata.backed.fi/logos/tokens/RRCx.png","TwentyFourFive",false,0
"Rx","Ryder System xStock","R","USD","XspMG9qksW5u9NQX2tkoGhQ1N5vBArvbTWHdP8KPwP7","https://xstocks-metadata.backed.fi/logos/tokens/Rx.png","TwentyFourFive",false,0
"DDSx","Dillard's xStock","DDS","USD","XsUqoLRQuF1kmMpXbyWmTqC5jQ8uuQLoqLCzw3qUSxr","https://xstocks-metadata.backed.fi/logos/tokens/DDSx.png","TwentyFourFive",false,0
"VMIx","Valmont Industries xStock","VMI","USD","XsqLi5srcYHqduXPGpxp59kUYW56qYiwpLTMWp3qDiQ","https://xstocks-metadata.backed.fi/logos/tokens/VMIx.png","TwentyFourFive",false,0
"RMBSx","Rambus xStock","RMBS","USD","Xs3VjsfwrH9mnKLo1z3TJqwtPjAEsHYBNsuzuZj76i5","https://xstocks-metadata.backed.fi/logos/tokens/RMBSx.png","TwentyFourFive",false,0
"CHWYx","Chewy xStock","CHWY","USD","XsQPrqFMbPDp3fa36oU9PT61DiQPJaGwEmox3CsXTqB","https://xstocks-metadata.backed.fi/logos/tokens/CHWYx.png","TwentyFourFive",false,0
"WLKx","Westlake xStock","WLK","USD","XsCxYs2GRRooPAQW45bwpz1eKoeC98WGjM1cbVA7LZv","https://xstocks-metadata.backed.fi/logos/tokens/WLKx.png","TwentyFourFive",false,0
"ORIx","Old Republic International xStock","ORI","USD","Xsmvwpih3UPQPMvhXSgWbSjwk6uGg49W8oc8ccX3MKu","https://xstocks-metadata.backed.fi/logos/tokens/ORIx.png","TwentyFourFive",false,0
"OSKx","Oshkosh xStock","OSK","USD","XsWctcpuR2Eq1sSMLdFSeUEpb88dGw48VQwHrqbgYDE","https://xstocks-metadata.backed.fi/logos/tokens/OSKx.png","TwentyFourFive",false,0
"SIRIx","Sirius XM xStock","SIRI","USD","Xs7AiyofP8HwH83zegyMBDMrkFFFM3nfAjF2Ge1rZMu","https://xstocks-metadata.backed.fi/logos/tokens/SIRIx.png","TwentyFourFive",false,0
"PODDx","Insulet xStock","PODD","USD","XshQUKnnPmz7DS8kUR6uXTZVYoa85GFVDAksXLzB9ud","https://xstocks-metadata.backed.fi/logos/tokens/PODDx.png","TwentyFourFive",false,0
"PAYCx","Paycom Software xStock","PAYC","USD","XsnHPnzymnDc3D7DWYD84cPt8cVSSAJ4XNoLc9kfJET","https://xstocks-metadata.backed.fi/logos/tokens/PAYCx.png","TwentyFourFive",false,0
"FLSx","Flowserve xStock","FLS","USD","Xs9L3oiA7VxA6STG9RNhRFtDo6G1aubRHJNsDR8PBf7","https://xstocks-metadata.backed.fi/logos/tokens/FLSx.png","TwentyFourFive",false,0
"AYIx","Acuity xStock","AYI","USD","Xs9QXjNBvN1fahbG5yF2WAFTk56cfpijbG4i5CZTtHX","https://xstocks-metadata.backed.fi/logos/tokens/AYIx.png","TwentyFourFive",false,0
"FRTx","Federal Realty Investment Trust xStock","FRT","USD","XsC9pEmm4AiJgrtMKpvc7WGbaeEgXnSiC2csF8zWuYh","https://xstocks-metadata.backed.fi/logos/tokens/FRTx.png","TwentyFourFive",false,0
"HSICx","Henry Schein xStock","HSIC","USD","Xs6GaCP5pV3cBkCX1w1mZ8zLZ7khW8ZRkZN3x1esBD6","https://xstocks-metadata.backed.fi/logos/tokens/HSICx.png","TwentyFourFive",false,0
"SANMx","Sanmina xStock","SANM","USD","Xsk7NHyfTja9tK9bYfJxEtfPhVrvMiweB36rf9xK25F","https://xstocks-metadata.backed.fi/logos/tokens/SANMx.png","TwentyFourFive",false,0
"CFRx","Cullen/Frost Bankers xStock","CFR","USD","XshqzpQNhZoRBqp9Tj4EDLasQYouHyo5RdgDTC4Cbaj","https://xstocks-metadata.backed.fi/logos/tokens/CFRx.png","TwentyFourFive",false,0
"RGENx","Repligen xStock","RGEN","USD","XshcqEG5DHAg728FcfJVfmfYDaJ5CCnZDQipxoMYrAB","https://xstocks-metadata.backed.fi/logos/tokens/RGENx.png","TwentyFourFive",false,0
"WTFCx","Wintrust Financial xStock","WTFC","USD","Xs4X3RMBQ8GB8JQybVxsJvbJkvcH6B3tok95WNDMdfy","https://xstocks-metadata.backed.fi/logos/tokens/WTFCx.png","TwentyFourFive",false,0
"PCORx","Procore Technologies xStock","PCOR","USD","XssG7rUj3yZXHNntt3H4N777fVH7eDU1xEGXhaZhVgf","https://xstocks-metadata.backed.fi/logos/tokens/PCORx.png","TwentyFourFive",false,0
"WYNNx","Wynn Resorts xStock","WYNN","USD","XszWKJZXinLfmWfJv2LT1NtMW63RL9HAoMdXcbqxgqv","https://xstocks-metadata.backed.fi/logos/tokens/WYNNx.png","TwentyFourFive",false,0
"UHSx","Universal Health Services xStock","UHS","USD","XssEbaN7CVuJer4MUaM1wXF8Skfq3tttrWarfyNSpT8","https://xstocks-metadata.backed.fi/logos/tokens/UHSx.png","TwentyFourFive",false,0
"MUSAx","Murphy USA xStock","MUSA","USD","XsxetxdredFJuPSRtp8s7zy4gC94a7Z1FDdtUbNJYQa","https://xstocks-metadata.backed.fi/logos/tokens/MUSAx.png","TwentyFourFive",false,0
"SSBx","SouthState Bank xStock","SSB","USD","XsTTM11UJQyneyFFY4jcwxqp7PjqEZU33N3FPDemKuT","https://xstocks-metadata.backed.fi/logos/tokens/SSBx.png","TwentyFourFive",false,0
"LFUSx","Littelfuse xStock","LFUS","USD","Xs7k7y4xBEYZkHFCJfQvMiQBoVtqyujfumqUKhsTGTx","https://xstocks-metadata.backed.fi/logos/tokens/LFUSx.png","TwentyFourFive",false,0
"IONSx","Ionis Pharmaceuticals xStock","IONS","USD","XsudbKCJV12yMBrDUtfvTJ6HRjVKjThzi5383oyzD3s","https://xstocks-metadata.backed.fi/logos/tokens/IONSx.png","TwentyFourFive",false,0
"MODx","Modine Manufacturing xStock","MOD","USD","XsaiHwUCnDSFoBSZAuuQEWVnyjnzMAWdcbSBFYS2tkX","https://xstocks-metadata.backed.fi/logos/tokens/MODx.png","TwentyFourFive",false,0
"ENSGx","Ensign xStock","ENSG","USD","Xsw6qFK7h7pQVrw7jEpGms675Kc5iAhJnfP719iKora","https://xstocks-metadata.backed.fi/logos/tokens/ENSGx.png","TwentyFourFive",false,0
"SMMTx","Summit Therapeutics xStock","SMMT","USD","XsTHNHk6EWxKHz8dJA2fjJobc9HT16kn4bkFTR27Wfg","https://xstocks-metadata.backed.fi/logos/tokens/SMMTx.png","TwentyFourFive",false,0
"DARx","Darling Ingredients xStock","DAR","USD","XsFDH7DAPJ9q2KrU8itMbb4bWWSH5zm3Yu1aoWgjDH5","https://xstocks-metadata.backed.fi/logos/tokens/DARx.png","TwentyFourFive",false,0
"DRSx","Leonardo DRS xStock","DRS","USD","Xsf3NfLggzL9WXy4yaxJB3866ehq7y7sQxohwAkNiEu","https://xstocks-metadata.backed.fi/logos/tokens/DRSx.png","TwentyFourFive",false,0
"SCIx","Service Corp International xStock","SCI","USD","XsC3icNzi6x7cRA6hodAZQT5GAsxwGrTxWL5awu4gsn","https://xstocks-metadata.backed.fi/logos/tokens/SCIx.png","TwentyFourFive",false,0
"SAILx","SailPoint xStock","SAIL","USD","XscePZ4mjiXqyEVv9ZZPGbT6L86LqnYPEBE4ViKSt3T","https://xstocks-metadata.backed.fi/logos/tokens/SAILx.png","TwentyFourFive",false,0
"BSYx","Bentley Systems xStock","BSY","USD","XsMJnAApxALiWrwPBkAqm2FebHRmMLQVyjv9xVckzyk","https://xstocks-metadata.backed.fi/logos/tokens/BSYx.png","TwentyFourFive",false,0
"GSATx","Globalstar xStock","GSAT","USD","XsNB1EjXVMUXGEC5X55DBG1ekMajZZvt9yAKzNmFhk4","https://xstocks-metadata.backed.fi/logos/tokens/GSATx.png","TwentyFourFive",false,0
"MPx","MP Materials xStock","MP","USD","XsFARXCfXKCdu6BxV2WACBt3Dk88nxLujoqPzyyBib9","https://xstocks-metadata.backed.fi/logos/tokens/MPx.png","TwentyFourFive",false,0
"DVAx","DaVita xStock","DVA","USD","XsS3GWSysqkDJZYFSuMDFZ2ELSjQAWwMH28vxLThnb4","https://xstocks-metadata.backed.fi/logos/tokens/DVAx.png","TwentyFourFive",false,0
"DCIx","Donaldson xStock","DCI","USD","Xs1n717k7fpA1edvo1xndLzPGYnkF81MPFsW3CC8jiZ","https://xstocks-metadata.backed.fi/logos/tokens/DCIx.png","TwentyFourFive",false,0
"GDDYx","GoDaddy xStock","GDDY","USD","XsZLNUcjAVzNSbU5Z198ngop2mmoinZnw5ijBeMgWhW","https://xstocks-metadata.backed.fi/logos/tokens/GDDYx.png","TwentyFourFive",false,0
"RYANx","Ryan Specialty xStock","RYAN","USD","Xsgyj7QR8RoPrkCCS2ebXwiASE69q2EvK5B7ppeKgBt","https://xstocks-metadata.backed.fi/logos/tokens/RYANx.png","TwentyFourFive",false,0
"BXPx","BXP xStock","BXP","USD","Xsc3DUGC7diNKyYkKTagzj4R42EuM8KHBgFnLmXA12y","https://xstocks-metadata.backed.fi/logos/tokens/BXPx.png","TwentyFourFive",false,0
"DYx","Dycom Industries xStock","DY","USD","XsHsqDrvsU85aJXNNmPBkxU4STbELJUeTV7zT4cJQD5","https://xstocks-metadata.backed.fi/logos/tokens/DYx.png","TwentyFourFive",false,0
"FRHCx","Freedom xStock","FRHC","USD","XsCKGVtLBwZ4Z264jSPgPxzm3w6Sm3UkKv5WgHd3ike","https://xstocks-metadata.backed.fi/logos/tokens/FRHCx.png","TwentyFourFive",false,0
"WMSx","Advanced Drainage Systems xStock","WMS","USD","Xs6debZjNw2y4JX8ryFWUhZgXCSjfbWdWe9r72jNjU1","https://xstocks-metadata.backed.fi/logos/tokens/WMSx.png","TwentyFourFive",false,0
"AMx","Antero Midstream xStock","AM","USD","XsLLmMhRTib24GrQd3wfrgh3rBWF6NHeVx6hox2eZXH","https://xstocks-metadata.backed.fi/logos/tokens/AMx.png","TwentyFourFive",false,0
"FDSx","FactSet Research Systems xStock","FDS","USD","XsMQfkLnhK1ERGibdgGDHFaSHB8ETDtMiC5TtVZKMAv","https://xstocks-metadata.backed.fi/logos/tokens/FDSx.png","TwentyFourFive",false,0
"ALSNx","Allison Transmission xStock","ALSN","USD","XsZLnz25FKoaHSjhGDYtv2E7sgKwP3g5XeC7eSWLVnm","https://xstocks-metadata.backed.fi/logos/tokens/ALSNx.png","TwentyFourFive",false,0
"SMTCx","Semtech xStock","SMTC","USD","Xs9bdUnLdSWjQWeEsy8cde6t2L7d3adDRKcH8H51Uwr","https://xstocks-metadata.backed.fi/logos/tokens/SMTCx.png","TwentyFourFive",false,0
"SFx","Stifel Financial xStock","SF","USD","XsHfvLEUbto797whYCNiqoEGWSpWaRYoZWXJEBGgmsm","https://xstocks-metadata.backed.fi/logos/tokens/SFx.png","TwentyFourFive",false,0
"AXSMx","Axsome Therapeutics xStock","AXSM","USD","XsYa1w57EZDEiryphKCD8AJf33f4ewr2BHUW4RcjSuE","https://xstocks-metadata.backed.fi/logos/tokens/AXSMx.png","TwentyFourFive",false,0
"EGPx","EastGroup Properties xStock","EGP","USD","XsuAyd21vBFvAJfpzYQgmTi3A9Qwb6feHmNVsU6Z5vM","https://xstocks-metadata.backed.fi/logos/tokens/EGPx.png","TwentyFourFive",false,0
"BPOPx","Popular xStock","BPOP","USD","Xs75Z8HFGHFnTubABp1CZSLvzCPepWsYhtHYLAFYEa7","https://xstocks-metadata.backed.fi/logos/tokens/BPOPx.png","TwentyFourFive",false,0
"TTMIx","TTM Technologies xStock","TTMI","USD","Xs1PSc6DL1cdDPTbyJevgYYU7uA1wiJQESzrpWM7JRv","https://xstocks-metadata.backed.fi/logos/tokens/TTMIx.png","TwentyFourFive",false,0
"AEISx","Advanced Energy Industries xStock","AEIS","USD","XsiXtK4niZXG2MFkDmgRcZskNYoetURTV9XhgRf1ESL","https://xstocks-metadata.backed.fi/logos/tokens/AEISx.png","TwentyFourFive",false,0
"DPZx","Domino's Pizza xStock","DPZ","USD","Xs6z8AmfhiHTGmfdcX6hG7hho5P7xnbE21ChtJ94oVj","https://xstocks-metadata.backed.fi/logos/tokens/DPZx.png","TwentyFourFive",false,0
"KTOSx","Kratos Defense & Security Solutions xStock","KTOS","USD","XsssrKt95uWKWRbDdbCeMubD7iiD74NqiXeNL1p3Gaj","https://xstocks-metadata.backed.fi/logos/tokens/KTOSx.png","TwentyFourFive",false,0
"HRLx","Hormel Foods xStock","HRL","USD","XsQMbNzqcJURkmjzmh7DMfhjPf7Effu5QS3fpBLtazr","https://xstocks-metadata.backed.fi/logos/tokens/HRLx.png","TwentyFourFive",false,0
"PAGx","Penske Automotive xStock","PAG","USD","Xs7waUdcn1ZQDsuFmHRerWEEazRHoWWzWSa6aB7QjHG","https://xstocks-metadata.backed.fi/logos/tokens/PAGx.png","TwentyFourFive",false,0
"SEICx","SEI Investments xStock","SEIC","USD","XstGFYNtBmWaCk3MfbEeqMYYbUf2o3PTLJm7R7iYfGS","https://xstocks-metadata.backed.fi/logos/tokens/SEICx.png","TwentyFourFive",false,0
"HIIx","Huntington Ingalls Industries xStock","HII","USD","XsqxvS2n4fRh41imCC68Z6NmDHk2SPXkGXrekg9o9kd","https://xstocks-metadata.backed.fi/logos/tokens/HIIx.png","TwentyFourFive",false,0
"EHCx","Encompass Health xStock","EHC","USD","XsM3qqkARr8UMejnZUU3gBs7hz2fUdxDP35Dhxx9z94","https://xstocks-metadata.backed.fi/logos/tokens/EHCx.png","TwentyFourFive",false,0
"GFLx","GFL Environmental xStock","GFL","USD","Xs7pKrTAgPBaXjiZbGm8QQK36GRRX1Vsh7pTndjhxng","https://xstocks-metadata.backed.fi/logos/tokens/GFLx.png","TwentyFourFive",false,0
"ARx","Antero Resources xStock","AR","USD","Xscms1jQDud7fsxLTKibMVxSTSQz3JFeJ1HDshRkPwc","https://xstocks-metadata.backed.fi/logos/tokens/ARx.png","TwentyFourFive",false,0
"MGMx","MGM Resorts International xStock","MGM","USD","Xs2hW1n8cBJAKUtDxZjJtFZBaxqTwczJY6n6XY8eV4o","https://xstocks-metadata.backed.fi/logos/tokens/MGMx.png","TwentyFourFive",false,0
"DOCUx","Docusign xStock","DOCU","USD","XszH3SckdYS1Kbyj9wcmjttt9Lp8jMgU39rGL8b9Wcp","https://xstocks-metadata.backed.fi/logos/tokens/DOCUx.png","TwentyFourFive",false,0
"HALOx","Halozyme Therapeutics xStock","HALO","USD","XsLaYaQLQfc9Z2Qis9gh6zebLbEoG1MLCrxD2wAmBBY","https://xstocks-metadata.backed.fi/logos/tokens/HALOx.png","TwentyFourFive",false,0
"WTRGx","Essential Utilities xStock","WTRG","USD","XsR9n59W439iWymAe3x5qnjdnaRXQmbvPE2uC9efzjE","https://xstocks-metadata.backed.fi/logos/tokens/WTRGx.png","TwentyFourFive",false,0
"AFGx","American Financial xStock","AFG","USD","XsEv23PPmUAxWJ8VMyN84tyJzEnUg4Yg3636Mvyw4Pk","https://xstocks-metadata.backed.fi/logos/tokens/AFGx.png","TwentyFourFive",false,0
"HUBSx","HubSpot xStock","HUBS","USD","Xs8sK7KXi6tWULhBq4a8197Ydz4zDdLxtKjK6gBF59x","https://xstocks-metadata.backed.fi/logos/tokens/HUBSx.png","TwentyFourFive",false,0
"AMKRx","Amkor Technology xStock","AMKR","USD","Xsqbg1tmAvNT5332hhX4hMSznqf2NJ1tz2cNWmAkRD3","https://xstocks-metadata.backed.fi/logos/tokens/AMKRx.png","TwentyFourFive",false,0
"GMEDx","Globus Medical xStock","GMED","USD","XsMkiaVUP5GkFCSJJGcun75edh1FSsLkCtDC3piGK2j","https://xstocks-metadata.backed.fi/logos/tokens/GMEDx.png","TwentyFourFive",false,0
"JKHYx","Jack Henry & Associates xStock","JKHY","USD","XsQpEG5WPyZ5Pkno8mHrDXNfYNdeCUkgUEQcaHAQQ9g","https://xstocks-metadata.backed.fi/logos/tokens/JKHYx.png","TwentyFourFive",false,0
"IESCx","IES xStock","IESC","USD","XsepazYXhizTmBmiZWfGwFnyUUSepwzQkLRgQyBp2Zg","https://xstocks-metadata.backed.fi/logos/tokens/IESCx.png","TwentyFourFive",false,0
"OCx","Owens-Corning xStock","OC","USD","XseGSSi5kLz8eR539iXZ6tLz6r75UaHTQ6CHYkPjs9F","https://xstocks-metadata.backed.fi/logos/tokens/OCx.png","TwentyFourFive",false,0
"CRx","Crane xStock","CR","USD","XskkJXTNFU8cFstbYCAtxTa18tLkuRFe1AWHQhiBLy7","https://xstocks-metadata.backed.fi/logos/tokens/CRx.png","TwentyFourFive",false,0
"BMRNx","BioMarin Pharmaceutical xStock","BMRN","USD","XsF6swLUV7mDXkG39Ywmgouktp1PXaJ3oyGnCDvYs9G","https://xstocks-metadata.backed.fi/logos/tokens/BMRNx.png","TwentyFourFive",false,0
"JEFx","Jefferies Financial xStock","JEF","USD","XsWiS1zCUByB7TkvLQcxbHW4wLQ45vm1Uqg9tkk81ur","https://xstocks-metadata.backed.fi/logos/tokens/JEFx.png","TwentyFourFive",false,0
"AMHx","American Homes 4 Rent xStock","AMH","USD","XsFUCDYcyPbbYKFXaNUU661ZGip7mwjUEEk3W1YPCrK","https://xstocks-metadata.backed.fi/logos/tokens/AMHx.png","TwentyFourFive",false,0
"FIVEx","Five Below xStock","FIVE","USD","Xs7zvvE6QUtYmpMBrz4oWJexS7WSJPwJs7vQsvMCpaG","https://xstocks-metadata.backed.fi/logos/tokens/FIVEx.png","TwentyFourFive",false,0
"ITx","Gartner xStock","IT","USD","XsfNvqLMCuDnxbtV3BhTm7ckCra1NpCVmokKHpvF9j3","https://xstocks-metadata.backed.fi/logos/tokens/ITx.png","TwentyFourFive",false,0
"MDGLx","Madrigal Pharmaceuticals xStock","MDGL","USD","Xs6hbDwJ8wr1zoxLusdhY2Vxjfz5C2doLVgZdZGRqvz","https://xstocks-metadata.backed.fi/logos/tokens/MDGLx.png","TwentyFourFive",false,0
"VNOMx","Viper Energy xStock","VNOM","USD","XsW8ts3iGPo8pxif5eFMv1Rnx6xE5Yw57Zhz2xYdhYL","https://xstocks-metadata.backed.fi/logos/tokens/VNOMx.png","TwentyFourFive",false,0
"UHALx","U-Haul xStock","UHAL","USD","XssRPrQZPGjgViEH2wVDAvDnFkiL9aFEE3dZ6Egbry6","https://xstocks-metadata.backed.fi/logos/tokens/UHALx.png","TwentyFourFive",false,0
"AHRx","American Healthcare REIT xStock","AHR","USD","XsLEJJP8FpnaSP17ETzVfkTQFHBP4i4hRvmz3RKX7B8","https://xstocks-metadata.backed.fi/logos/tokens/AHRx.png","TwentyFourFive",false,0
"IVZx","Invesco xStock","IVZ","USD","XsM5qDSyGiTVyHoi2VixmaEacByd3UCUoWtNhEqsyoH","https://xstocks-metadata.backed.fi/logos/tokens/IVZx.png","TwentyFourFive",false,0
"CORTx","Corcept Therapeutics xStock","CORT","USD","Xs7YhGRdqb6nzTTPqViWue7TT3EXbmWwmD4XdrnW3Ux","https://xstocks-metadata.backed.fi/logos/tokens/CORTx.png","TwentyFourFive",false,0
"STRLx","Sterling Infrastructure xStock","STRL","USD","XsHLmetWDLLqs613YVRnkUsEZP4V1FSA3gTt33Dc66Y","https://xstocks-metadata.backed.fi/logos/tokens/STRLx.png","TwentyFourFive",false,0
"NWSAx","News xStock","NWSA","USD","XsGXehA4smaWwx8yKTgdY1PQvaUxNQyT9gEt1Ly2B5f","https://xstocks-metadata.backed.fi/logos/tokens/NWSAx.png","TwentyFourFive",false,0
"AURx","Aurora Innovation xStock","AUR","USD","Xs7x2HYEazWDXpYQYPBiRYh6o2AbkYrdrFwaBfBxyaU","https://xstocks-metadata.backed.fi/logos/tokens/AURx.png","TwentyFourFive",false,0
"Hx","Hyatt Hotels xStock","H","USD","Xs5d6SH8HCeyBRkXNfoLWVnqgBT6tz8HnBoyJES3Fi4","https://xstocks-metadata.backed.fi/logos/tokens/Hx.png","TwentyFourFive",false,0
"ARWRx","Arrowhead Pharmaceuticals xStock","ARWR","USD","Xszh2XpEww4ndD8CyFzD5DcmqXpw7HMkEdSU1Ngunbe","https://xstocks-metadata.backed.fi/logos/tokens/ARWRx.png","TwentyFourFive",false,0
"GWREx","Guidewire Software xStock","GWRE","USD","Xs6w8aJhwu1d5jKbmScXoitaDEE7HWhyujhkELeh4B5","https://xstocks-metadata.backed.fi/logos/tokens/GWREx.png","TwentyFourFive",false,0
"NWSx","News xStock","NWS","USD","XsbsXGj6Y3jVNh4MYH7khsonL14iYBUHukSReovZoQP","https://xstocks-metadata.backed.fi/logos/tokens/NWSx.png","TwentyFourFive",false,0
"MANHx","Manhattan Associates xStock","MANH","USD","XsvSL6VixgcGgaPDBuHEyTfmR798Q4tdg2sCtwvev4M","https://xstocks-metadata.backed.fi/logos/tokens/MANHx.png","TwentyFourFive",false,0
"CACIx","CACI International xStock","CACI","USD","Xs7wD8JEF2KoED55Re7W6GDoHwA5QPGJvLwQYHYw5wr","https://xstocks-metadata.backed.fi/logos/tokens/CACIx.png","TwentyFourFive",false,0
"BAXx","Baxter International xStock","BAX","USD","XsFo6dYyRQwVtxbfdGs3zwyyQ1QBkh8D4ANjWXN3zTo","https://xstocks-metadata.backed.fi/logos/tokens/BAXx.png","TwentyFourFive",false,0
"RVTYx","Revvity xStock","RVTY","USD","XsVbwfq869bWTKpW95shx8woTpzVSmsbCEE7xsMqWQ6","https://xstocks-metadata.backed.fi/logos/tokens/RVTYx.png","TwentyFourFive",false,0
"TXRHx","Texas Roadhouse xStock","TXRH","USD","XsWFY8Ems96uFPnZJ1NwXsqeH6bczLQDDvvvab14crQ","https://xstocks-metadata.backed.fi/logos/tokens/TXRHx.png","TwentyFourFive",false,0
"CNAx","CNA Financial xStock","CNA","USD","XsKfL6LbQaqnUfz3QZrBVwS3RqP34NKR3cmvbRu3doJ","https://xstocks-metadata.backed.fi/logos/tokens/CNAx.png","TwentyFourFive",false,0
"Wx","Wayfair xStock","W","USD","XsAdZrnayY88RC9cMEEaYnnKyBCALCwz6a4mmPTGUMT","https://xstocks-metadata.backed.fi/logos/tokens/Wx.png","TwentyFourFive",false,0
"FNx","Fabrinet xStock","FN","USD","XsJ6W21MaWMQCqhRLbLTD82427vcMVzxULkomGRg4gJ","https://xstocks-metadata.backed.fi/logos/tokens/FNx.png","TwentyFourFive",false,0
"BBIOx","BridgeBio Pharma xStock","BBIO","USD","XsbJzb2V963yBoCKjRJqSLbNUeBsqy6uV4dVnCnNp4q","https://xstocks-metadata.backed.fi/logos/tokens/BBIOx.png","TwentyFourFive",false,0
"DINOx","HF Sinclair xStock","DINO","USD","XsVuEGU83SBvgQiuynK2qtinyPVyKukoTCACdJg2767","https://xstocks-metadata.backed.fi/logos/tokens/DINOx.png","TwentyFourFive",false,0
"DOCNx","DigitalOcean xStock","DOCN","USD","XsKJGRCayh5LQ6bsET8ZVip8BaRZbWmj9fjSnCcy9P6","https://xstocks-metadata.backed.fi/logos/tokens/DOCNx.png","TwentyFourFive",false,0
"AGNCx","AGNC Investment xStock","AGNC","USD","XsycyYwi9Kekp26jyGg3x5Fo1JDRr3XnTJmVaf5CRUb","https://xstocks-metadata.backed.fi/logos/tokens/AGNCx.png","TwentyFourFive",false,0
"MEDPx","Medpace xStock","MEDP","USD","XsPdH3m4B33ZaRS5saL1XGQnUVYsx1yyEyAxmNfcpCb","https://xstocks-metadata.backed.fi/logos/tokens/MEDPx.png","TwentyFourFive",false,0
"WTSx","Watts Water Technologies xStock","WTS","USD","XsMcyEj7KpLQyVXQ4GpSVERstPHrHzVqDG36myTJzjQ","https://xstocks-metadata.backed.fi/logos/tokens/WTSx.png","TwentyFourFive",false,0
"CCKx","Crown xStock","CCK","USD","XsHjSQhp7Eac5azSKy7cZbZGCrpEUAA3RseKh2X7c8C","https://xstocks-metadata.backed.fi/logos/tokens/CCKx.png","TwentyFourFive",false,0
"ULSx","UL Solutions xStock","ULS","USD","Xspg7dCVnegasgemg56htgBWpemdffjvY9joWyNvJww","https://xstocks-metadata.backed.fi/logos/tokens/ULSx.png","TwentyFourFive",false,0
"HLx","Hecla Mining xStock","HL","USD","Xsp5pDV28HxQDLcoC24G6G2yCNBvVpPJ3DZCjhs7YNR","https://xstocks-metadata.backed.fi/logos/tokens/HLx.png","TwentyFourFive",false,0
"RBRKx","Rubrik xStock","RBRK","USD","XsJRuk3Mn8wSkc3aTkG2oqxFJiZqC3YU3gmNZSFbLvb","https://xstocks-metadata.backed.fi/logos/tokens/RBRKx.png","TwentyFourFive",false,0
"OWLx","Blue Owl Capital xStock","OWL","USD","Xsnb4PjGtFsvTyp7HJNWfJLEbK6MoSZV8o7xMo3PuBn","https://xstocks-metadata.backed.fi/logos/tokens/OWLx.png","TwentyFourFive",false,0
"CRBGx","Corebridge Financial xStock","CRBG","USD","XswAx2kd4aKQtTszJ4zuA4nAY49hHzT82Vn8DqNcktY","https://xstocks-metadata.backed.fi/logos/tokens/CRBGx.png","TwentyFourFive",false,0
"NVRx","NVR xStock","NVR","USD","Xso5KNztULjrQZQGzJQEwGcwBLSneMDpunzSu243URw","https://xstocks-metadata.backed.fi/logos/tokens/NVRx.png","TwentyFourFive",false,0
"Ux","Unity Software xStock","U","USD","XsZygGhZ5GWq1TMrbBAibrH5Par33cKxrtZAuTQ9r9o","https://xstocks-metadata.backed.fi/logos/tokens/Ux.png","TwentyFourFive",false,0
"BENx","Franklin Templeton xStock","BEN","USD","XsHXhZf6yLqBvcbuswpbio7m6yNTMrMiQWWN7csQMAr","https://xstocks-metadata.backed.fi/logos/tokens/BENx.png","TwentyFourFive",false,0
"CDEx","Coeur Mining xStock","CDE","USD","Xst5zttaWoyT8Td5jNhxwVQ1ku4bSRv8EVJe3SHoGdc","https://xstocks-metadata.backed.fi/logos/tokens/CDEx.png","TwentyFourFive",false,0
"IOTx","Samsara xStock","IOT","USD","XsriZ58QT8GfKLep8Vof8oMGq3P9qPhowG8NfyLrLzQ","https://xstocks-metadata.backed.fi/logos/tokens/IOTx.png","TwentyFourFive",false,0
"IONQx","IonQ xStock","IONQ","USD","XsqFgFeprZEpayi92MTQGheZiNFmTi2TRJRmrHjCzMx","https://xstocks-metadata.backed.fi/logos/tokens/IONQx.png","TwentyFourFive",false,0
"ASx","Amer Sports xStock","AS","USD","XsoxUeZzk47VGpqwE9wLi3DM9xuHSSmnsfXmvZH2bxw","https://xstocks-metadata.backed.fi/logos/tokens/ASx.png","TwentyFourFive",false,0
"GFSx","GLOBALFOUNDRIES xStock","GFS","USD","XsrTYnfAtuMDpQQgZtpQZreJWtjaRnRCTBeekcQi8AS","https://xstocks-metadata.backed.fi/logos/tokens/GFSx.png","TwentyFourFive",false,0
"TOSTx","Toast xStock","TOST","USD","XsXWXoWAzEo22ggADuXQeauMWxwgMS3em44tRBX2Vsx","https://xstocks-metadata.backed.fi/logos/tokens/TOSTx.png","TwentyFourFive",false,0
"AFRMx","Affirm xStock","AFRM","USD","XsKfV36es7HHpJFKrDqaaXSFC1dwsrwLit4N67JH5LV","https://xstocks-metadata.backed.fi/logos/tokens/AFRMx.png","TwentyFourFive",false,0
"GHx","Guardant Health xStock","GH","USD","XsJwJiZkwUTaZE1q2J1hX6YTGv3xRdZGtqan9a2VsYW","https://xstocks-metadata.backed.fi/logos/tokens/GHx.png","TwentyFourFive",false,0
"UIx","Ubiquiti xStock","UI","USD","XsLzbFA47Tm3Bs7MnSJrGbi6RnfbtCGA6pD3NHSzp6P","https://xstocks-metadata.backed.fi/logos/tokens/UIx.png","TwentyFourFive",false,0
"TEFx","Telefonica xStock","TEFE","EUR","XsUShG8vjDVvpduyiY3jDbVif8ivGeAu3dB6RtmXJZ3","https://xstocks-metadata.backed.fi/logos/tokens/TEFx.png","MarketHours",false,0
"DRAMx","Storage ETF (Roundhill) xStock","DRAM","USD","XsESMQjWyDczCfiJ3QDjZEiaKwp1uXYp3TMZ6viuLcm","https://xstocks-metadata.backed.fi/logos/tokens/DRAMx.png","TwentyFourFive",false,0
"MVLLx","Marvell 2x Long ETF xStock","MVLL","USD","XsVEdRV17tPdXHamAi6TVFjyeSRHnCjdY5GXqAaevuk","https://xstocks-metadata.backed.fi/logos/tokens/MVLLx.png","TwentyFourFive",false,0
"MUUx","Micron 2x Long ETF xStock","MUU","USD","XsjZG9MgLMECjzSSxq3G7rabDceoaDqhN4C4zwce4i8","https://xstocks-metadata.backed.fi/logos/tokens/MUUx.png","TwentyFourFive",false,0
"AXTIx","AXT xStock","AXTI","USD","XswiwGt897dzZU8eHoojgUu2ka34brmPGvWeVHcHho9","https://xstocks-metadata.backed.fi/logos/tokens/AXTIx.png","TwentyFourFive",false,0
"DJTx","Trump Media & Technology Group xStock","DJT","USD","XscR1RVZydyrL6Wn7WqbW2k6EmkLuS8SqDzuyptwxoj","https://xstocks-metadata.backed.fi/logos/tokens/DJTx.png","TwentyFourFive",false,0
"KORUx","Korea 3x Long ETF xStock","KORU","USD","Xs2LakxmT2YycpcxRDCJ7crPbFf91JKdAAWnfzANFmt","https://xstocks-metadata.backed.fi/logos/tokens/KORUx.png","TwentyFourFive",false,0
"INTWx","INTC 2x Long ETF xStock","INTW","USD","Xs7zs57saNfGWUn3h5d2rFxxs43uVqzAY7iQVPHFbwE","https://xstocks-metadata.backed.fi/logos/tokens/INTWx.png","TwentyFourFive",false,0
"SOXSx","3x Short Semiconductor ETF xStock","SOXS","USD","XsCucuUESBi3ZjRxmjwUzGYuf6ZrtZDUvK6XhRA4RR3","https://xstocks-metadata.backed.fi/logos/tokens/SOXSx.png","TwentyFourFive",false,0
"SNXXx","SNDK 2x Long ETF xStock","SNXX","USD","Xs3EFHHyP27EsAw3ftS8UFsN8kwkhFvbppji6bbkkPn","https://xstocks-metadata.backed.fi/logos/tokens/SNXXx.png","TwentyFourFive",false,0
"SHEINx","SHEIN xStock","625","HKD","Xs8w8HvDjT1DxYeHzhSkRT8wYUahJB9kRC7Fuiic2Hf","https://xstocks-metadata.backed.fi/logos/tokens/SHEINx.png","Regular",false,0
"EDPx","EDP-Energias De Portugal xStock","EDPU","EUR","XsixUHqqDoX4mrfFTt7rB96xmbfC9T28WfpnJDkwEK5","https://xstocks-metadata.backed.fi/logos/tokens/EDPx.png","MarketHours",false,0
"A5Gx","AIB xStock","A5GI","EUR","XsszLiKRejZjtQmo2rMp3by4obgGvSVWGgFxYqU7dVu","https://xstocks-metadata.backed.fi/logos/tokens/A5Gx.png","MarketHours",false,0
"VOW3x","Volkswagen xStock","VOW3D","EUR","XsLuVRftATQL3DgdBDYLqTAym468XKgrn27KUQdjbwT","https://xstocks-metadata.backed.fi/logos/tokens/VOW3x.png","MarketHours",false,0
"VNAx","Vonovia xStock","VNAD","EUR","XsjE52BSDy41aqcfSaAy7Cy6dgqvmdpJY1cBgLVtdFh","https://xstocks-metadata.backed.fi/logos/tokens/VNAx.png","MarketHours",false,0
"SGOx","Compagnie de Saint-Gobain xStock","SGOP","EUR","XswnXbpoUmw671Qwf5H2231rHdJXBQEz5GrQqVsPzVS","https://xstocks-metadata.backed.fi/logos/tokens/SGOx.png","MarketHours",false,0
"KNEBVx","KONE Class B xStock","KNEBVH","EUR","Xsyv3e3WaVQ57Kcjum3ofoEk1iTGw4xWMLyfnmceiCA","https://xstocks-metadata.backed.fi/logos/tokens/KNEBVx.png","MarketHours",false,0
"SAMPOx","Sampo Class A xStock","SAMPOH","EUR","XsxogkVSDPuFq7UndyiB5gseSMJktQA2JKevAk6bNAk","https://xstocks-metadata.backed.fi/logos/tokens/SAMPOx.png","MarketHours",false,0
"KERx","Kering xStock","KERP","EUR","Xs6aNo7u55poct2Xximmqxx7yCRBqAfMpywgVF2mvPq","https://xstocks-metadata.backed.fi/logos/tokens/KERx.png","MarketHours",false,0
"REPx","Repsol xStock","REPE","EUR","XseXh4XjLGztZEe85Bo5UxqQYDYjMArD82mzuiUzAaF","https://xstocks-metadata.backed.fi/logos/tokens/REPx.png","MarketHours",false,0
"DSY.FRx","Dassault Systemes xStock","DSYP","EUR","XsZcamAGFscRJ7K3R4DVm3gZ3u2HwTJCiqWuCPJ7i43","https://xstocks-metadata.backed.fi/logos/tokens/DSY.FRx.png","MarketHours",false,0
"BAMIx","Banco BPM xStock","BAMIM","EUR","XsvrdpTRckZCkSVzFji1KYzZvVMbgnC7ceAQQWJf5sz","https://xstocks-metadata.backed.fi/logos/tokens/BAMIx.png","MarketHours",false,0
"HEIAx","Heineken xStock","HEIAA","EUR","XsCGaZoU9DkWDtbc9HYDrMHpvFwmUWbPwoNvTvymY1A","https://xstocks-metadata.backed.fi/logos/tokens/HEIAx.png","MarketHours",false,0
"ENx","Bouygues xStock","ENP","EUR","XsJeQnnpJMhVYy1jYdpWHiypozekUWxcJBPo7dpNhWS","https://xstocks-metadata.backed.fi/logos/tokens/ENx.png","MarketHours",false,0
"MTX.DEx","MTU Aero Engines xStock","MTXD","EUR","XsQjhmAtvidv654AAcbagbRiPnhibNpdmpirHyefKch","https://xstocks-metadata.backed.fi/logos/tokens/MTX.DEx.png","MarketHours",false,0
"NESTEx","Neste xStock","NESTEH","EUR","Xsf3EXVHiVJv5YqaPLLT1rgdyuyacDyWEsn3HqkZfXn","https://xstocks-metadata.backed.fi/logos/tokens/NESTEx.png","MarketHours",false,0
"MLx","Michelin xStock","MLP","EUR","XssHXVZ9kS8BHYtiNSpJkJbwKHYLtFEWffxdVkb5jjB","https://xstocks-metadata.backed.fi/logos/tokens/MLx.png","MarketHours",false,0
"FRE.DEx","Fresenius xStock","FRED","EUR","XsNSTSEzdqCoBvKgNT2EMt73owjLRygThZmWp9K5dTF","https://xstocks-metadata.backed.fi/logos/tokens/FRE.DEx.png","MarketHours",false,0
"UCB.BEx","UCB xStock","UCBB","EUR","XswnUJwf8urHMQ9qBJdtjwz95MkKZB3cBancY6JoXVZ","https://xstocks-metadata.backed.fi/logos/tokens/UCB.BEx.png","MarketHours",false,0
"NN.NLx","NN xStock","NNA","EUR","Xso9NBGGLwX39AHfBUj42BkSTkaa9ZELUuHgwxj5qUW","https://xstocks-metadata.backed.fi/logos/tokens/NN.NLx.png","MarketHours",false,0
"PHIAx","Koninklijke Philips xStock","PHIAA","EUR","XsbXgdyGd1uFridzLBSRPfVbNfayY9e6t9s8MsHjfFw","https://xstocks-metadata.backed.fi/logos/tokens/PHIAx.png","MarketHours",false,0
"ADYENx","Adyen xStock","ADYENA","EUR","XsBL4Qn9rWswvZ13k6Zt7rSKoQXfqfQ6iXX1VKEwdBm","https://xstocks-metadata.backed.fi/logos/tokens/ADYENx.png","MarketHours",false,0
"DTG.DEx","Daimler Truck xStock","DTGD","EUR","XsGkGQJY428VKyC3keq8uScFhpNfGAuqf4nhnUSweaz","https://xstocks-metadata.backed.fi/logos/tokens/DTG.DEx.png","MarketHours",false,0
"ADSx","adidas xStock","ADSD","EUR","XsbDDj6DhcEGQNT8gVbMcXRJ6NiHUrNjpuzMMt67GbF","https://xstocks-metadata.backed.fi/logos/tokens/ADSx.png","MarketHours",false,0
"BPEx","BPER Banca xStock","BPEM","EUR","XsBN1ma4t5qXn5Pwkv36ySQsZ8DnhA9HiU9NXRXffBK","https://xstocks-metadata.backed.fi/logos/tokens/BPEx.png","MarketHours",false,0
"AD.NLx","Koninklijke Ahold Delhaize xStock","ADA","EUR","XsRvuD1mwpmu88JkSpgGa96dEabrWLsv49uAZXXpBMe","https://xstocks-metadata.backed.fi/logos/tokens/AD.NLx.png","MarketHours",false,0
"LRx","Legrand xStock","LRP","EUR","Xsq9AE4EeEZMVegGhh2CzduBYN7iAxUMyHD72QHR2P9","https://xstocks-metadata.backed.fi/logos/tokens/LRx.png","MarketHours",false,0
"HEI.DEx","Heidelberg Materials xStock","HEID","EUR","Xs2Q1yVnE9759fKeP5p8du8X3yWq41bvN6AQ9pjwXGv","https://xstocks-metadata.backed.fi/logos/tokens/HEI.DEx.png","MarketHours",false,0
"PUB.FRx","Publicis Groupe xStock","PUBP","EUR","XsvXmQavXeU6yofhbaSezn67KPcuZWFyLobZhzdTtSv","https://xstocks-metadata.backed.fi/logos/tokens/PUB.FRx.png","MarketHours",false,0
"UMGx","Universal Music xStock","UMGA","EUR","XsmGK6MDigvFPVnWoPVXf1oABuz5V5HjSHdS5BCtmmo","https://xstocks-metadata.backed.fi/logos/tokens/UMGx.png","MarketHours",false,0
"TRN.ITx","Terna xStock","TRNM","EUR","XsufpvQoakVbm1ZNJEQzsw8uoSJvmC1b5S1ddysxbEH","https://xstocks-metadata.backed.fi/logos/tokens/TRN.ITx.png","MarketHours",false,0
"LDOx","Leonardo xStock","LDOM","EUR","XsB9eVfHme1ZNE7yA6Mj5EdeC3KesmyYBuFH5zCsSLD","https://xstocks-metadata.backed.fi/logos/tokens/LDOx.png","MarketHours",false,0
"BMWx","Bayerische Motoren Werke xStock","BMWD","EUR","Xss3w6AXstRPA696R5CsefzHPMvmTY1ZTbEG4m8eccx","https://xstocks-metadata.backed.fi/logos/tokens/BMWx.png","MarketHours",false,0
"VIEx","Veolia Environnement xStock","VIEP","EUR","XsXz8umAQbhjWtBfKy6Ci1sDbPdgaaxtp55VkSy7p81","https://xstocks-metadata.backed.fi/logos/tokens/VIEx.png","MarketHours",false,0
"PST.ITx","Poste Italiane xStock","PSTM","EUR","Xst2TpX5NUku9V5hTgfviVJyaNDpoXHiGvLb4QHqEVT","https://xstocks-metadata.backed.fi/logos/tokens/PST.ITx.png","MarketHours",false,0
"SRG.ITx","Snam xStock","SRGM","EUR","XsMDVr6KCH4EFoBnwPFUibztsVeNWLZHjaLkJrMpt3Y","https://xstocks-metadata.backed.fi/logos/tokens/SRG.ITx.png","MarketHours",false,0
"PRYx","Prysmian xStock","PRYM","EUR","XsMYP6ZyZTk2AqKbRRVRuDjBKYajB8sQw91SEsgBpNt","https://xstocks-metadata.backed.fi/logos/tokens/PRYx.png","MarketHours",false,0
"STMMIx","STMicroelectronics xStock","STMMIM","EUR","XsWFsv79eytB6eVGK97kSKSrTuWzcpDnTibn9H8N9Fb","https://xstocks-metadata.backed.fi/logos/tokens/STMMIx.png","MarketHours",false,0
"ABNx","ABN AMRO Bank xStock","ABNA","EUR","XsnSHjstf65gXzCjiGWaURcphNkxApTSBjsVvfxb2aj","https://xstocks-metadata.backed.fi/logos/tokens/ABNx.png","MarketHours",false,0
"AMS.ESx","Amadeus IT xStock","AMSE","EUR","Xswno7eKuDGK8Gc71BMequFBSzuafBqce5bU7gw3fqW","https://xstocks-metadata.backed.fi/logos/tokens/AMS.ESx.png","MarketHours",false,0
"RWEx","RWE Class A xStock","RWED","EUR","XsAv5TYiejADCrzWF9b6Q3sKb1s93ZsH4c1V1A7Wjk2","https://xstocks-metadata.backed.fi/logos/tokens/RWEx.png","MarketHours",false,0
"ORA.FRx","Orange xStock","ORAP","EUR","XszNb4o75FjBUXnjaBGiCpRynxNCG9CC13SAenBar4Y","https://xstocks-metadata.backed.fi/logos/tokens/ORA.FRx.png","MarketHours",false,0
"ELE.ESx","Endesa, S.A. xStock","ELEE","EUR","Xs9a4pqLkmAw8yw1qJ6Pti61v7vnZbJ7wH14FYAvNrU","https://xstocks-metadata.backed.fi/logos/tokens/ELE.ESx.png","MarketHours",false,0
"ASM.NLx","ASM International xStock","ASMA","EUR","XsAta4RNGomBAoo5k68MkQNXiwa6azEQJFQ5e7hwhs5","https://xstocks-metadata.backed.fi/logos/tokens/ASM.NLx.png","MarketHours",false,0
"AENAx","Aena SME xStock","AENAE","EUR","XsaEVkK2dKSBmJKee4uWkwqviTxng7cp76LHFbLF3u1","https://xstocks-metadata.backed.fi/logos/tokens/AENAx.png","MarketHours",false,0
"SHLx","Siemens Healthineers xStock","XETR:SHLD","EUR","Xsfajego8zcJJb8hW6UEKEGKajpgfSiAGgviXdqmxSn","https://xstocks-metadata.backed.fi/logos/tokens/SHLx.png","MarketHours",false,0
"BN.FRx","Danone xStock","BNP","EUR","XsWKvozUT6KwSS3n8jFPb9gHi8WfScwo9bKcTwy1VGT","https://xstocks-metadata.backed.fi/logos/tokens/BN.FRx.png","MarketHours",false,0
"KBCx","KBC xStock","KBCB","EUR","XspWMbBUhgPE8GiARimRhFao6xAtk65qkbN7yz7pVv3","https://xstocks-metadata.backed.fi/logos/tokens/KBCx.png","MarketHours",false,0
"DB1x","Deutsche Boerse xStock","DB1D","EUR","XswCrDp1WgEuNg6RmNsv3U3anukLKnbXxgiWn5pPAwz","https://xstocks-metadata.backed.fi/logos/tokens/DB1x.png","MarketHours",false,0
"DHLx","Deutsche Post xStock","DHLD","EUR","XsxaG2ebJjFE9iJgZX6oLUnk6pbVs1fbDgKbDmunVE4","https://xstocks-metadata.backed.fi/logos/tokens/DHLx.png","MarketHours",false,0
"ACA.FRx","Credit Agricole xStock","ACAP","EUR","XsLnfjBZ8Sfu3bXRgimm6au1cWJhJYK9piFaQXgxXSS","https://xstocks-metadata.backed.fi/logos/tokens/ACA.FRx.png","MarketHours",false,0
"BAYNx","Bayer xStock","BAYND","EUR","XsrC2CvvnrZa2A3F8coDpviJymiDmTjYiUWtaKE6G1u","https://xstocks-metadata.backed.fi/logos/tokens/BAYNx.png","MarketHours",false,0
"MBGx","Mercedes-Benz xStock","MBGD","EUR","XscYuBxzm8MrpZdAnfo5D5UTQdgQJirs45mB12bpLh6","https://xstocks-metadata.backed.fi/logos/tokens/MBGx.png","MarketHours",false,0
"NOKIAx","Nokia xStock","NOKIAH","EUR","XsFfsZoECWgKedfemP3CutNG65XYCbP1qiuwMmaNMZ6","https://xstocks-metadata.backed.fi/logos/tokens/NOKIAx.png","MarketHours",false,0
"NDA.FIx","Nordea Bank Abp xStock","NDAH","EUR","XsQsUer4SgQ5yzd1R8hPyLmX7PLsgxgYnnnfLsni6h1","https://xstocks-metadata.backed.fi/logos/tokens/NDA.FIx.png","MarketHours",false,0
"EBS.ATx","Erste Group Bank xStock","EBSV","EUR","XsqDAfKb9ayWsqgLXL7jJWq9ghWmD58JjJARQZ5ujgr","https://xstocks-metadata.backed.fi/logos/tokens/EBS.ATx.png","MarketHours",false,0
"RHMx","Rheinmetall xStock","RHMD","EUR","Xs9NwEoMq2ComFFdeLpL86C4JskQrCbypuZAR3DKwTU","https://xstocks-metadata.backed.fi/logos/tokens/RHMx.png","MarketHours",false,0
"BASx","Basf xStock","BASD","EUR","Xs3cFpw3ZtrhCzjuoNKM72EC2Bb4P3nGc8ECK4VMS6t","https://xstocks-metadata.backed.fi/logos/tokens/BASx.png","MarketHours",false,0
"EOANx","E.ON xStock","EOAND","EUR","Xst5eEMX3MBuph8Sn5y7YhDiU6LxHmp5hE2E7rf3azn","https://xstocks-metadata.backed.fi/logos/tokens/EOANx.png","MarketHours",false,0
"MTx","ArcelorMittal xStock","MTA","EUR","XsGqdhKkM7DNppdwtDsrjodypzPvGbchyfE3NiuW5vv","https://xstocks-metadata.backed.fi/logos/tokens/MTx.png","MarketHours",false,0
"HOx","Thales xStock","HOP","EUR","XsJS9S85GVheT49XJ44PDiL2N2mUL6Sn9P1HgNePavP","https://xstocks-metadata.backed.fi/logos/tokens/HOx.png","MarketHours",false,0
"GLE.FRx","Societe Generale xStock","GLEP","EUR","XsufreT4h5jMjPU5urLyujgmAGcnwaQFjaRkPv8QEwY","https://xstocks-metadata.backed.fi/logos/tokens/GLE.FRx.png","MarketHours",false,0
"ENGIx","Engie xStock","ENGIP","EUR","XsAoaKGj4moP8NEy5TLaAx6xGkDeotR88NKs2MJhEhj","https://xstocks-metadata.backed.fi/logos/tokens/ENGIx.png","MarketHours",false,0
"DBKx","Deutsche Bank xStock","DBKD","EUR","XsJtYDk8eG2qf3ATqYypkA1PM58KR9m4bXfZSx7eyAm","https://xstocks-metadata.backed.fi/logos/tokens/DBKx.png","MarketHours",false,0
"EL.FRx","Essilorluxottica xStock","ELP","EUR","Xsx8oMRhZrWSjPYLfwzYD7Y2JGZSNZkYnQdD7hqW3cr","https://xstocks-metadata.backed.fi/logos/tokens/EL.FRx.png","MarketHours",false,0
"MRK.DEx","Merck KGaA xStock","MRKD","EUR","XscHDFHM4D3es53tvaKiQZd5jxcrQ21HJTDmbN8iM7S","https://xstocks-metadata.backed.fi/logos/tokens/MRK.DEx.png","MarketHours",false,0
"ENIx","Eni xStock","ENIM","EUR","XsfLFzBuLUxzfFVZ3p5XAnfskhZSj1V8rVqfguotJ8w","https://xstocks-metadata.backed.fi/logos/tokens/ENIx.png","MarketHours",false,0
"G.ITx","Generali xStock","MTAA:GM","EUR","XsR8kfp3Lcb1Aqr2FqhXh2ZwjxuV6BDVJGiGvF8tmhd","https://xstocks-metadata.backed.fi/logos/tokens/G.ITx.png","MarketHours",false,0
"MUV2x","Munchener Ruckversicherungs-Gesellschaft xStock","MUV2D","EUR","XsZcmxHJ9hwHirqXKGPR9Kr1pSQrr6amfNVkyrfer5Y","https://xstocks-metadata.backed.fi/logos/tokens/MUV2x.png","MarketHours",false,0
"IFXx","Infineon Technologies xStock","IFXD","EUR","XsPcwkrPjBP73DGatGG9Hxbac1u8HJjo8jZ9S3RwUfR","https://xstocks-metadata.backed.fi/logos/tokens/IFXx.png","MarketHours",false,0
"DG.FRx","Vinci xStock","DGP","EUR","Xs1wXKkamrcVCAhf3V9nej43Ew278Szc55zKUxJHYvN","https://xstocks-metadata.backed.fi/logos/tokens/DG.FRx.png","MarketHours",false,0
"INGAx","ING Groep xStock","INGAA","EUR","Xs9faakxis3fMLrycgTtXQngHMZZC2cnfYCeCUjMvMN","https://xstocks-metadata.backed.fi/logos/tokens/INGAx.png","MarketHours",false,0
"BNPx","BNP Paribas xStock","BNPP","EUR","XsofkoeXZcCrkaoLfv8Ew26rCxiR2csFf13BWJxm7C3","https://xstocks-metadata.backed.fi/logos/tokens/BNPx.png","MarketHours",false,0
"SAN.FRx","Sanofi xStock","SANP","EUR","Xs8955XxQAPAY6H1meuDTQeXWGZVcu2iRGMY9fRFppP","https://xstocks-metadata.backed.fi/logos/tokens/SAN.FRx.png","MarketHours",false,0
"CSx","AXA xStock","CSP","EUR","XsPsxxEWjRBX2tbdBNdPt9qxBBvHJvnahzeYPjNeBXL","https://xstocks-metadata.backed.fi/logos/tokens/CSx.png","MarketHours",false,0
"AI.FRx","Air Liquide xStock","AIP","EUR","XsYmcuPsjC55LFnDGmD8S72VvZEc21UiLNUWR7uKdnR","https://xstocks-metadata.backed.fi/logos/tokens/AI.FRx.png","MarketHours",false,0
"ENR.DEx","Siemens Energy xStock","ENRD","EUR","XsBhqaPj2vtFEo6QRRTZLdSK7eQNwpir9MMwGYugebL","https://xstocks-metadata.backed.fi/logos/tokens/ENR.DEx.png","MarketHours",false,0
"DTE.DEx","Deutsche Telekom xStock","DTED","EUR","Xs1tsA9oB9dMu1H2qXcL21ejvRQ7r2rCe1a4NdMY4SH","https://xstocks-metadata.backed.fi/logos/tokens/DTE.DEx.png","MarketHours",false,0
"CABKx","CaixaBank xStock","CABKE","EUR","XsW6ZU3ZmzHTQbnh9DPQYNP63TvyynftkxNeaaqPpFt","https://xstocks-metadata.backed.fi/logos/tokens/CABKx.png","MarketHours",false,0
"IBEx","Iberdrola xStock","IBEE","EUR","XsWdPzfskUXR6dX5CPqssrkkTFV12Dc88M6QfFMMnz1","https://xstocks-metadata.backed.fi/logos/tokens/IBEx.png","MarketHours",false,0
"BBVAx","Banco Bilbao Vizcaya Argentaria xStock","BBVAE","EUR","XsP7v4TvM1BUpufG8deESLCQxsVNTpptc6u7VKoQ6Lw","https://xstocks-metadata.backed.fi/logos/tokens/BBVAx.png","MarketHours",false,0
"ISPx","Intesa Sanpaolo xStock","ISPM","EUR","XssboQ4BReUAcaDjs1nRFHiKxY8VNyXMpS4KQw29DHz","https://xstocks-metadata.backed.fi/logos/tokens/ISPx.png","MarketHours",false,0
"UCGx","UniCredit xStock","UCGM","EUR","XsoXAufDfjU96wcWwS5oRsdz7rfpBPgC1wiuEcLjNVY","https://xstocks-metadata.backed.fi/logos/tokens/UCGx.png","MarketHours",false,0
"ENELx","Enel xStock","ENELM","EUR","Xs9JAHryA5XqRdFun661HpisAte6o2pLD9NHGXrCzbP","https://xstocks-metadata.backed.fi/logos/tokens/ENELx.png","MarketHours",false,0
"ABI.BEx","Anheuser-Busch InBev SA/NV xStock","ABIB","EUR","XsmwWanrBkCk1HB9QCBWbjDnanvmW5v8JuzEGKAU67X","https://xstocks-metadata.backed.fi/logos/tokens/ABI.BEx.png","MarketHours",false,0
"SAFx","Safran xStock","SAFP","EUR","XsrXR43rBXVF3iKbS8HUaySjScL4tudbtmkyW4vvTPF","https://xstocks-metadata.backed.fi/logos/tokens/SAFx.png","MarketHours",false,0
"TTEx","TotalEnergies xStock","TTEP","EUR","XscDu6syCEq5cJ3mYL9hUMUct7YsWjmy8nddGNXmVtS","https://xstocks-metadata.backed.fi/logos/tokens/TTEx.png","MarketHours",false,0
"SAPx","SAP xStock","SAPD","EUR","XsPk9EwjFtnjhsqjwLpEw3igFjtoTGciePmo5JoxMgJ","https://xstocks-metadata.backed.fi/logos/tokens/SAPx.png","MarketHours",false,0
"OR.FRx","L'Oreal xStock","ORP","EUR","XsdyddHRL1XLxwgFuCPjvzTJKjYmuKySz3wgaSuW424","https://xstocks-metadata.backed.fi/logos/tokens/OR.FRx.png","MarketHours",false,0
"SIEx","Siemens xStock","SIED","EUR","XsVBR2tUvSevnDpwctEEGbnLD1XuXFEkCHDzqAL5dBE","https://xstocks-metadata.backed.fi/logos/tokens/SIEx.png","MarketHours",false,0
"SU.FRx","Schneider Electric xStock","SUP","EUR","XsnThvBoftiwiVhQyD4Lh6kS5AjoLLPSzSKjJU8Nx9d","https://xstocks-metadata.backed.fi/logos/tokens/SU.FRx.png","MarketHours",false,0
"SAN.ESx","Banco Santander xStock","SANE","EUR","XsqjAGRW7CfWhG8gRh5z7qmHLfnjbxwZsEC821q2Bqh","https://xstocks-metadata.backed.fi/logos/tokens/SAN.ESx.png","MarketHours",false,0
"RMSx","Hermes International xStock","RMSP","EUR","XskuQqtFnkwRXvFTPTuVcHgNV34XnqNM2ZkY4Pf9tWV","https://xstocks-metadata.backed.fi/logos/tokens/RMSx.png","MarketHours",false,0
"ALV.DEx","Allianz xStock","ALVD","EUR","XsXsieF8EQQj5jNR4MjocLv49DYE8QbRmdjE2DKvR6W","https://xstocks-metadata.backed.fi/logos/tokens/ALV.DEx.png","MarketHours",false,0
"AIR.FRx","Airbus xStock","AIRP","EUR","XsH7p2FDK2cF5AWZ6Mp9y6kbaNTQHvSYS49C22fDZpG","https://xstocks-metadata.backed.fi/logos/tokens/AIR.FRx.png","MarketHours",false,0
"ITX.ESx","Industria De Diseno Textil xStock","ITXE","EUR","XsneYR4U4FLeLrbg7vW8Ak2SL2moZQJsnTKUurqNFhc","https://xstocks-metadata.backed.fi/logos/tokens/ITX.ESx.png","MarketHours",false,0
"MC.FRx","LVMH Moet Hennessy Louis Vuitton xStock","MCP","EUR","Xsqqd3jgJH5K1GfLZ26mSG4DP3d6g5xje7zutrVqzs4","https://xstocks-metadata.backed.fi/logos/tokens/MC.FRx.png","MarketHours",false,0
"BWYx","Bellway xStock","BWYL","GBP","Xs8NtGgTwwHAjdDvdhjcDBDYbEoF39ggi5QKKAwWu97","https://xstocks-metadata.backed.fi/logos/tokens/BWYx.png","MarketHours",false,0
"QQ.GBx","QinetiQ xStock","QQL","GBP","XsTzDSVHNfFRcbXY8LVnkDgg54FGrpDGzgR1exVf9Cu","https://xstocks-metadata.backed.fi/logos/tokens/QQ.GBx.png","MarketHours",false,0
"ULVRx","Unilever xStock","ULVRL","GBP","XsNrNxXBab5oRAUnN9u2YzJzhJjLCo6YeJVcCEttL7V","https://xstocks-metadata.backed.fi/logos/tokens/ULVRx.png","MarketHours",false,0
"DRXx","Drax xStock","DRXL","GBP","XsTf4WyqGhigiQC8mg3RHresyrwT5M9hmWKnvrnZ7wm","https://xstocks-metadata.backed.fi/logos/tokens/DRXx.png","MarketHours",false,0
"RS1.GBx","RS xStock","RS1L","GBP","XsTkvkzwuaCi712NQXeHB2xMQYwVTX8F7bFPVD2ZEcA","https://xstocks-metadata.backed.fi/logos/tokens/RS1.GBx.png","MarketHours",false,0
"SN.GBx","Smith & Nephew xStock","SNL","GBP","XsWYNagePVR7FDVei6E5xirRMKnRCxhUvKzDYwVzPzM","https://xstocks-metadata.backed.fi/logos/tokens/SN.GBx.png","MarketHours",false,0
"AJBx","AJ Bell xStock","AJBL","GBP","XsKU1nPbnBTpVegUrMaapscL7thNmQTq365eLYidPZa","https://xstocks-metadata.backed.fi/logos/tokens/AJBx.png","MarketHours",false,0
"SCT.GBx","Softcat xStock","SCTL","GBP","Xsb8yBrDit2zkPSgWQtddBZPJz5Mzi4fWqjd1k6Vhq5","https://xstocks-metadata.backed.fi/logos/tokens/SCT.GBx.png","MarketHours",false,0
"MNDIx","Mondi xStock","MNDIL","GBP","XswrDgJ2NABYfT7TZzvkVG3XqSFRDkq2weMxeCURFxh","https://xstocks-metadata.backed.fi/logos/tokens/MNDIx.png","MarketHours",false,0
"SVTx","Severn Trent xStock","SVTL","GBP","Xs1V7BHojsDUQiNhsSm8TKpEyYrmox2gCzFUJ7b4t4q","https://xstocks-metadata.backed.fi/logos/tokens/SVTx.png","MarketHours",false,0
"EMGx","Man xStock","EMGL","GBP","XshcRvneh6GUWeFNREY6bKRGHZvPK7C44TQyykaoaTf","https://xstocks-metadata.backed.fi/logos/tokens/EMGx.png","MarketHours",false,0
"STJ.GBx","St. James's Place xStock","STJL","GBP","XsfTAA7bScmYWJS3eCJ7exrDqUNtD9TjtZkKXWWSyZK","https://xstocks-metadata.backed.fi/logos/tokens/STJ.GBx.png","MarketHours",false,0
"SPX.GBx","Spirax xStock","SPXL","GBP","XsiMJ43LZ4dLS1G6SSdeW7aDQnoECuKBQkobnheRrdV","https://xstocks-metadata.backed.fi/logos/tokens/SPX.GBx.png","MarketHours",false,0
"TW.GBx","Taylor Wimpey xStock","TWL","GBP","XsJAv8xheV7udiAeM8DNduVAe4bg1s1SLp3uzJsCCvG","https://xstocks-metadata.backed.fi/logos/tokens/TW.GBx.png","MarketHours",false,0
"WTBx","Whitbread xStock","WTBL","GBP","XsPrcE2hM5cZP97YfxxEbtwHSyFGNtA8QmDCoiYsBNL","https://xstocks-metadata.backed.fi/logos/tokens/WTBx.png","MarketHours",false,0
"STANx","Standard Chartered xStock","STANL","GBP","Xs48goZtbChFs5wZtcypPZQHh9WmTRqzkqante4qSB5","https://xstocks-metadata.backed.fi/logos/tokens/STANx.png","MarketHours",false,0
"SSEx","SSE xStock","SSEL","GBP","XshHCWPTRVkNuNc7bqfdw9PzBZzrted9u8YQwdkw49e","https://xstocks-metadata.backed.fi/logos/tokens/SSEx.png","MarketHours",false,0
"MNGx","M&G xStock","MNGL","GBP","XsBdWEWbrhQn3JUJA9UtmfatyQfWHtsczb6kaCFbPAF","https://xstocks-metadata.backed.fi/logos/tokens/MNGx.png","MarketHours",false,0
"SMIN.GBx","Smiths xStock","SMINL","GBP","XspAgeHZ7DAtDP9Y3t56sTpuhCFY1GafqstYjcu13f7","https://xstocks-metadata.backed.fi/logos/tokens/SMIN.GBx.png","MarketHours",false,0
"WEIRx","Weir xStock","WEIRL","GBP","XsGWxUfzgE1Qq7eXjpeQwHC2TsgKzTXo5tXcsg9KRRd","https://xstocks-metadata.backed.fi/logos/tokens/WEIRx.png","MarketHours",false,0
"SBRYx","Sainsbury xStock","SBRYL","GBP","Xsy7nzWTjrfA9NBHBBPL6Hs3mQfKWXX6fk2mUPQEjpR","https://xstocks-metadata.backed.fi/logos/tokens/SBRYx.png","MarketHours",false,0
"CURYx","Currys xStock","CURYL","GBP","XsmG4XcqGRyjuk6j6mAwT7QeVPom76GbXipBZ5TkirK","https://xstocks-metadata.backed.fi/logos/tokens/CURYx.png","MarketHours",false,0
"HIK.GBx","Hikma Pharmaceuticals xStock","HIKL","GBP","XsFWXQ48hsQxeYdoJg1tGsfANfFHPs8kbJZL8kkFgj6","https://xstocks-metadata.backed.fi/logos/tokens/HIK.GBx.png","MarketHours",false,0
"BKG.GBx","Berkeley xStock","BKGL","GBP","XseXMu35TstUhDHfyQZJjt8Gk3k1Ki7sNgJ7zyr5CNA","https://xstocks-metadata.backed.fi/logos/tokens/BKG.GBx.png","MarketHours",false,0
"HILSx","Hill & Smith xStock","HILSL","GBP","XsNdESrkPBsGBunmPxvjkwfxLmBHn2yFukbLQpNzDBx","https://xstocks-metadata.backed.fi/logos/tokens/HILSx.png","MarketHours",false,0
"MROx","Melrose Industries xStock","MROL","GBP","Xs8gEF9vKesfaRWz47hTQdiwi6DP55cQwbmZhmF5mYa","https://xstocks-metadata.backed.fi/logos/tokens/MROx.png","MarketHours",false,0
"GRG.GBx","Greggs xStock","GRGL","GBP","Xs1D8Yx8LY1gvRSXQZgyoapZDE6Yt8uM5QZDtunbQ4F","https://xstocks-metadata.backed.fi/logos/tokens/GRG.GBx.png","MarketHours",false,0
"INCHx","Inchcape xStock","INCHL","GBP","XsdWpVSHxm4AZShvAkLBRa5PCaJq3LCdaamJGxgJLrd","https://xstocks-metadata.backed.fi/logos/tokens/INCHx.png","MarketHours",false,0
"UU.GBx","United Utilities xStock","UUL","GBP","XsSZEaqC9B6ac1aAYnNSXWUS1moV2MCYQMTFo6Cv7s9","https://xstocks-metadata.backed.fi/logos/tokens/UU.GBx.png","MarketHours",false,0
"TCAPx","TP Icap xStock","TCAPL","GBP","XsreDw9sQZQzvMUbgAkdGvk9JD1A4q8Sbfb1pq8Zxcr","https://xstocks-metadata.backed.fi/logos/tokens/TCAPx.png","MarketHours",false,0
"HBR.GBx","Harbour Energy xStock","HBRL","GBP","XsCb3TJrQb5f84KcDPsJSFf27aXfZkjK13J7v2T5zXG","https://xstocks-metadata.backed.fi/logos/tokens/HBR.GBx.png","MarketHours",false,0
"MKS.GBx","Marks & Spencer xStock","MKSL","GBP","XsGy52e7g5whVEwDxXoN7JNxyfffh4Rr8QYvsXRgyNU","https://xstocks-metadata.backed.fi/logos/tokens/MKS.GBx.png","MarketHours",false,0
"SGE.GBx","Sage xStock","SGEL","GBP","XsnVJZpyWBoxhzVAqNgXdaqDuyBCUffdoPrUgrfaT9S","https://xstocks-metadata.backed.fi/logos/tokens/SGE.GBx.png","MarketHours",false,0
"PSONx","Pearson xStock","PSONL","GBP","Xsama45PWCDWjND9x92h7C7uNLbqX76VubnyvYBvku1","https://xstocks-metadata.backed.fi/logos/tokens/PSONx.png","MarketHours",false,0
"RMVx","Rightmove xStock","RMVL","GBP","Xsm7Xcc4TtVQKdgEs7KBUVMimkWpMhqMwjaJ24G2sdn","https://xstocks-metadata.backed.fi/logos/tokens/RMVx.png","MarketHours",false,0
"NG.GBx","National Grid xStock","NGL","GBP","Xsa4x5GF2utijLC8uY1DmPYKRpeHk9BT2QXkQD2ZRyz","https://xstocks-metadata.backed.fi/logos/tokens/NG.GBx.png","MarketHours",false,0
"LGENx","Legal & General xStock","LGENL","GBP","Xs15uYmUhCJzemqtBvfVEfMW5KTPsuKMZg2MDL1rwxm","https://xstocks-metadata.backed.fi/logos/tokens/LGENx.png","MarketHours",false,0
"LSEGx","London Stock Exchange xStock","LSEGL","GBP","Xsgqwc7TpDNsYD8j4MLTzwqJuECdAcvW4jB9S62FDfX","https://xstocks-metadata.backed.fi/logos/tokens/LSEGx.png","MarketHours",false,0
"REL.GBx","Relx xStock","RELL","GBP","XsBs8gVk5onjugkDigC45ixK3FadqH5kAxjGHEvfSdE","https://xstocks-metadata.backed.fi/logos/tokens/REL.GBx.png","MarketHours",false,0
"RR.GBx","Rolls-Royce xStock","RRL","GBP","XsAUxvbWEvvdgVnXs1LRbk17Bgjfv2Y6cskPTGu6zrU","https://xstocks-metadata.backed.fi/logos/tokens/RR.GBx.png","MarketHours",false,0
"HSXx","Hiscox xStock","HSXL","GBP","XspeLbZhQF4oGcAPPJXhtfAToSMh273TBFSh77B47dv","https://xstocks-metadata.backed.fi/logos/tokens/HSXx.png","MarketHours",false,0
"LLOYx","Lloyds Banking xStock","LLOYL","GBP","XskhwomYHra5YRCmeH3PtiCZY9Lx9QprrxvREdk1YEQ","https://xstocks-metadata.backed.fi/logos/tokens/LLOYx.png","MarketHours",false,0
"INVPx","Investec xStock","INVPL","GBP","Xs2Ejy1fMZtHrC4yb9nM4XzsVHVKnJEENi9PZmPqo1L","https://xstocks-metadata.backed.fi/logos/tokens/INVPx.png","MarketHours",false,0
"IMIx","IMI xStock","IMIL","GBP","Xsyi8wDoaaArbZKnyFAVz9LJhed9iLeNxT586QwPwR6","https://xstocks-metadata.backed.fi/logos/tokens/IMIx.png","MarketHours",false,0
"HWDNx","Howden Joinery xStock","HWDNL","GBP","XsderJhLTce957LZDcv8xkuRmjSU3AoaSbAWmf8BYHw","https://xstocks-metadata.backed.fi/logos/tokens/HWDNx.png","MarketHours",false,0
"INF.GBx","Informa xStock","INFL","GBP","XsM8Hrm1jMh4yAH3DpoVR66YNDV1a4xf5k2mmHv6Wqk","https://xstocks-metadata.backed.fi/logos/tokens/INF.GBx.png","MarketHours",false,0
"JD.GBx","JD Sports Fashion xStock","JDL","GBP","Xsm81A6dr8mgCUBWPXSV47M2m8BkzFkkcq81vTMGqCL","https://xstocks-metadata.backed.fi/logos/tokens/JD.GBx.png","MarketHours",false,0
"KGFx","Kingfisher xStock","KGFL","GBP","XsN6LCaYcQq8Gn1awaCdMge96gHyGaqFBmHmv8Zj2FW","https://xstocks-metadata.backed.fi/logos/tokens/KGFx.png","MarketHours",false,0
"IGGx","IG xStock","IGGL","GBP","Xs5Fz9gcBsdz4NnLeTfcMNtE3qgFeXWugY1NctAmEGh","https://xstocks-metadata.backed.fi/logos/tokens/IGGx.png","MarketHours",false,0
"IMBx","Imperial Brands xStock","IMBL","GBP","XsQCHobH4od9Yx67dDShF2YG34XYqApCeHVuvj9kchM","https://xstocks-metadata.backed.fi/logos/tokens/IMBx.png","MarketHours",false,0
"GLENx","Glencore xStock","GLENL","GBP","Xsz31C1hLJRXCxcaw84pMhkUHdF54B5MSFdTWYLZ4Rh","https://xstocks-metadata.backed.fi/logos/tokens/GLENx.png","MarketHours",false,0
"GAWx","Games Workshop xStock","GAWL","GBP","XsmZTCZ66HMRvK87zwbicJ9sthjqvu5GVbRV57mgTpc","https://xstocks-metadata.backed.fi/logos/tokens/GAWx.png","MarketHours",false,0
"CRDAx","Croda International xStock","CRDAL","GBP","XshoX6qy11Q4HHcaJKU6h7JVmVqXiAXPLACiGLqLTxZ","https://xstocks-metadata.backed.fi/logos/tokens/CRDAx.png","MarketHours",true,0
"HLMAx","Halma xStock","HLMAL","GBP","XsaX2uNTuVMLS9suc8XfPmUqgjtatcJKgdfRtnXJ4pf","https://xstocks-metadata.backed.fi/logos/tokens/HLMAx.png","MarketHours",false,0
"ENTx","Entain xStock","ENTL","GBP","XsSZgwA3SCj5n6TEtkpfUweKXUuZWFgAJtn7SmkBBMV","https://xstocks-metadata.backed.fi/logos/tokens/ENTx.png","MarketHours",false,0
"BTRWx","Barratt Redrow xStock","BTRWL","GBP","Xs7Lv15gA3Rjf5W7jVjcLAnjce7LKHSknMRHBVAyNzT","https://xstocks-metadata.backed.fi/logos/tokens/BTRWx.png","MarketHours",false,0
"EXPNx","Experian xStock","EXPNL","GBP","XscBXwj1Xq7g5ayDwJCFUGF3UDxxsVVCnZuwpxMxSQ6","https://xstocks-metadata.backed.fi/logos/tokens/EXPNx.png","MarketHours",false,0
"FRESx","Fresnillo xStock","FRESL","GBP","XsLQMGy9R2u9nHvh3G7qbtRyREEXvXpUfjjmdLaxGcd","https://xstocks-metadata.backed.fi/logos/tokens/FRESx.png","MarketHours",false,0
"CTEC.GBx","ConvaTec xStock","CTECL","GBP","Xsftt2xCow4ZccztK3ai3tV8qjfNvMbiUMYmQUknLNV","https://xstocks-metadata.backed.fi/logos/tokens/CTEC.GBx.png","MarketHours",false,0
"DPLMx","Diploma xStock","DPLML","GBP","XsF4YQ8jUR5rRPoGdwSCEmJ9xrfJ2vorWoMxyzFCJp2","https://xstocks-metadata.backed.fi/logos/tokens/DPLMx.png","MarketHours",false,0
"HSBAx","HSBC xStock","HSBAL","GBP","XsiABbf6PQ8oPyZhqWg9LFTh8K3xMbZWp3ybjhyhE9d","https://xstocks-metadata.backed.fi/logos/tokens/HSBAx.png","MarketHours",false,0
"EDV.GBx","Endeavour Mining xStock","EDVL","GBP","Xs3qTSWcLp9WP4BH8ihLcFsRLzv8CRw2tWHymhEfyTx","https://xstocks-metadata.backed.fi/logos/tokens/EDV.GBx.png","MarketHours",false,0
"BPx","BP xStock","BPL","GBP","Xsdj6kUSZo4jUq1bpJ5bh9z4deR1fVY6Fn8e2ySvrkJ","https://xstocks-metadata.backed.fi/logos/tokens/BPx.png","MarketHours",false,0
"BRBYx","Burberry xStock","BRBYL","GBP","XsijAxbQkBewsynCHDdEgHWavY3pwuRkJfGi8jNdAnL","https://xstocks-metadata.backed.fi/logos/tokens/BRBYx.png","MarketHours",false,0
"AV.GBx","Aviva xStock","AVL","GBP","XsRUVKNpti3iMz5pU7nUTrfGHLVuLUKuh3qxXSsE9wZ","https://xstocks-metadata.backed.fi/logos/tokens/AV.GBx.png","MarketHours",false,0
"DGEx","Diageo xStock","DGEL","GBP","Xskk9MXXX59dgwbj8hSZZUCc6RCyVVE2jLk7AsAQhyw","https://xstocks-metadata.backed.fi/logos/tokens/DGEx.png","MarketHours",false,0
"BT.Ax","BT xStock","BTL","GBP","XskY8Q5ZHvhVJuBBor4iVjCbztSfBV4hsmEtoa9vPnT","https://xstocks-metadata.backed.fi/logos/tokens/BT.Ax.png","MarketHours",false,0
"BNZLx","Bunzl xStock","BNZLL","GBP","XsV7rBpwfAQVkKK1NmNTCMzJQvsVwXYxFciVYXeA9nV","https://xstocks-metadata.backed.fi/logos/tokens/BNZLx.png","MarketHours",false,0
"BARCx","Barclays xStock","BARCL","GBP","Xsj83vfdGZqBQ6pTHJ7PRqWQBnm9UgUzWqT2fUztwme","https://xstocks-metadata.backed.fi/logos/tokens/BARCx.png","MarketHours",false,0
"BEZ.GBx","Beazley xStock","BEZL","GBP","Xs4gTbX4XBcHxQq5qFSn56zhuoe6NKwsSqKk3LoX226","https://xstocks-metadata.backed.fi/logos/tokens/BEZ.GBx.png","MarketHours",false,0
"AUTO.GBx","Auto Trader xStock","AUTOL","GBP","Xsuq2i3pPWHHM8o8i2jgvD9uAU6Kkzosi335iKRa1my","https://xstocks-metadata.backed.fi/logos/tokens/AUTO.GBx.png","MarketHours",false,0
"BGEOx","Lion Finance xStock","BGEOL","GBP","XsbAuLnxt5JVLzcLC3nCo4h3jnRiFqxXzauVe4bHvDp","https://xstocks-metadata.backed.fi/logos/tokens/BGEOx.png","MarketHours",false,0
"BA.GBx","BAE Systems xStock","BAL","GBP","XsnpBvWb5ZUcVb9MhDUt8Jir8RyaFADjVujpF3REcME","https://xstocks-metadata.backed.fi/logos/tokens/BA.GBx.png","MarketHours",false,0
"BATSx","British American Tobacco xStock","BATSL","GBP","XsnHFPDQiWVbmZobbRvneRpvY5BL7AGKcJ9kMJGvUgk","https://xstocks-metadata.backed.fi/logos/tokens/BATSx.png","MarketHours",false,0
"BAB.GBx","Babcock International xStock","BABL","GBP","XsPJ7qgHgLGn78JVNuoMGsCXQsThJQmxcp3yGK86X5X","https://xstocks-metadata.backed.fi/logos/tokens/BAB.GBx.png","MarketHours",false,0
"ICG.GBx","ICG xStock","ICGL","GBP","XsWbh78UsRczCGeJz2xAojo918D13ks9dst83AbscyS","https://xstocks-metadata.backed.fi/logos/tokens/ICG.GBx.png","MarketHours",false,0
"CNA.GBx","Centrica xStock","CNAL","GBP","XsNZhxqPhitSup6kZr8NUZZnhGzZy4JiYsPwJUCwuCu","https://xstocks-metadata.backed.fi/logos/tokens/CNA.GBx.png","MarketHours",false,0
"ANTOx","Antofagasta xStock","ANTOL","GBP","Xs1HiAY2BitDiQVebt2EJ6TFueRLia5ujSGqnh3vp3w","https://xstocks-metadata.backed.fi/logos/tokens/ANTOx.png","MarketHours",false,0
"CWK.GBx","Cranswick xStock","CWKL","GBP","XsESJA8L13skRorjkG6pMxKk2cPLthCeXoDsThiLhzc","https://xstocks-metadata.backed.fi/logos/tokens/CWK.GBx.png","MarketHours",false,0
"ABFx","Associated British Foods xStock","ABFL","GBP","XsWsRPQPNCtZj5G5k8bWRdAfd1x55Ct7qkHUiSzXZNH","https://xstocks-metadata.backed.fi/logos/tokens/ABFx.png","MarketHours",false,0
"WPPx","WPP xStock","WPPL","GBP","Xs2ZYqqYG6xgBsRBw8Rhn9rCVggLitQMnW8KFKgxAVB","https://xstocks-metadata.backed.fi/logos/tokens/WPPx.png","MarketHours",false,0
"GNS.GBx","Genus xStock","GNSL","GBP","XsXXe4iwbJv1PkEgKzGL1oSrVtWT6QDD1qtuahFTfs7","https://xstocks-metadata.backed.fi/logos/tokens/GNS.GBx.png","MarketHours",false,0
"ABDNx","Aberdeen xStock","ABDNL","GBP","XsubSc7YfpRsK6PbLVnK3XCZRJkQEkkiRhvG9f2JQan","https://xstocks-metadata.backed.fi/logos/tokens/ABDNx.png","MarketHours",false,0
"IAG.GBx","International Consolidated Airlines xStock","IAGL","GBP","Xs1Y89cAPbtcPfkwmKY5E4EaET1SsLxwQ63pa6MR2YZ","https://xstocks-metadata.backed.fi/logos/tokens/IAG.GBx.png","MarketHours",false,0
"CCC.GBx","Computacenter xStock","CCCL","GBP","Xsox8WPr1nuUYChxKKzXbwAdAUdtD3B62RBQHrwB2ws","https://xstocks-metadata.backed.fi/logos/tokens/CCC.GBx.png","MarketHours",false,0
"PSN.GBx","Persimmon xStock","PSNL","GBP","XsJJviVjnT7MjnkPierCHLBTUHrhG7yj8Drscvb5x4Z","https://xstocks-metadata.backed.fi/logos/tokens/PSN.GBx.png","MarketHours",false,0
"NXT.GBx","Next xStock","NXTL","GBP","Xs6MKSza8obeoELdtqLfdr68QerhhQsYkEaqe56Wzez","https://xstocks-metadata.backed.fi/logos/tokens/NXT.GBx.png","MarketHours",false,0
"BBY.GBx","Balfour Beatty xStock","BBYL","GBP","Xs6aBbsUaqRPpA1dCW5VTr3nytceSMFqf126ZixvFPk","https://xstocks-metadata.backed.fi/logos/tokens/BBY.GBx.png","MarketHours",false,0
"RTOx","Rentokil Initial xStock","RTOL","GBP","XswGtwn9kLnkHMih5HCmDg1Z2yYEfdP3YbFzwNKNY1Y","https://xstocks-metadata.backed.fi/logos/tokens/RTOx.png","MarketHours",false,0
"AAFx","Airtel Africa xStock","AAFL","GBP","XskX5tputmVo1uUb7uSg27iuEpyQ1SFn53y9YR3Y6WX","https://xstocks-metadata.backed.fi/logos/tokens/AAFx.png","MarketHours",false,0
"PRU.GBx","Prudential xStock","PRUL","GBP","Xs5CavUKFk1UFDwp9BYRFWso8s8mv9Z2ZQ5kZausrMM","https://xstocks-metadata.backed.fi/logos/tokens/PRU.GBx.png","MarketHours",false,0
"HLNx","Haleon xStock","HLNL","GBP","XsYEEhCgtTKiVyZFBNKGLG4st4Ken7anB6Upv9cb7ih","https://xstocks-metadata.backed.fi/logos/tokens/HLNx.png","MarketHours",false,0
"NWGx","NatWest xStock","NWGL","GBP","XsVXnJqySwKVHq3stnK9EKc7criyv5oTtrid7UJQot7","https://xstocks-metadata.backed.fi/logos/tokens/NWGx.png","MarketHours",false,0
"RIO.GBx","Rio Tinto xStock","RIOL","GBP","Xsoxnt9fu9WTdk6US17DzAoQxFTQAzFT3dC3eYfDLnN","https://xstocks-metadata.backed.fi/logos/tokens/RIO.GBx.png","MarketHours",false,0
"GSKx","GSK xStock","GSKL","GBP","XsyE4s6Q9qdmAcRAMETHQsSXRBXL8yEov9AuXbfHrVW","https://xstocks-metadata.backed.fi/logos/tokens/GSKx.png","MarketHours",false,0
"SHELx","Shell xStock","SHELL","GBP","XsZY1Ta5ubY2ohQT94HNDNADiHUvyeSQX1RkTV8omx8","https://xstocks-metadata.backed.fi/logos/tokens/SHELx.png","MarketHours",false,0
"ADM.GBx","Admiral xStock","ADML","GBP","Xssa8PW8vfp3DbCEBY1LbV6sXpFd1foqBdfk5VPLNgV","https://xstocks-metadata.backed.fi/logos/tokens/ADM.GBx.png","MarketHours",false,0
"TSCO.GBx","Tesco xStock","TSCOL","GBP","XsuvquK96tF2uby3f6KaTCcAVTZtv6MUkdbzhPYQ1Zr","https://xstocks-metadata.backed.fi/logos/tokens/TSCO.GBx.png","MarketHours",false,0
"RKT.GBx","Reckitt Benckiser xStock","RKTL","GBP","Xs9NjN5ksSXMmjRhZkUG6JfQhMTTE1X8hNH5mVbnQ6v","https://xstocks-metadata.backed.fi/logos/tokens/RKT.GBx.png","MarketHours",false,0
"VODx","Vodafone xStock","VODL","GBP","XsPfiLnSyYwDLytKxdp5N8PsEPV3jV6GCPuhacgz5it","https://xstocks-metadata.backed.fi/logos/tokens/VODx.png","MarketHours",false,0
"BANKCx","Bank Of China xStock","3988","HKD","Xs3uhDYpQGfkeZ7rrzQgmozWQHC5uDLUa6iAN65qHM1","https://xstocks-metadata.backed.fi/logos/tokens/BANKCx.png","Regular",false,0
"SUOPTx","Sunny Optical Technology Group xStock","2382","HKD","XsVpajrhXA4CffEm652abYSS2iDiKnLnarPYxaokYis","https://xstocks-metadata.backed.fi/logos/tokens/SUOPTx.png","Regular",false,0
"MMGx","MMG xStock","1208","HKD","XsfLyKBQbxGQu7jQk37Ev55Sb9hxfbiHxX7X3msqHTs","https://xstocks-metadata.backed.fi/logos/tokens/MMGx.png","Regular",false,0
"TNGYIx","Tingyi xStock","322","HKD","XsMMFdkb82bRyNcwXxWZQqkurJuzdqZ5Wf6ydd5exBe","https://xstocks-metadata.backed.fi/logos/tokens/TNGYIx.png","Regular",false,0
"ZHAOMx","Zhaojin Mining Industry xStock","1818","HKD","XsPRsZhqX1Ef1n7bwLtyA6hZPP96Gp99H11MHHA9UQ5","https://xstocks-metadata.backed.fi/logos/tokens/ZHAOMx.png","Regular",false,0
"LAOPGx","Laopu Gold xStock","6181","HKD","XscTQ6FeMPkhTuhFsrCZRn4fBmGsvqnFmPKfbC9B24g","https://xstocks-metadata.backed.fi/logos/tokens/LAOPGx.png","Regular",false,0
"JDLOGx","JD Logistics xStock","2618","HKD","XsrGQPAF78mZRdnYK9U7m9wR93h3zpToVGv9yAuQUzf","https://xstocks-metadata.backed.fi/logos/tokens/JDLOGx.png","Regular",false,0
"CTINSx","China Taiping Insurance xStock","966","HKD","Xst1K519UWCXvw2nKW6qHWfiUmFA3ybvvYpifzYhTWF","https://xstocks-metadata.backed.fi/logos/tokens/CTINSx.png","Regular",false,0
"KUNLx","Kunlun Energy xStock","135","HKD","XsxnZRxni2PYV3KTmfqJmZHFK1z55DV4pigWDuMZH8i","https://xstocks-metadata.backed.fi/logos/tokens/KUNLx.png","Regular",false,0
"WRFHDx","The Wharf Holdings xStock","4","HKD","XsQqWNfMfAVg8hSfGMFzSvEfqwhid5qcZVmm6ny6g3a","https://xstocks-metadata.backed.fi/logos/tokens/WRFHDx.png","Regular",false,0
"HAIDLx","Haidilao International xStock","6862","HKD","XssLkiDcsHvkTi2BXDLnXszTktNnTPBXFMVTvMBvVtb","https://xstocks-metadata.backed.fi/logos/tokens/HAIDLx.png","Regular",false,0
"SNBIOx","Sino Biopharmaceutical xStock","1177","HKD","XsyeAGJ5CS1uDtDcnFaHTW3QCF5eL2CAt8vcrRBeAs5","https://xstocks-metadata.backed.fi/logos/tokens/SNBIOx.png","Regular",false,0
"SZIGHx","Shenzhou International xStock","2313","HKD","XsvkFi5zMUCQ9Ynzjsu2d5wcpTEZBW5ZRggHhDBUwRC","https://xstocks-metadata.backed.fi/logos/tokens/SZIGHx.png","Regular",false,0
"ENNHLx","ENN Energy xStock","2688","HKD","XsfTYmMC73C6xJsc5k92ZWBdQtEtmnRsVtkN9s5RPQZ","https://xstocks-metadata.backed.fi/logos/tokens/ENNHLx.png","Regular",false,0
"SMOIHx","Smoore International xStock","6969","HKD","XswbKzrwuU9XaDu5w5xLXFwSwr9AbyusuP8SMYirr49","https://xstocks-metadata.backed.fi/logos/tokens/SMOIHx.png","Regular",false,0
"HRZRBx","Horizon Robotics xStock","9660","HKD","XskaoJotEKofUeTnxQfvoQuW2kbL53uvnDJqVXj7Gf7","https://xstocks-metadata.backed.fi/logos/tokens/HRZRBx.png","Regular",false,0
"CRESBx","China Resources Beer Holdings xStock","291","HKD","XsptDxuTbpFNx9vic5CMDRiGzPDhNDcVp2i9bUdTktn","https://xstocks-metadata.backed.fi/logos/tokens/CRESBx.png","Regular",false,0
"CMERPx","China Merchants Port xStock","144","HKD","Xsa8uVzPAfd1FwuHEhVXKFj9Nn2Bprn4DAzUw7Hz7SR","https://xstocks-metadata.backed.fi/logos/tokens/CMERPx.png","Regular",false,0
"CSPCx","CSPC Pharmaceutical xStock","1093","HKD","Xs5hnQoLHnA2xeHaaxYGkCV2Kp12SwCEeCKBK7BW3gr","https://xstocks-metadata.backed.fi/logos/tokens/CSPCx.png","Regular",false,0
"JTGEXx","J&T Global Express xStock","1519","HKD","XsMotTTUju1CZRh88eCRM1Pm6f91qHh1kbmaBYdS85b","https://xstocks-metadata.backed.fi/logos/tokens/JTGEXx.png","Regular",false,0
"CRESMx","China Resources Mixc Lifestyle Services xStock","1209","HKD","XsKFSq4aTzj9L2g1rqbdcewZH3bZNE2WwWBZKcGNxsX","https://xstocks-metadata.backed.fi/logos/tokens/CRESMx.png","Regular",false,0
"WXXDCx","WuXi XDC Cayman xStock","2268","HKD","XsakKPtdcDAk78qkX3vqdJucecauLw6tcL6BJhG5nA8","https://xstocks-metadata.backed.fi/logos/tokens/WXXDCx.png","Regular",false,0
"CMENDx","China Mengniu Dairy xStock","2319","HKD","XsD87ikehM9bu4pEdyT32TdMP2J5ph3F1uBCwEFdLUo","https://xstocks-metadata.backed.fi/logos/tokens/CMENDx.png","Regular",false,0
"BDWAPx","Budweiser Brewing Co APAC xStock","1876","HKD","XscpBVm2popZi9D3rPNEV5fyxonLfJeTZ8iFeowZQ9b","https://xstocks-metadata.backed.fi/logos/tokens/BDWAPx.png","Regular",false,0
"MIXUx","Mixue xStock","2097","HKD","Xs85byjTdWv5Z3YpUqyJjeRaZsxQDz81skYjQKdPDZc","https://xstocks-metadata.backed.fi/logos/tokens/MIXUx.png","Regular",false,0
"ASMPTx","ASMPT xStock","522","HKD","XscQZXWUx2vw2cP1oQSBgRVJaky1pV6anaAKomxoFYn","https://xstocks-metadata.backed.fi/logos/tokens/ASMPTx.png","Regular",false,0
"WHRFRx","Wharf Real Estate Investment xStock","1997","HKD","XsXQY2nH5bKDLEHwigMzqnmicscdXei1MhduRZeF4F3","https://xstocks-metadata.backed.fi/logos/tokens/WHRFRx.png","Regular",false,0
"SITCx","SITC International xStock","1308","HKD","XsLwAZXq8MyrkrdsfmPoRxrdQMvGjwveSK9Ug33uRku","https://xstocks-metadata.backed.fi/logos/tokens/SITCx.png","Regular",false,0
"JDHLTx","JD Health International xStock","6618","HKD","Xsaax31N2dJnKtkDbbJfvdYgz1zWmgx3xaYf6yjNuWx","https://xstocks-metadata.backed.fi/logos/tokens/JDHLTx.png","Regular",false,0
"SNDSCx","Sands China xStock","1928","HKD","XsFRth3iT4KjYSzVvWpdeFhFjzdguCFiv3zMWJEodsF","https://xstocks-metadata.backed.fi/logos/tokens/SNDSCx.png","Regular",false,0
"CRESPx","China Resources Power xStock","836","HKD","Xs22M1UvnSTzoiVopRbsYxcSFX4caT93eQgx27R8Xu7","https://xstocks-metadata.backed.fi/logos/tokens/CRESPx.png","Regular",false,0
"PRADx","Prada xStock","1913","HKD","Xsb9LAiNr8LAGa8G9Uo1UxoWKs43adKvhXTdTtFt7mo","https://xstocks-metadata.backed.fi/logos/tokens/PRADx.png","Regular",false,0
"SINOTx","Sinotruk xStock","3808","HKD","XsgiiLos4YromwpmshTMTN6z3PSbD51HSn9k9xysujp","https://xstocks-metadata.backed.fi/logos/tokens/SINOTx.png","Regular",false,0
"CTFJWx","Chow Tai Fook Jewellery xStock","1929","HKD","XsWgkRwEBBWSzUTXX8CU84LpRheciMF8o6ZdSMR3Gny","https://xstocks-metadata.backed.fi/logos/tokens/CTFJWx.png","Regular",false,0
"CLONPx","China Longyuan Power xStock","916","HKD","XsyGQnVqV2XoDzSGsHoemfpvpctbEMtqdBvRk1nGnLZ","https://xstocks-metadata.backed.fi/logos/tokens/CLONPx.png","Regular",false,0
"WHGROx","WH xStock","288","HKD","XsQDsbd6nqERiTZY2TkBheUG53QsewgCa2eaCSS4PYe","https://xstocks-metadata.backed.fi/logos/tokens/WHGROx.png","Regular",false,0
"SINOx","Sino Land xStock","83","HKD","XsUtvf2GurvELy5dM2cHVZHZ4ufkviBv6gjQFfKKHeL","https://xstocks-metadata.backed.fi/logos/tokens/SINOx.png","Regular",false,0
"CTPCAx","Cathay Pacific Airways xStock","293","HKD","Xs9ZqDkZpNZ62FMdQeAQhz5a9fNQ7hXy2XCWDvEnpKn","https://xstocks-metadata.backed.fi/logos/tokens/CTPCAx.png","Regular",false,0
"PWAHLx","Power Assets xStock","6","HKD","XsQqMhANWwSjKHAV2rEN1yGaBRxSBRbFGxwzmfjJcBh","https://xstocks-metadata.backed.fi/logos/tokens/PWAHLx.png","Regular",false,0
"CLPHDx","CLP xStock","2","HKD","XsC1MeKZhxG5mv1h6oen9YVT2Skfxa3GMVkXymkTF8N","https://xstocks-metadata.backed.fi/logos/tokens/CLPHDx.png","Regular",false,0
"GENTEx","Galaxy Entertainment xStock","27","HKD","Xs8q9nMs3HPqxpGqxRXaSrnVcMXPKkXzR9f9XT9doXG","https://xstocks-metadata.backed.fi/logos/tokens/GENTEx.png","Regular",false,0
"CRAUTx","Chery Automobile xStock","9973","HKD","XsN23gnUFVBFR2RL9pQicMG1NNy56okJ9eTTQUSNubA","https://xstocks-metadata.backed.fi/logos/tokens/CRAUTx.png","Regular",false,0
"WUXIBx","WuXi Biologics xStock","2269","HKD","Xsza1ZaAjp3SfM5ejn7BPdNCJePtSh7iLK58rqF4i1z","https://xstocks-metadata.backed.fi/logos/tokens/WUXIBx.png","Regular",false,0
"SWPRPx","Swire Properties xStock","1972","HKD","Xsxr7Bmw3Sj4ib4RziMw3CZuFVfCUgFuXi4W5bbmrV4","https://xstocks-metadata.backed.fi/logos/tokens/SWPRPx.png","Regular",false,0
"CKAHx","CK Asset xStock","1113","HKD","XsEV5rBKdRtbmVLXmCxTm6Dox3467drekVVwpupVLrP","https://xstocks-metadata.backed.fi/logos/tokens/CKAHx.png","Regular",true,0
"CKINFx","CK Infrastructure xStock","1038","HKD","XsgYr5PbwmUuQTDFwVDAx2M4KzZKwz2zvYMzg4Nuwym","https://xstocks-metadata.backed.fi/logos/tokens/CKINFx.png","Regular",false,0
"HKCGAx","Hong Kong and China Gas xStock","3","HKD","XsgLierNGzsEw1eziSPaKANRPfxXadZ6syo4WdGz2S7","https://xstocks-metadata.backed.fi/logos/tokens/HKCGAx.png","Regular",false,0
"KUAIx","Kuaishou Technology xStock","1024","HKD","XsD9Zgip86m52ob2c9MNTtDVoin1KmgdCNUCCDwsEPF","https://xstocks-metadata.backed.fi/logos/tokens/KUAIx.png","Regular",false,0
"HKEXCx","Hong Kong Exchanges and Clearing xStock","388","HKD","XsZQt7qW9vH5SWXZPsn1ZAybCSkq5MW2r6HGo891u1X","https://xstocks-metadata.backed.fi/logos/tokens/HKEXCx.png","Regular",false,0
"NONGx","Nongfu Spring xStock","9633","HKD","XsZHUEeic6QiGEadqCje2zBoTxNX1B3857CjYkMEfuw","https://xstocks-metadata.backed.fi/logos/tokens/NONGx.png","Regular",false,0
"COVELx","China Overseas Land & Investment xStock","688","HKD","XsSWT1Cw3vemPuy82ATtfT8R347jctHVri1m2NzfD2G","https://xstocks-metadata.backed.fi/logos/tokens/COVELx.png","Regular",false,0
"CHONGx","China Hongqiao xStock","1378","HKD","Xs1Pd2VsTd1MBDnnBNtH2V68Z5WPNtMmYmE9cuMoBcT","https://xstocks-metadata.backed.fi/logos/tokens/CHONGx.png","Regular",false,0
"MEITx","Meituan xStock","3690","HKD","XsLvCfSnXJjoVaAJENHxKRzCZaWJpyVQQfJgkHp9oXM","https://xstocks-metadata.backed.fi/logos/tokens/MEITx.png","Regular",false,0
"GEELx","Geely Automobile xStock","175","HKD","XsxsXLryvGn9xUBvkzcjNLR9C1krKy8YEySN7yVEyme","https://xstocks-metadata.backed.fi/logos/tokens/GEELx.png","Regular",false,0
"MTRCPx","MTR xStock","66","HKD","Xs1myeXT9eHk3aAX2xa6LZ5AWBJzsDLc5RxT9zYqWAm","https://xstocks-metadata.backed.fi/logos/tokens/MTRCPx.png","Regular",false,0
"HNDLDx","Henderson Land Development xStock","12","HKD","XsXQAtNjEzXfEotjKz6QQ9WHBdhbzMbPJDQfsc3UR7D","https://xstocks-metadata.backed.fi/logos/tokens/HNDLDx.png","Regular",false,0
"PICCx","PICC Property and Casualty xStock","2328","HKD","XsFRjWSNaDPz9nVYUsSky5dJKjN6W5JupHCHbNwg4mE","https://xstocks-metadata.backed.fi/logos/tokens/PICCx.png","Regular",false,0
"COSCx","COSCO SHIPPING xStock","1919","HKD","Xsq94yaNbSREX4vckv2jKRaZziduQMQX3nwDm4eJNet","https://xstocks-metadata.backed.fi/logos/tokens/COSCx.png","Regular",false,0
"CKHUTx","CK Hutchison xStock","1","HKD","XsjMBmvjeERTrf2odjQKQKFgBVWsiC5J9Mhe9eCNyfW","https://xstocks-metadata.backed.fi/logos/tokens/CKHUTx.png","Regular",true,0
"POPMTx","Pop Mart International xStock","9992","HKD","XsyQU594M51pbhveG89CPanCJHPJt1tjLJroKMeHrmm","https://xstocks-metadata.backed.fi/logos/tokens/POPMTx.png","Regular",false,0
"BOCOMx","Bank of Communications xStock","3328","HKD","XscjyoChdmwiZwDzQZQXEVFsyYTc6Bhfn9TzyfufjVd","https://xstocks-metadata.backed.fi/logos/tokens/BOCOMx.png","Regular",false,0
"CPETCx","China Petroleum & Chemical xStock","386","HKD","Xsk88vf8LbRSVFTd9nu7kBsC2hNpQt4UckiV7eLSct4","https://xstocks-metadata.backed.fi/logos/tokens/CPETCx.png","Regular",false,0
"BOCHKx","BOC Hong Kong xStock","2388","HKD","XsdyyYJSCDVHBdAujSoWnQEDBQi9Y85YxoGVueJNf1j","https://xstocks-metadata.backed.fi/logos/tokens/BOCHKx.png","Regular",false,0
"CITICx","CITIC xStock","267","HKD","XsdSGGAQyFiEuCVyV5ZQgB79pXXpr7vZPm3nhvHwKzK","https://xstocks-metadata.backed.fi/logos/tokens/CITICx.png","Regular",true,0
"ANTASx","ANTA Sports Products xStock","2020","HKD","XsdP2Pc9F6UsUujiydSsBGZGNYpDMivEjNfQ1ytHD1P","https://xstocks-metadata.backed.fi/logos/tokens/ANTASx.png","Regular",false,0
"CRESLx","China Resources Land xStock","1109","HKD","XsbsVbQ24JD4HKnrz4eLktPBgZEMX3cooqiFapFjUtB","https://xstocks-metadata.backed.fi/logos/tokens/CRESLx.png","Regular",false,0
"HAIERx","Haier Smart Home xStock","6690","HKD","XsW6LqAt4tGLAWu31ya4BQ9DLdpXeVEDSNZSqzbkYRC","https://xstocks-metadata.backed.fi/logos/tokens/HAIERx.png","Regular",false,0
"ZJGLDx","Zijin Gold International xStock","2259","HKD","Xs64245JybP9rgXJZJZcxKKRwqJnRpGKzoKtVNcyhoS","https://xstocks-metadata.backed.fi/logos/tokens/ZJGLDx.png","Regular",false,0
"PSBOCx","Postal Savings Bank Of China xStock","1658","HKD","XsZDpnjZWLY4yN5FMgTg2GZSdH7ZpWuHPYsooTKXH6u","https://xstocks-metadata.backed.fi/logos/tokens/PSBOCx.png","Regular",false,0
"ICBCx","Industrial And Commercial Bank Of China xStock","1398","HKD","XswoSyxJ3NayixJFM4y7JUNL8CFDrL68oUw7nr3Kbnz","https://xstocks-metadata.backed.fi/logos/tokens/ICBCx.png","Regular",false,0
"AIAGRx","AIA xStock","1299","HKD","XsQk7zRMNmbgSr4ZnvANH4enGH7zkUAtahKuckYy7x7","https://xstocks-metadata.backed.fi/logos/tokens/AIAGRx.png","Regular",false,0
"CCONBx","China Construction Bank xStock","939","HKD","XsvPonyU9dZWsZsT2rJ1MBRAmPw8gMtS7M3ERko8XkK","https://xstocks-metadata.backed.fi/logos/tokens/CCONBx.png","Regular",false,0
"BYDCOx","BYD xStock","1211","HKD","Xsbcv5nSVTc5A7jRZNe2Sg6VtgCyyb32SC2nnaPK5MZ","https://xstocks-metadata.backed.fi/logos/tokens/BYDCOx.png","Regular",false,0
"XIAOx","Xiaomi xStock","1810","HKD","XsvP4b65AoC8f2hEuXj3yAKzRCLtW4aCQupZcuK1vAe","https://xstocks-metadata.backed.fi/logos/tokens/XIAOx.png","Regular",false,0
"CSHEEx","China Shenhua Energy xStock","1088","HKD","XspgPmoq1m39tGMLmourzxXgGmSLbjfxiytABBwGA2u","https://xstocks-metadata.backed.fi/logos/tokens/CSHEEx.png","Regular",false,0
"PICOx","Ping An Insurance Group Co. of China xStock","2318","HKD","XsioL5whfekeqi92geGL9hqkDWJ2XuDbXDcmBkJktro","https://xstocks-metadata.backed.fi/logos/tokens/PICOx.png","Regular",false,0
"CLINSx","China Life Insurance xStock","2628","HKD","XsoHpcJS91HhgMCe9ApwgpXbXFjV4ZoYATsZ5WQM4RB","https://xstocks-metadata.backed.fi/logos/tokens/CLINSx.png","Regular",false,0
"TCENTx","Tencent xStock","700","HKD","XsXb7KCxcxTi6hqWfYyEe1kpTwtiCeU5TJbEz8N7RWn","https://xstocks-metadata.backed.fi/logos/tokens/TCENTx.png","Regular",false,0
"CRWVx","CoreWeave xStock","CRWV","USD","Xs3trfdPXSZuxBJsgau6HRfu8SdrCirkwHpPNgSpJz9","https://xstocks-metadata.backed.fi/logos/tokens/CRWVx.png","TwentyFourFive",false,0
"TWSTx","Twist Bioscience xStock","TWST","USD","XsMAsw5BADYr3m19HhYeXrG1qAieeP75DT8tKn42DFA","https://xstocks-metadata.backed.fi/logos/tokens/TWSTx.png","TwentyFourFive",false,0
"CBRSx","Cerebras Systems xStock","CBRS","USD","Xstq9oUsBPd8LSyivHhnt8P8t9xK5RYoM9P6izLczvm","https://xstocks-metadata.backed.fi/logos/tokens/CBRSx.png","TwentyFourFive",false,0
"SHAZx","SharonAI xStock","SHAZ","USD","XshjhoEnkjn6T6f2oyzVrAnMFgixpvFoBp7KepdByJ7","https://xstocks-metadata.backed.fi/logos/tokens/SHAZx.png","Regular",false,0
"TEx","T1 Energy xStock","TE","USD","XsEn37JjZxj3m9YayAyCCJFaQKBPZc6aUEiLEus5igu","https://xstocks-metadata.backed.fi/logos/tokens/TEx.png","TwentyFourFive",false,0
"NBISx","Nebius xStock","NBIS","USD","Xsii5eERa2sKFyTHQqdYxpxL5xoUSLVurzHeqBEMBho","https://xstocks-metadata.backed.fi/logos/tokens/NBISx.png","TwentyFourFive",false,0
"QUREx","uniQure xStock","QURE","USD","XsuE5LvQcc9P67iWVqsysQ84DBDRWssbiKnwY8JtwpL","https://xstocks-metadata.backed.fi/logos/tokens/QUREx.png","TwentyFourFive",false,0
"AAOIx","Applied Optoelectronics xStock","AAOI","USD","XsGHwSbPaUJu6r5dtJLHXkXenPgCQf4Sx2hb4e2sbCZ","https://xstocks-metadata.backed.fi/logos/tokens/AAOIx.png","TwentyFourFive",false,0
"ARMx","ARM xStock","ARM","USD","XswUFSYE5CWsZM3X3yo6e2pZvxcAzx912DonGvgUFka","https://xstocks-metadata.backed.fi/logos/tokens/ARMx.png","TwentyFourFive",false,0
"BEx","Bloom Energy xStock","BE","USD","XsmGSEqT6VXpVis3aVBDxaNwPgHNXbkjkVUCncsLkNB","https://xstocks-metadata.backed.fi/logos/tokens/BEx.png","TwentyFourFive",false,0
"JMKEx","Jersey Mike's Subs xStock","JMKE","USD","XsBeB5z2oA2fvaVim3rRbqHV4Cxxz9nNCjqoUtFooXY","https://xstocks-metadata.backed.fi/logos/tokens/JMKEx.png","TwentyFourFive",false,0
"SKHYx","SK hynix xStock","SKHY","USD","XsnhgGRQwhExfS2bmWzR6EYddKGPRGDEjeJsatkmKqU","https://xstocks-metadata.backed.fi/logos/tokens/SKHYx.png","TwentyFourFive",false,1450
"BKRx","Baker Hughes xStock","BKR","USD","XsBE7iAzaJEBpSwG5JZ7zQTWNgTaerweBy7nJCachaJ","https://xstocks-metadata.backed.fi/logos/tokens/BKRx.png","TwentyFourFive",false,0
"VIKx","Viking xStock","VIK","USD","XsEWryPA68Tddfrw31uSv18aysuZ6gb4vszk856hqQ6","https://xstocks-metadata.backed.fi/logos/tokens/VIKx.png","TwentyFourFive",false,0
"PENx","Penumbra xStock","PEN","USD","Xsbd5DQzyAjsjzZiLP3NYztwkapYQpPLBvYsnzyHscq","https://xstocks-metadata.backed.fi/logos/tokens/PENx.png","TwentyFourFive",false,0
"BJx","BJ's Wholesale Club xStock","BJ","USD","XsAGAMqiAySqkUDf5ZXCTR4v6hSgcBj7mQQy7w3Nja7","https://xstocks-metadata.backed.fi/logos/tokens/BJx.png","TwentyFourFive",false,0
"FDXFx","FedEx Freight xStock","FDXF","USD","XsVT5d6jAm7dTcwz9o5jCUVrpdd1t86WLf4U7wb9mxs","https://xstocks-metadata.backed.fi/logos/tokens/FDXFx.png","TwentyFourFive",false,0
"RNRx","RenaissanceRe xStock","RNR","USD","Xs5m7mD1sRUu3ryXiYNDqCTd67hQVZRSro2zxxWqTtn","https://xstocks-metadata.backed.fi/logos/tokens/RNRx.png","TwentyFourFive",false,0
"TLNx","Talen Energy xStock","TLN","USD","Xs8yLZVjsYmQ5Tu4e5JDVQeo4cbRRDCVERgtSGJFn3q","https://xstocks-metadata.backed.fi/logos/tokens/TLNx.png","TwentyFourFive",false,0
"ELANx","Elanco Animal Health xStock","ELAN","USD","XsKLqYX4dXLxZhM7bXyNsQdf5P1wFAuwLYaSPqt3j1q","https://xstocks-metadata.backed.fi/logos/tokens/ELANx.png","TwentyFourFive",false,0
"NYTx","New York Times xStock","NYT","USD","Xsfyi9JrpUDKaBZxgAAFS7wWV5xeTUkYoQLs3SUiYdg","https://xstocks-metadata.backed.fi/logos/tokens/NYTx.png","TwentyFourFive",false,0
"BNYx","Bank of New York Mellon xStock","BNY","USD","Xs2hXX5B6aYUn1Nf8RkspKQbBTjbsa1Co9SjpwgZbNr","https://xstocks-metadata.backed.fi/logos/tokens/BNYx.png","TwentyFourFive",false,0
"MKCx","McCormick xStock","MKC","USD","XscRMWo5xvLxenVLxmodRqZC3UJwACXoxAEEGQzrzKd","https://xstocks-metadata.backed.fi/logos/tokens/MKCx.png","TwentyFourFive",false,0
"SJMx","J.M. Smucker xStock","SJM","USD","XsqtzaHCKV2zsgRYitGJtcecfmBkdJsdrpSXZgQryHE","https://xstocks-metadata.backed.fi/logos/tokens/SJMx.png","TwentyFourFive",false,0
"QSRx","Restaurant Brands International xStock","QSR","USD","XsG3eLvLbHwYQP3r7tSznE6bEvcA2Ko1TpYwbyD6RQk","https://xstocks-metadata.backed.fi/logos/tokens/QSRx.png","TwentyFourFive",false,0
"CDWx","CDW xStock","CDW","USD","XsMmhKdFMiFdNFBcznYHx2zAU1SLtMnUL2G6bRzPpaY","https://xstocks-metadata.backed.fi/logos/tokens/CDWx.png","TwentyFourFive",false,0
"FHNx","First Horizon xStock","FHN","USD","XsD9pjJdLHkbvk3hGF13Mq9nY5ELLeGbQAoeDLZcRY8","https://xstocks-metadata.backed.fi/logos/tokens/FHNx.png","TwentyFourFive",false,0
"EGx","Everest xStock","EG","USD","XsvYonMjAxFXYW6PKBz9jFEuvX6xAhm9BifzxgLzurb","https://xstocks-metadata.backed.fi/logos/tokens/EGx.png","TwentyFourFive",false,0
"APGx","APi xStock","APG","USD","XsNKyNtZCbtcCFtJHSeKTGqNQ9gCEaAaKrZBzPH5LLS","https://xstocks-metadata.backed.fi/logos/tokens/APGx.png","TwentyFourFive",false,0
"RBAx","RB Global xStock","RBA","USD","XsTCwtofQgx1SLYkouHvVg22beYhn1dmj1vtC3TUp6M","https://xstocks-metadata.backed.fi/logos/tokens/RBAx.png","TwentyFourFive",false,0
"CLXx","Clorox xStock","CLX","USD","XshmkFbMrRMtVb2HoJw1nc9jGMKNjTWcutT86YpMbKi","https://xstocks-metadata.backed.fi/logos/tokens/CLXx.png","TwentyFourFive",false,0
"ROIVx","Roivant Sciences xStock","ROIV","USD","XsR5eHL5sXTwUckUcenkZyBdAkShFBcNDiYeecBMaCu","https://xstocks-metadata.backed.fi/logos/tokens/ROIVx.png","TwentyFourFive",false,0
"VLTOx","Veralto xStock","VLTO","USD","Xs6mp36rvKSo7vTM588J1HUZF1sbNjK3KSz12fNM7P5","https://xstocks-metadata.backed.fi/logos/tokens/VLTOx.png","TwentyFourFive",false,0
"APAx","APA xStock","APA","USD","Xs5b8FFins32GgTH2FURV3Y873yA85jc4kZ6r8H9YyR","https://xstocks-metadata.backed.fi/logos/tokens/APAx.png","TwentyFourFive",false,0
"TWx","Tradeweb Markets xStock","TW","USD","Xs1vPiv1k4jph8JkwRfnCjog6pXKuYzVVpdRVSt3hWA","https://xstocks-metadata.backed.fi/logos/tokens/TWx.png","TwentyFourFive",false,0
"CHTRx","Charter Communications xStock","CHTR","USD","XstvDoqmcKjMHZP8FoWy3Ee2EkCf4KZgqNtg21WFW3X","https://xstocks-metadata.backed.fi/logos/tokens/CHTRx.png","TwentyFourFive",false,0
"KNXx","Knight-Swift Transportation xStock","KNX","USD","XsUyRqfxY2XtFvP99Lkn2DDWtxNNAY6w5CVDu1F68G1","https://xstocks-metadata.backed.fi/logos/tokens/KNXx.png","TwentyFourFive",false,0
"TRMBx","Trimble xStock","TRMB","USD","XsJ8MXED4y4NCxfX6ZE9XJiXLXLgBNzEYDtmnx2hbZ1","https://xstocks-metadata.backed.fi/logos/tokens/TRMBx.png","TwentyFourFive",false,0
"HASx","Hasbro xStock","HAS","USD","XsRgwrznvMYsZ1i7ckfxjk6RWR4npsmZT3kqHuRfrva","https://xstocks-metadata.backed.fi/logos/tokens/HASx.png","TwentyFourFive",false,0
"PNWx","Pinnacle West Capital xStock","PNW","USD","XsaZESJuX1EC73t54PmbirdQ5JHPHQsPnMB54bgZLp4","https://xstocks-metadata.backed.fi/logos/tokens/PNWx.png","TwentyFourFive",false,0
"GGGx","Graco xStock","GGG","USD","XseQK4PEeLfxY7HgvuSiawFUL5gfveK2maPMV9Ma8qv","https://xstocks-metadata.backed.fi/logos/tokens/GGGx.png","TwentyFourFive",false,0
"AITx","Applied Industrial Technologies xStock","AIT","USD","XsvJzDTuRrc3cWVwPXVcaXaFJFVtGcpDsfCA56z868Q","https://xstocks-metadata.backed.fi/logos/tokens/AITx.png","TwentyFourFive",false,0
"CPTx","Camden Property Trust xStock","CPT","USD","XsvoRXtZZfwvkLhp4qKPR9B9mcbuWakDUWnPszYw2BT","https://xstocks-metadata.backed.fi/logos/tokens/CPTx.png","TwentyFourFive",false,0
"TYLx","Tyler Technologies xStock","TYL","USD","XsiSQ5MUFoAwjrGB1x3FsXTthfwJnJgHVXj9tDKuvr8","https://xstocks-metadata.backed.fi/logos/tokens/TYLx.png","TwentyFourFive",false,0
"DTx","Dynatrace xStock","DT","USD","Xs8Jb7S3qqWbgkRGvwKmT62MD7gt1qYU7oUaR9oDC11","https://xstocks-metadata.backed.fi/logos/tokens/DTx.png","TwentyFourFive",false,0
"ALLYx","Ally Financial xStock","ALLY","USD","XsRifLZvp2XvCpPFQNK6XGTjHSL7sTZmmGyEs4NLAV2","https://xstocks-metadata.backed.fi/logos/tokens/ALLYx.png","TwentyFourFive",false,0
"ELSx","Equity Lifestyle Properties xStock","ELS","USD","XsMPKfVuLeJ4mSahPcSgVGHEVGt41QU41CfgfvRzvBG","https://xstocks-metadata.backed.fi/logos/tokens/ELSx.png","TwentyFourFive",false,0
"ALGNx","Align Technology xStock","ALGN","USD","XsmMYEkQRXZ9CodFfqGEwNvtqVZdsDLHoYqPVm2EpHX","https://xstocks-metadata.backed.fi/logos/tokens/ALGNx.png","TwentyFourFive",false,0
"ZBRAx","Zebra Technologies xStock","ZBRA","USD","Xsxe5ypvCfynj9q9bJgB2Y88sZNCnxtEb9icgdbsPFT","https://xstocks-metadata.backed.fi/logos/tokens/ZBRAx.png","TwentyFourFive",false,0
"CGx","The Carlyle xStock","CG","USD","XsaLeEQ2RtXLwLYBtJv1wT7CXk4paWCvKxNWMNk4mbZ","https://xstocks-metadata.backed.fi/logos/tokens/CGx.png","TwentyFourFive",false,0
"SAIAx","Saia xStock","SAIA","USD","XsdzBn1wxCibSdDZgaaWqGtdvo2JSFueo2CwHnA69Lf","https://xstocks-metadata.backed.fi/logos/tokens/SAIAx.png","TwentyFourFive",false,0
"ARWx","Arrow Electronics xStock","ARW","USD","XscZvQvu7gYS4yuF3NcCeDbQjQynZ823xGCk9uUVePN","https://xstocks-metadata.backed.fi/logos/tokens/ARWx.png","TwentyFourFive",false,0
"AVYx","Avery Dennison xStock","AVY","USD","XsAfpyk9U7qUZKq9STpXyzDaoQjGRe6Yqo7TYebpxkx","https://xstocks-metadata.backed.fi/logos/tokens/AVYx.png","TwentyFourFive",false,0
"NTNXx","Nutanix xStock","NTNX","USD","XsLsExw7d7cjbN65GwQzS7HaDxCtyE3rjywcNXqEtxL","https://xstocks-metadata.backed.fi/logos/tokens/NTNXx.png","TwentyFourFive",false,0
"AIZx","Assurant xStock","AIZ","USD","Xs7U7QD6amUpjuEZ1VM3rx5TSrKtJ3r7xU1aRcTHhw8","https://xstocks-metadata.backed.fi/logos/tokens/AIZx.png","TwentyFourFive",false,0
"RIVNx","Rivian Automotive xStock","RIVN","USD","XsoxDMY8s3ZV7zD4Yd87wAvURyxA8VXkd7w6HNuQkzj","https://xstocks-metadata.backed.fi/logos/tokens/RIVNx.png","TwentyFourFive",false,0
"PRx","Permian Resources xStock","PR","USD","XsXh1W6QRHJBYdzVrngAxn4t4JQnJBYk7iM2S1hwqdT","https://xstocks-metadata.backed.fi/logos/tokens/PRx.png","TwentyFourFive",false,0
"PINSx","Pinterest xStock","PINS","USD","XswgfhwvyLQ6ZdNsrwBGkBVpqXzQPpDykCDBmiti1o5","https://xstocks-metadata.backed.fi/logos/tokens/PINSx.png","TwentyFourFive",false,0
"TRUx","TransUnion xStock","TRU","USD","XsyvvjANUH1LpSQkRr3xgCyfxJLcNtpEVyFFNpJcDsb","https://xstocks-metadata.backed.fi/logos/tokens/TRUx.png","TwentyFourFive",false,0
"UDRx","UDR xStock","UDR","USD","XstJ29hJ96UCddwezTPe9mXLiamEApRt85ChkTSRh5f","https://xstocks-metadata.backed.fi/logos/tokens/UDRx.png","TwentyFourFive",false,0
"GLPIx","Gaming and Leisure Properties xStock","GLPI","USD","XsbohnBoBBbXg2scrDy9yzBqeXhNN53F5dcjwFF8XFR","https://xstocks-metadata.backed.fi/logos/tokens/GLPIx.png","TwentyFourFive",false,0
"ZSx","Zscaler xStock","ZS","USD","Xsb1a2VbaT6rLLq48qcgMQ1iPbs5fW2JZZURBxKfhY6","https://xstocks-metadata.backed.fi/logos/tokens/ZSx.png","TwentyFourFive",false,0
"SWKx","Stanley Black & Decker xStock","SWK","USD","XsNotS1p6BsTADzMaZVu14SJbuH9V4CYYyRZ8mn6WAQ","https://xstocks-metadata.backed.fi/logos/tokens/SWKx.png","TwentyFourFive",false,0
"DOCx","Healthpeak Properties xStock","DOC","USD","XsgtMhyQgTevrWQNyLpHxwQeRAeaxQEtoiV1pNyxmfy","https://xstocks-metadata.backed.fi/logos/tokens/DOCx.png","TwentyFourFive",false,0
"COOx","The Cooper Companies xStock","COO","USD","XsWetupD7QGe8e5fXsJAPHYFXFTUdYVjT44hJMsVDtY","https://xstocks-metadata.backed.fi/logos/tokens/COOx.png","TwentyFourFive",false,0
"PTCx","PTC xStock","PTC","USD","Xs25CGQuYuoXrMMWUSxo9WmvnQZyFzBChaHbUPXzm6b","https://xstocks-metadata.backed.fi/logos/tokens/PTCx.png","TwentyFourFive",false,0
"JLLx","Jones Lang LaSalle xStock","JLL","USD","Xs8YQm9hLMTcTVSdPwBDLTFLpbcyxYBG4SGPXRp5s2y","https://xstocks-metadata.backed.fi/logos/tokens/JLLx.png","TwentyFourFive",false,0
"SOLSx","Solstice Advanced Materials xStock","SOLS","USD","XszuTk3Rr5HXpV7Nrfpg7KAZJfDccPAYLKBsRbLYRx4","https://xstocks-metadata.backed.fi/logos/tokens/SOLSx.png","TwentyFourFive",false,0
"LECOx","Lincoln Electric xStock","LECO","USD","Xs7wdJdbcu1oR36AvumDgFLPiHmhpF9GEHQT6h16zAf","https://xstocks-metadata.backed.fi/logos/tokens/LECOx.png","TwentyFourFive",false,0
"WRBx","W.R. Berkley xStock","WRB","USD","XsnARtma2bEi2x1JuKuznZa1QzQkLaedxHW6KeUCz8J","https://xstocks-metadata.backed.fi/logos/tokens/WRBx.png","TwentyFourFive",false,0
"BRx","Broadridge Financial Solutions xStock","BR","USD","XsvEMALzsRVnPED4KEAd7pivT5ho9vgqzqZxQxNBkWW","https://xstocks-metadata.backed.fi/logos/tokens/BRx.png","TwentyFourFive",false,0
"OHIx","Omega Healthcare Investors xStock","OHI","USD","XsAeqdosiRKYKtYRLoao2TQDB16yLRP82MCwd7ibVuH","https://xstocks-metadata.backed.fi/logos/tokens/OHIx.png","TwentyFourFive",false,0
"FNFx","Fidelity National Financial xStock","FNF","USD","XsPH7DxK5rGBdoFSSCpU6HgJZp1mKpRTVnsKQUN1j8B","https://xstocks-metadata.backed.fi/logos/tokens/FNFx.png","TwentyFourFive",false,0
"SUIx","Sun Communities xStock","SUI","USD","XsWaSDd1S6YhQfsnTquL5ht2TGHe3mabeZ2Kvfpjsnc","https://xstocks-metadata.backed.fi/logos/tokens/SUIx.png","TwentyFourFive",false,0
"WSOx","Watsco xStock","WSO","USD","Xsgefxs1R4c5pYqhijeA3QLT42i38J7QpBtnt4GGk1f","https://xstocks-metadata.backed.fi/logos/tokens/WSOx.png","TwentyFourFive",false,0
"ROLx","Rollins xStock","ROL","USD","XsY112rrZJhJE1J1Z8BTSk135spPGHuGRCfnvr5pSdQ","https://xstocks-metadata.backed.fi/logos/tokens/ROLx.png","TwentyFourFive",false,0
"MAAx","Mid-America Apartment Communities xStock","MAA","USD","XsUGoD9Dik1iNBgsjSzdjt7psrGgWpQ29DQr825e8Le","https://xstocks-metadata.backed.fi/logos/tokens/MAAx.png","TwentyFourFive",false,0
"CSGPx","CoStar xStock","CSGP","USD","XsJH1qPyJgbJiYo2KZXNirCQxC3QqQgYE1iNHY3Ecm2","https://xstocks-metadata.backed.fi/logos/tokens/CSGPx.png","TwentyFourFive",false,0
"THCx","Tenet Healthcare xStock","THC","USD","XsBYWM8wgvSJfvNybgc6qxGxkD584FSycCWRiCvwZHk","https://xstocks-metadata.backed.fi/logos/tokens/THCx.png","TwentyFourFive",false,0
"EQHx","Equitable xStock","EQH","USD","Xsf8f6sqb9p6JK9oR8UHXk7CmFDvofc1nxeink7AoGA","https://xstocks-metadata.backed.fi/logos/tokens/EQHx.png","TwentyFourFive",false,0
"GLx","Globe Life xStock","GL","USD","Xs2yt21rb2HpuMxE2EBHpcfd8mGdDPDysgWjVaDDR5w","https://xstocks-metadata.backed.fi/logos/tokens/GLx.png","TwentyFourFive",false,0
"RGAx","Reinsurance Group of America xStock","RGA","USD","XsFvsyP8i3Qpat1BK78Yjq3PsTNhD3SV5FHryJrWbHs","https://xstocks-metadata.backed.fi/logos/tokens/RGAx.png","TwentyFourFive",false,0
"EXELx","Exelixis xStock","EXEL","USD","XsAPSDzHwPr2UX83cY4KCHSdyvfighyeTPLaPXq1m3o","https://xstocks-metadata.backed.fi/logos/tokens/EXELx.png","TwentyFourFive",false,0
"UNMx","Unum xStock","UNM","USD","XsAhRsoTzG6cpxTxvH9qSze3Kwg2gmYbABi5xqrGm7G","https://xstocks-metadata.backed.fi/logos/tokens/UNMx.png","TwentyFourFive",false,0
"DECKx","Deckers Outdoor xStock","DECK","USD","XsbahiFKw3f3pgsAwREvQZAdERbV1NGUjWnkzUaBz91","https://xstocks-metadata.backed.fi/logos/tokens/DECKx.png","TwentyFourFive",false,0
"NBIXx","Neurocrine Biosciences xStock","NBIX","USD","XsCNTvYMAHYPuHc5r9WWhnYfvAZMLLsguv2NBLs8wrx","https://xstocks-metadata.backed.fi/logos/tokens/NBIXx.png","TwentyFourFive",false,0
"SGIx","Somnigroup International xStock","SGI","USD","XsU3RZd5ufTcCJneLjDhTrU47ma9ypnhXyvJACRZrTv","https://xstocks-metadata.backed.fi/logos/tokens/SGIx.png","TwentyFourFive",false,0
"REGx","Regency Centers xStock","REG","USD","XsJzAzVt6H498zDafSaWj3htVDYQPmh23jUAM2Rt2qn","https://xstocks-metadata.backed.fi/logos/tokens/REGx.png","TwentyFourFive",false,0
"LDOSx","Leidos xStock","LDOS","USD","Xs5VFGqt7aQ3Dykyk7A4NFL9K2z3x2BAnEDzvokY9Us","https://xstocks-metadata.backed.fi/logos/tokens/LDOSx.png","TwentyFourFive",false,0
"Jx","Jacobs Solutions xStock","J","USD","Xs2ry2jjmvy67pYFweVbdeoPPRdUjnbBEubtXguWbXK","https://xstocks-metadata.backed.fi/logos/tokens/Jx.png","TwentyFourFive",false,0
"DKSx","Dick's Sporting Goods xStock","DKS","USD","Xs9aEtZqQDzTtb1PLVJ2W2d6NGJSSaJepTsQ2CZAjhn","https://xstocks-metadata.backed.fi/logos/tokens/DKSx.png","TwentyFourFive",false,0
"PNFPx","Pinnacle Financial Partners xStock","PNFP","USD","Xs9pFT45PF5PH1hgwQ5fknXYWVZassVSq4spNswnVtR","https://xstocks-metadata.backed.fi/logos/tokens/PNFPx.png","TwentyFourFive",false,0
"PFGCx","Performance Food xStock","PFGC","USD","XsTnXvRqrDisLoYpLDUowPx2HLhd6p44ZAbEKyGsL3g","https://xstocks-metadata.backed.fi/logos/tokens/PFGCx.png","TwentyFourFive",false,0
"EVRx","Evercore xStock","EVR","USD","XsmTgboNTsssYV1VZrS4u1YMkcNWTKVMzUjghkXa3RF","https://xstocks-metadata.backed.fi/logos/tokens/EVRx.png","TwentyFourFive",false,0
"ROKUx","Roku xStock","ROKU","USD","Xss4k5HDz8CwyNnbZixMs3XgaXvnMoWtpxeqzFK6wvA","https://xstocks-metadata.backed.fi/logos/tokens/ROKUx.png","TwentyFourFive",false,0
"LAMRx","Lamar Advertising xStock","LAMR","USD","XsqZyeL1GGWZzMQ5hh3KckQnXNt3Yt96QHBUdiJSoFS","https://xstocks-metadata.backed.fi/logos/tokens/LAMRx.png","TwentyFourFive",false,0
"BWAx","BorgWarner xStock","BWA","USD","Xs34rXKEs63rPs3qWZeAubRmSVJNG5hSy6Ubt7Qag2F","https://xstocks-metadata.backed.fi/logos/tokens/BWAx.png","TwentyFourFive",false,0
"BALLx","Ball xStock","BALL","USD","Xsy9RdWC26fp8c84BB2SD4eE74vG1478YKjxAwjRRQY","https://xstocks-metadata.backed.fi/logos/tokens/BALLx.png","TwentyFourFive",false,0
"DKNGx","DraftKings xStock","DKNG","USD","XscCMVe1Qu2rk1YoCDJGwMLZkfVnd69xcPER4DJ8tpB","https://xstocks-metadata.backed.fi/logos/tokens/DKNGx.png","TwentyFourFive",false,0
"RRXx","Regal Rexnord xStock","RRX","USD","XszxuQCqE72vU4ABTFDFwhs28AeSUHqzbWWVWDkhfYZ","https://xstocks-metadata.backed.fi/logos/tokens/RRXx.png","TwentyFourFive",false,0
"GENx","Gen Digital xStock","GEN","USD","Xso2H7vbDS6HVokLUecSG5GvWAZXjH7PEHAH9rAYXUP","https://xstocks-metadata.backed.fi/logos/tokens/GENx.png","TwentyFourFive",false,0
"RPMx","RPM International xStock","RPM","USD","XsBGGtLnNqa87iTENkgtBV4itt6LNxz7osKS1nmnqTD","https://xstocks-metadata.backed.fi/logos/tokens/RPMx.png","TwentyFourFive",false,0
"CBREx","CBRE xStock","CBRE","USD","XsTJV8FFx22kv41kMcuHawx8eoDybUnLxiiEscw317x","https://xstocks-metadata.backed.fi/logos/tokens/CBREx.png","TwentyFourFive",false,0
"SSNCx","SS&C Technologies xStock","SSNC","USD","Xsq4wQVyggsJXzrjQK51M8bxK3duFaRegcX5Vxdbfcx","https://xstocks-metadata.backed.fi/logos/tokens/SSNCx.png","TwentyFourFive",false,0
"ARMKx","Aramark xStock","ARMK","USD","XsVhUJLbtEhVSPHFcyjZYYXJqmK8j8kfD553wZ8of6W","https://xstocks-metadata.backed.fi/logos/tokens/ARMKx.png","TwentyFourFive",false,0
"RLx","Ralph Lauren xStock","RL","USD","XstJ1deKwoZVAzj1oF14s7g8ZPLumJKyiQXysym5duM","https://xstocks-metadata.backed.fi/logos/tokens/RLx.png","TwentyFourFive",false,0
"CLHx","Clean Harbors xStock","CLH","USD","XsRwkmMcYT1jEJ9cnUsnWkUitWJRufu2qCmd6fbRRYj","https://xstocks-metadata.backed.fi/logos/tokens/CLHx.png","TwentyFourFive",false,0
"GPCx","Genuine Parts xStock","GPC","USD","XsAB7oiJL94kURXya1i35Rv9ZoY9EoJSWM3dQ9mZp7t","https://xstocks-metadata.backed.fi/logos/tokens/GPCx.png","TwentyFourFive",false,0
"XYZx","Block xStock","XYZ","USD","XsDP3d7dBNMVVZT6W5abD9jxZPGbrenPaj322sWn9Ct","https://xstocks-metadata.backed.fi/logos/tokens/XYZx.png","TwentyFourFive",false,0
"AAx","Alcoa xStock","AA","USD","Xs2XDRGh6AhivmYgaVa8woDGKGccR1WnnGnw9vqSWD9","https://xstocks-metadata.backed.fi/logos/tokens/AAx.png","TwentyFourFive",false,0
"TOLx","Toll Brothers xStock","TOL","USD","XsnbxjqAYHWuP4Fro7GnJ3kkUh6g9B2xWUMwaVeVgyL","https://xstocks-metadata.backed.fi/logos/tokens/TOLx.png","TwentyFourFive",false,0
"RDDTx","Reddit xStock","RDDT","USD","XsXEEJX7WoXfre8ZqYx1M1yXnEwd1Ww3YhvfESA2DzE","https://xstocks-metadata.backed.fi/logos/tokens/RDDTx.png","TwentyFourFive",false,0
"KMIx","Kinder Morgan xStock","KMI","USD","XsQxeWjN2M3Spr5YHRQiM1oQ8fgpJWtdBdg1E2ZrjFg","https://xstocks-metadata.backed.fi/logos/tokens/KMIx.png","TwentyFourFive",false,0
"HEIx","Heico xStock","HEI","USD","XsjZ8V6qPBNbhXeFawPssBPUW8f7Sv39uxEnzxCboTq","https://xstocks-metadata.backed.fi/logos/tokens/HEIx.png","TwentyFourFive",false,0
"CVNAx","Carvana xStock","CVNA","USD","Xs8YT2AdFmjuG2HFjcvVTpXPwneiKNHMrR49muHY7z9","https://xstocks-metadata.backed.fi/logos/tokens/CVNAx.png","TwentyFourFive",false,0
"SCCOx","Southern Copper xStock","SCCO","USD","XsQD8itHh5CdrWMiH8cZPB55KSATjdXsxcSJJ14YCFD","https://xstocks-metadata.backed.fi/logos/tokens/SCCOx.png","TwentyFourFive",false,0
"BBYx","Best Buy xStock","BBY","USD","Xsac5qkc4B254kpnb2qneeu6qsNX1fPtACeuNEiXWMR","https://xstocks-metadata.backed.fi/logos/tokens/BBYx.png","TwentyFourFive",false,0
"Px","Everpure xStock","P","USD","XsqSsaDYsEAFwRwcwchPc9J1zX21VtHiXGJjFt5Ph5t","https://xstocks-metadata.backed.fi/logos/tokens/Px.png","TwentyFourFive",false,0
"TEAMx","Atlassian xStock","TEAM","USD","XsLhefHBtc8r9nStXgXtu9tHeEWYRXxSXrpbnfwTJ7v","https://xstocks-metadata.backed.fi/logos/tokens/TEAMx.png","TwentyFourFive",false,0
"LVSx","Las Vegas Sands xStock","LVS","USD","Xs9bwo2tkrKRJxr9787rKj2bKcQUMFNtbzruYTrxdst","https://xstocks-metadata.backed.fi/logos/tokens/LVSx.png","TwentyFourFive",false,0
"CSLx","Carlisle Companies xStock","CSL","USD","XsATdqpeobhFEM71r5MgZe4E5BcHuWk6jSnYnHLYTwS","https://xstocks-metadata.backed.fi/logos/tokens/CSLx.png","TwentyFourFive",false,0
"NDAQx","Nasdaq Inc. xStock","NDAQ","USD","XsLSwcujLXXgCPZWPZKRsksbZrWupPMNKmg6A71g2Ba","https://xstocks-metadata.backed.fi/logos/tokens/NDAQx.png","TwentyFourFive",false,0
"MLIx","Mueller Industries xStock","MLI","USD","XsikuTgNGjzibezDk9u22QGW8zQaGWyK61vN4gQE4Dc","https://xstocks-metadata.backed.fi/logos/tokens/MLIx.png","TwentyFourFive",false,0
"GNRCx","Generac xStock","GNRC","USD","XsAiJ9xc1eBoVEz4npaJqySHLrpCoyo1oFfJJpYSXPW","https://xstocks-metadata.backed.fi/logos/tokens/GNRCx.png","TwentyFourFive",false,0
"WPCx","W.P. Carey xStock","WPC","USD","Xs3jL3WdD8YSqLeiy7Tt7dGEeBZziFMYboyUMSr38AE","https://xstocks-metadata.backed.fi/logos/tokens/WPCx.png","TwentyFourFive",false,0
"MASx","Masco xStock","MAS","USD","XsNZFvmZv6zEeAxgF5L72Nt6A2K8Uo6u7aRDLm7Smvc","https://xstocks-metadata.backed.fi/logos/tokens/MASx.png","TwentyFourFive",false,0
"ITTx","ITT xStock","ITT","USD","Xsva3qbt1TDUgQPnU3vVDasaPoUHXPU9FjYXzEUYY8G","https://xstocks-metadata.backed.fi/logos/tokens/ITTx.png","TwentyFourFive",false,0
"OKTAx","Okta xStock","OKTA","USD","XsHXJXdfTGnrfygPVvnzb7xdsUiunEQZew7teAyvosL","https://xstocks-metadata.backed.fi/logos/tokens/OKTAx.png","TwentyFourFive",false,0
"TSNx","Tyson Foods xStock","TSN","USD","XsWV8voFNehNEbuBW8cEAMWwjicXCYskUT4616PFZ6a","https://xstocks-metadata.backed.fi/logos/tokens/TSNx.png","TwentyFourFive",false,0
"OVVx","Ovintiv xStock","OVV","USD","Xs1b4xMzH16fHZuFUoXxni8THVafJ9t5dFL6kPUyG4k","https://xstocks-metadata.backed.fi/logos/tokens/OVVx.png","TwentyFourFive",false,0
"NLYx","Annaly Capital Management xStock","NLY","USD","XsFzP3jXofHQ3GKPYoGfFNQQKyWrNcPR5Xgg8gbk9op","https://xstocks-metadata.backed.fi/logos/tokens/NLYx.png","TwentyFourFive",false,0
"IBKRx","Interactive Brokers xStock","IBKR","USD","XsTS8D9tBV6oQRqkixzNCThctMwFzxScetp4BA9ByTK","https://xstocks-metadata.backed.fi/logos/tokens/IBKRx.png","TwentyFourFive",false,0
"CFx","CF Industries xStock","CF","USD","XsH9yfX7GuRbCDnNvD4A7x8gvMc8sc8Htz1fQd7VYWw","https://xstocks-metadata.backed.fi/logos/tokens/CFx.png","TwentyFourFive",false,0
"ARESx","Ares Management xStock","ARES","USD","Xsm7SVTuyeaeD5fwaWD1RFKX7Rr8WmNGz5j35r5npth","https://xstocks-metadata.backed.fi/logos/tokens/ARESx.png","TwentyFourFive",false,0
"ELx","The Estee Lauder Companies xStock","EL","USD","XsTisPuTVM8VVHagEyeGR7CBt6TUD93AEhptETHWMsd","https://xstocks-metadata.backed.fi/logos/tokens/ELx.png","TwentyFourFive",false,0
"ONTOx","Onto Innovation xStock","ONTO","USD","Xsu33VJj7s2tMUZfAQ8bbGgpDEnfXdCsKHSC4p6C5tS","https://xstocks-metadata.backed.fi/logos/tokens/ONTOx.png","TwentyFourFive",false,0
"CPNGx","Coupang xStock","CPNG","USD","XsoVbMATH8hMemisZZvGCc9YEkve3Yiirr2VtinKTuw","https://xstocks-metadata.backed.fi/logos/tokens/CPNGx.png","TwentyFourFive",false,0
"GPNx","Global Payments xStock","GPN","USD","XsKbuY5Wyzz7Zzz6uxi69hHdxhrE53d746Sb1jBZyD1","https://xstocks-metadata.backed.fi/logos/tokens/GPNx.png","TwentyFourFive",false,0
"DASHx","DoorDash xStock","DASH","USD","XsuW1yxtbifjEYojFLmoavTWBT7hsuUXXeReAWK9X91","https://xstocks-metadata.backed.fi/logos/tokens/DASHx.png","TwentyFourFive",false,0
"NDSNx","Nordson xStock","NDSN","USD","Xsgfrh1tHEuCADVTuQDZiG5LRcVYeEU1wKT3YKuucbA","https://xstocks-metadata.backed.fi/logos/tokens/NDSNx.png","TwentyFourFive",false,0
"TWLOx","Twilio xStock","TWLO","USD","XsQVYwNXBY7UNaLonk5qTbr3RzFC87CECGXWWfJomt2","https://xstocks-metadata.backed.fi/logos/tokens/TWLOx.png","TwentyFourFive",false,0
"FCNCAx","First Citizens BancShares xStock","FCNCA","USD","XsccgtwEgwSxTh553v8iVLxNUrbHJfdnaJUjxgZfr48","https://xstocks-metadata.backed.fi/logos/tokens/FCNCAx.png","TwentyFourFive",false,0
"STZx","Constellation Brands xStock","STZ","USD","Xs6eATub8cqKdztx4asCRFMSzMwtNqAUWiDaUPXxUtD","https://xstocks-metadata.backed.fi/logos/tokens/STZx.png","TwentyFourFive",false,0
"UPSx","United Parcel Service xStock","UPS","USD","XsnqNkeDhvaK8C5B3Z4D1ciCupVAgkw1AdS3U2uEn26","https://xstocks-metadata.backed.fi/logos/tokens/UPSx.png","TwentyFourFive",false,0
"MDBx","MongoDB xStock","MDB","USD","Xs12gqhuCeC9gpUdN6uDJQfpyKNf9Y4uK2TKY6c7NrZ","https://xstocks-metadata.backed.fi/logos/tokens/MDBx.png","TwentyFourFive",false,0
"CTSHx","Cognizant Technology Solutions xStock","CTSH","USD","XsMNmV7wVizphwXgMtXTVhLDpqmKPdfoYPK3JTXXnYW","https://xstocks-metadata.backed.fi/logos/tokens/CTSHx.png","TwentyFourFive",false,0
"ZTSx","Zoetis xStock","ZTS","USD","XsRPgsEQ3dFR84DhMv18jtob5D77FivAsTTsv1jCYmv","https://xstocks-metadata.backed.fi/logos/tokens/ZTSx.png","TwentyFourFive",false,0
"ABNBx","Airbnb xStock","ABNB","USD","XscSc1zjbVizEnhCzzehJ9fzztm3WRKdn9pjmriKDuN","https://xstocks-metadata.backed.fi/logos/tokens/ABNBx.png","TwentyFourFive",false,0
"INCYx","Incyte xStock","INCY","USD","XspemH4yD2PcDuZP4g8whQEeve3jrGbX331ksyaR9G3","https://xstocks-metadata.backed.fi/logos/tokens/INCYx.png","TwentyFourFive",false,0
"BAMx","Brookfield Asset Management xStock","BAM","USD","XsLdXScusw7mCSATbp7bWKfyBR1RVWEEayKgRcmJ8dZ","https://xstocks-metadata.backed.fi/logos/tokens/BAMx.png","TwentyFourFive",false,0
"LENx","Lennar xStock","LEN","USD","XsHjfVcciZyPmujpSYXKGyQZ3k4yyzxnUXE6CYdZ3AD","https://xstocks-metadata.backed.fi/logos/tokens/LENx.png","TwentyFourFive",false,0
"VEEVx","Veeva Systems xStock","VEEV","USD","XspuRH5i611hbZjGtYsiaLmhnGya23UU4jnwADWr9yV","https://xstocks-metadata.backed.fi/logos/tokens/VEEVx.png","TwentyFourFive",false,0
"TXTx","Textron xStock","TXT","USD","XsjWGbe4McmJXNRd6hQYsS8dEsPKTfT38fxSebugRbn","https://xstocks-metadata.backed.fi/logos/tokens/TXTx.png","TwentyFourFive",false,0
"WDAYx","Workday xStock","WDAY","USD","XsDa7zkFPXdu1wz29JLEV2XtWvrLdb16s4yH1LcKQ5r","https://xstocks-metadata.backed.fi/logos/tokens/WDAYx.png","TwentyFourFive",false,0
"SBACx","SBA Communications xStock","SBAC","USD","Xs3BuKwwLLSgKCKPBeSN5Wje5gP8McsHrt6pnqWzjhs","https://xstocks-metadata.backed.fi/logos/tokens/SBACx.png","TwentyFourFive",false,0
"NKEx","Nike xStock","NKE","USD","XsGYpMvKbVt6ViHqRd7cF3s746dAMFBQWcC49hB9VVP","https://xstocks-metadata.backed.fi/logos/tokens/NKEx.png","TwentyFourFive",false,0
"MARx","Marriott International xStock","MAR","USD","Xs85zRMSv4KTRqSNjZSFWgEXEyb3esxUBzhTj377DH8","https://xstocks-metadata.backed.fi/logos/tokens/MARx.png","TwentyFourFive",false,0
"TSCOx","Tractor Supply xStock","TSCO","USD","XsYMTZRVKs9he9redAPMhaBbCbmZvUxMTApsfCZsKzt","https://xstocks-metadata.backed.fi/logos/tokens/TSCOx.png","TwentyFourFive",false,0
"MDLZx","Mondelez International xStock","MDLZ","USD","Xs3hGRD2NSyUUC1fjK5gKe8hXQgLoqxjR5WtYL1NBbg","https://xstocks-metadata.backed.fi/logos/tokens/MDLZx.png","TwentyFourFive",false,0
"CMEx","CME xStock","CME","USD","Xsx234fZF5KMZ5catYi7m9P682Pk9TWWHF5jAfYGZJk","https://xstocks-metadata.backed.fi/logos/tokens/CMEx.png","TwentyFourFive",false,0
"DDOGx","Datadog xStock","DDOG","USD","XsQJQHNMLiZCBHgJfq2yK95BFraouUdSspv1aD8jCgQ","https://xstocks-metadata.backed.fi/logos/tokens/DDOGx.png","TwentyFourFive",false,0
"APHx","Amphenol xStock","APH","USD","XsvqNba1k4wF5ZEZ6Nrx8AXUDkKzAFuj4HaVDEemyYH","https://xstocks-metadata.backed.fi/logos/tokens/APHx.png","TwentyFourFive",false,0
"FISVx","Fiserv xStock","FISV","USD","XsXU2DbkVLWPRBG3QEpEXCTKS8Jv8VCxkB7e7ThdyLC","https://xstocks-metadata.backed.fi/logos/tokens/FISVx.png","TwentyFourFive",false,0
"KEYx","KeyCorp xStock","KEY","USD","Xs5GgkWgze4XgU7NC5iXJqvbGufxQBJKH5JRN2MSPWQ","https://xstocks-metadata.backed.fi/logos/tokens/KEYx.png","TwentyFourFive",false,0
"SYFx","Synchrony Financial xStock","SYF","USD","XsWMBE3QzwuS7pJET8GUyaGzjNJG49RToPBYWdGHUTG","https://xstocks-metadata.backed.fi/logos/tokens/SYFx.png","TwentyFourFive",false,0
"PFGx","Principal Financial xStock","PFG","USD","XsChiU9gDeWj7HYrqioNUn8C81jaHZwegfGQdQXHnhd","https://xstocks-metadata.backed.fi/logos/tokens/PFGx.png","TwentyFourFive",false,0
"CHDx","Church & Dwight xStock","CHD","USD","Xs712gQLCYkFSYJwdu3pE5itNfyKwsXQ1HEGZF8Esc5","https://xstocks-metadata.backed.fi/logos/tokens/CHDx.png","TwentyFourFive",false,0
"FISx","Fidelity National Information Services xStock","FIS","USD","XsTdkPyDNVtJYUjV7VhyZwtqQmA2Lg4DdTkRjYPD2gQ","https://xstocks-metadata.backed.fi/logos/tokens/FISx.png","TwentyFourFive",false,0
"FTVx","Fortive xStock","FTV","USD","XsvL1QcWfqpUM7CQzcNsicatBTZK2dgJRTor3SHUXdD","https://xstocks-metadata.backed.fi/logos/tokens/FTVx.png","TwentyFourFive",false,0
"ALBx","Albemarle xStock","ALB","USD","XsGea4488p7ydWQTQMYxtvCXDJiAJwgt4HsoKiKrGa3","https://xstocks-metadata.backed.fi/logos/tokens/ALBx.png","TwentyFourFive",false,0
"WWDx","Woodward xStock","WWD","USD","Xs1xSyecLzT2u188qGFs1JTBXeE9RmBX1pc11o5X6U2","https://xstocks-metadata.backed.fi/logos/tokens/WWDx.png","TwentyFourFive",false,0
"DRIx","Darden Restaurants xStock","DRI","USD","XsTNaRrDQtFJi56TAQbmk6tHzWQvihWGoafKSJzbJdY","https://xstocks-metadata.backed.fi/logos/tokens/DRIx.png","TwentyFourFive",false,0
"DGXx","Quest Diagnostics xStock","DGX","USD","XsFyCPFNa7os3PvzuYQJcpws9WQS6bci2W8zqesHwPN","https://xstocks-metadata.backed.fi/logos/tokens/DGXx.png","TwentyFourFive",false,0
"WSTx","West Pharmaceutical Services xStock","WST","USD","XsptQPquxvzKZ7pZTXNhvtXRxFP8vvC6BmS6QL1PALe","https://xstocks-metadata.backed.fi/logos/tokens/WSTx.png","TwentyFourFive",false,0
"UTHRx","United Therapeutics xStock","UTHR","USD","XsrazTRfp2iGrUcZkkoB8PpM9qApe77RbohmknHh9XJ","https://xstocks-metadata.backed.fi/logos/tokens/UTHRx.png","TwentyFourFive",false,0
"OMCx","Omnicom xStock","OMC","USD","XscmXyJYjYbGNhxQsPjjRYsEwscg6uPFJzR6Af7Qi18","https://xstocks-metadata.backed.fi/logos/tokens/OMCx.png","TwentyFourFive",false,0
"DGx","Dollar General xStock","DG","USD","Xsuex5gGigmPKMs6hsYpHbcg8HwBbBdWkGKub9MQbea","https://xstocks-metadata.backed.fi/logos/tokens/DGx.png","TwentyFourFive",false,0
"TROWx","T. Rowe Price xStock","TROW","USD","Xs8urJdzBSFLaKqxZiMackbXDkyZbwPeAwz7PepQ1eD","https://xstocks-metadata.backed.fi/logos/tokens/TROWx.png","TwentyFourFive",false,0
"WCCx","WESCO International xStock","WCC","USD","Xspj4rFiCCXJyymfNgkwBG9AXZbyp69HGyHwfz6WHTE","https://xstocks-metadata.backed.fi/logos/tokens/WCCx.png","TwentyFourFive",false,0
"RFx","Regions Financial xStock","RF","USD","Xsk2PGWHCQweEwYWNqA72KbuUdNz518MBzHSaBDLowq","https://xstocks-metadata.backed.fi/logos/tokens/RFx.png","TwentyFourFive",false,0
"ESSx","Essex Property Trust xStock","ESS","USD","XsZsYW1U5exCzHqwsxwjTDABR2SW9MzKccXSkAgx47N","https://xstocks-metadata.backed.fi/logos/tokens/ESSx.png","TwentyFourFive",false,0
"EVRGx","Evergy xStock","EVRG","USD","XswxMcsrN9WpDhX7wDf53ZFGWNhcWYKSa6UY26AgpET","https://xstocks-metadata.backed.fi/logos/tokens/EVRGx.png","TwentyFourFive",false,0
"Lx","Loews xStock","L","USD","XsUn5iqqryPGjArLc1FWnzaquVsCjTPciXQGkRyWfho","https://xstocks-metadata.backed.fi/logos/tokens/Lx.png","TwentyFourFive",false,0
"IPx","International Paper xStock","IP","USD","XsS6AVyq5YpDA5yCUYuwxvkk5hvKvFxAt5tUJik9Y5H","https://xstocks-metadata.backed.fi/logos/tokens/IPx.png","TwentyFourFive",false,0
"EXEx","Expand Energy xStock","EXE","USD","XsodbeGRpfyAzq1MMqZu7u1vCYNKNDuYrCtofaT1PJK","https://xstocks-metadata.backed.fi/logos/tokens/EXEx.png","TwentyFourFive",false,0
"ZBHx","Zimmer Biomet xStock","ZBH","USD","XsE48wmot6dKRcCGVQUXFSrpnRZ4U4yC762ZktjkoGW","https://xstocks-metadata.backed.fi/logos/tokens/ZBHx.png","TwentyFourFive",false,0
"BROx","Brown & Brown xStock","BRO","USD","Xs9hw3a4acJr629NUzDbEC376rv3AhfmwvXm9BNnD9G","https://xstocks-metadata.backed.fi/logos/tokens/BROx.png","TwentyFourFive",false,0
"JBHTx","JB Hunt Transport Services xStock","JBHT","USD","Xs5CSFf663gjowEA7ANX8ZhPe4AkLWMqLbriVu1JmUV","https://xstocks-metadata.backed.fi/logos/tokens/JBHTx.png","TwentyFourFive",false,0
"EWBCx","East West Bancorp xStock","EWBC","USD","XsitAUXgChdnHHVx2qa1Fhw6xe5ZPog1XrEGg4Pp5XW","https://xstocks-metadata.backed.fi/logos/tokens/EWBCx.png","TwentyFourFive",false,0
"PKGx","Packaging Corp of America xStock","PKG","USD","Xstq2wirnUgqHdMvvWafGVbdtg9y845zxAy7iVixkRU","https://xstocks-metadata.backed.fi/logos/tokens/PKGx.png","TwentyFourFive",false,0
"ILMNx","Illumina xStock","ILMN","USD","XsahzH43C2rZpZmYX6eCm2avkeYCzntC168xPdqrDzi","https://xstocks-metadata.backed.fi/logos/tokens/ILMNx.png","TwentyFourFive",false,0
"FFIVx","F5 xStock","FFIV","USD","XspZSVf3tmPqV7QXqNzCjmvv11nnAtQ4n4YwPxykt3U","https://xstocks-metadata.backed.fi/logos/tokens/FFIVx.png","TwentyFourFive",false,0
"INVHx","Invitation Homes xStock","INVH","USD","XsQFmCYjvPGgqYYAth5zNhW8NSCabdamgM1kXMorJs7","https://xstocks-metadata.backed.fi/logos/tokens/INVHx.png","TwentyFourFive",false,0
"MRNAx","Moderna xStock","MRNA","USD","XsViHjyRbiSBskjizb1gszGTmZqtAH8TuqwJ7sB5AcP","https://xstocks-metadata.backed.fi/logos/tokens/MRNAx.png","TwentyFourFive",false,0
"HPQx","HP xStock","HPQ","USD","Xs23PmjqLoJvcLJ2LyMzi17HmkFua1yZsmcxWd4q8Zz","https://xstocks-metadata.backed.fi/logos/tokens/HPQx.png","TwentyFourFive",false,0
"KHCx","The Kraft Heinz xStock","KHC","USD","XszMPpjvc5nyynUGktkn7JkqkfFYxunE29Rxi4Vo8C5","https://xstocks-metadata.backed.fi/logos/tokens/KHCx.png","TwentyFourFive",false,0
"IEXx","IDEX xStock","IEX","USD","XsYoSPpGDGNwgn5HDxgwFxbcrsf8Xjr4Lc62j33JjfK","https://xstocks-metadata.backed.fi/logos/tokens/IEXx.png","TwentyFourFive",false,0
"BURLx","Burlington Stores xStock","BURL","USD","Xszn8sMqeBqfLDXAsDa9uEYo6WT3LYSD4jje2pGK6k5","https://xstocks-metadata.backed.fi/logos/tokens/BURLx.png","TwentyFourFive",false,0
"LSCCx","Lattice Semiconductor xStock","LSCC","USD","XsjaZAWtPNA1ZWqbPZxaDWtx1h9L23ucmRquwuSHQuf","https://xstocks-metadata.backed.fi/logos/tokens/LSCCx.png","TwentyFourFive",false,0
"SNXx","TD Synnex xStock","SNX","USD","Xsh64eWgeLab2YtKPRy15Zj7tXrUncjVwszGW9F5tWG","https://xstocks-metadata.backed.fi/logos/tokens/SNXx.png","TwentyFourFive",false,0
"ZMx","Zoom Communications xStock","ZM","USD","XsgDPEr2Zk1YkWnw1Mm77APoZpeTj8BQZeGSMVtBZGd","https://xstocks-metadata.backed.fi/logos/tokens/ZMx.png","TwentyFourFive",false,0
"VRSKx","Verisk Analytics xStock","VRSK","USD","XsBDavbmVc22RNAgsHwUDEeC8f8VVCKLCcxFbfFUEzW","https://xstocks-metadata.backed.fi/logos/tokens/VRSKx.png","TwentyFourFive",false,0
"MTDx","Mettler-Toledo International xStock","MTD","USD","XsXb7oGeK1N5Jk9mm9VD4ZQrXsu9NULWP3C3n7hhDWp","https://xstocks-metadata.backed.fi/logos/tokens/MTDx.png","TwentyFourFive",false,0
"ESx","Eversource Energy xStock","ES","USD","XsgPX8MYf23yPRv9DrT5ofHn4mThBZgkhboLHz5uSx7","https://xstocks-metadata.backed.fi/logos/tokens/ESx.png","TwentyFourFive",false,0
"CHRWx","C.H. Robinson Worldwide xStock","CHRW","USD","Xsm5zBfHeiGWjraGLwT8DwJhYGjUfhESs7QANcYVp8E","https://xstocks-metadata.backed.fi/logos/tokens/CHRWx.png","TwentyFourFive",false,0
"DOWx","Dow xStock","DOW","USD","XsKWMeTN8wmhrkoWKy6tXAj6476Guj8zonzQu7jivqP","https://xstocks-metadata.backed.fi/logos/tokens/DOWx.png","TwentyFourFive",false,0
"VRSNx","VeriSign xStock","VRSN","USD","Xsy4NX4cCf4YjN6iwypnQ8crXtNkyA2K3jypAX5NfQ6","https://xstocks-metadata.backed.fi/logos/tokens/VRSNx.png","TwentyFourFive",false,0
"EXPDx","Expeditors International of Washington xStock","EXPD","USD","XsJB61YjcXkEf114fDGMMnWhhFf8a1x12Z6hARUUeAM","https://xstocks-metadata.backed.fi/logos/tokens/EXPDx.png","TwentyFourFive",false,0
"LUVx","Southwest Airlines xStock","LUV","USD","XseRUafvQDXZSddDFpsXQPBNggurszyztkh4TEnvEuM","https://xstocks-metadata.backed.fi/logos/tokens/LUVx.png","TwentyFourFive",false,0
"AWKx","American Water Works xStock","AWK","USD","XsUQA7YBvJyBXDrQy23WNydKWdhVCPRVMxEF6MgXytd","https://xstocks-metadata.backed.fi/logos/tokens/AWKx.png","TwentyFourFive",false,0
"CPAYx","Corpay xStock","CPAY","USD","XsPtqd1RVDcZzSmeVwY253J4EHVUqMSrR9FcFmjZjqq","https://xstocks-metadata.backed.fi/logos/tokens/CPAYx.png","TwentyFourFive",false,0
"CMSx","CMS Energy xStock","CMS","USD","Xs6Udev3M1atxRjjXCjAg24BdjYuLs6Qj7eTh7XjEjW","https://xstocks-metadata.backed.fi/logos/tokens/CMSx.png","TwentyFourFive",false,0
"USFDx","US Foods xStock","USFD","USD","Xspjr5y1bLtPTeSg13NBzxcE3JKZjYQrdpHKxAGsQYs","https://xstocks-metadata.backed.fi/logos/tokens/USFDx.png","TwentyFourFive",false,0
"MTZx","MasTec xStock","MTZ","USD","XsvBVwk5d7eU6prsSxHJPu2adEm5q6wx55mbhov2UnF","https://xstocks-metadata.backed.fi/logos/tokens/MTZx.png","TwentyFourFive",false,0
"NIx","NiSource xStock","NI","USD","XsC3CiuRAFKN99m2ye6q7xrYMx4NuBdr1JR2gVWgFLD","https://xstocks-metadata.backed.fi/logos/tokens/NIx.png","TwentyFourFive",false,0
"BWXTx","BWX Technologies xStock","BWXT","USD","XsVpsBVdjW8SWAu4jAjqJ9qnGYzBmUzNDRcG6uiZ9xo","https://xstocks-metadata.backed.fi/logos/tokens/BWXTx.png","TwentyFourFive",false,0
"MKSIx","MKS xStock","MKSI","USD","XsVDmkYEQ3wwLkXKdkRmic3HroSbReejAcnY9eNmrRW","https://xstocks-metadata.backed.fi/logos/tokens/MKSIx.png","TwentyFourFive",false,0
"VTRSx","Viatris xStock","VTRS","USD","Xs9uh84WXf2F4P4UVRLvNGwv753ArA69kUk6r4GKVoA","https://xstocks-metadata.backed.fi/logos/tokens/VTRSx.png","TwentyFourFive",false,0
"INSMx","Insmed xStock","INSM","USD","XsR6i1PnDGCbiV1KHsiMBdKz4MuDgpWHr3QSwC7zNMz","https://xstocks-metadata.backed.fi/logos/tokens/INSMx.png","TwentyFourFive",false,0
"HSTx","Host Hotels & Resorts xStock","HST","USD","XsYbh3CsZ4qCMcfPKEtHAYbePTywhwCkFvdN7Hx3bHA","https://xstocks-metadata.backed.fi/logos/tokens/HSTx.png","TwentyFourFive",false,0
"ATIx","ATI xStock","ATI","USD","Xs7jmdBozN4RTu3YgSZeLcimiHJcsovXjvRtHhJbafT","https://xstocks-metadata.backed.fi/logos/tokens/ATIx.png","TwentyFourFive",false,0
"MKLx","Markel xStock","MKL","USD","XsE44zHnRJVdk5vRpy2YvUPbbg4caoxihL8EKDatiCn","https://xstocks-metadata.backed.fi/logos/tokens/MKLx.png","TwentyFourFive",false,0
"LNTx","Alliant Energy xStock","LNT","USD","Xs1WFZQyEwCZwEyZHRxTzd2KoEoa6MVfv2aZeAc2HXK","https://xstocks-metadata.backed.fi/logos/tokens/LNTx.png","TwentyFourFive",false,0
"FWONKx","Liberty Media xStock","FWONK","USD","XsDum7DWP825ChLAhSN5NYBpoCUsHJJdRKTPseA9VxR","https://xstocks-metadata.backed.fi/logos/tokens/FWONKx.png","TwentyFourFive",false,0
"WYx","Weyerhaeuser xStock","WY","USD","XsrTDXGz8cxi4s4vQrX63NhrtZZmPEFkgbsJQG7UERR","https://xstocks-metadata.backed.fi/logos/tokens/WYx.png","TwentyFourFive",false,0
"CINFx","Cincinnati Financial xStock","CINF","USD","XsNufzbQz3zzhuGTSBi73Rds6wo1ghjn74ooK7ZbLVX","https://xstocks-metadata.backed.fi/logos/tokens/CINFx.png","TwentyFourFive",false,0
"KIMx","Kimco Realty xStock","KIM","USD","XseurSPz9hnmd6k1eQT52a8QC53QcoCoD4qVbPmWzCC","https://xstocks-metadata.backed.fi/logos/tokens/KIMx.png","TwentyFourFive",false,0
"EFXx","Equifax xStock","EFX","USD","Xs3dfAaDSQMVrDcEVbxypK4UeXhCbDBK2AgAWCHwqmq","https://xstocks-metadata.backed.fi/logos/tokens/EFXx.png","TwentyFourFive",false,0
"RSx","Reliance xStock","RS","USD","XskVwPpXzyc9Fc4vqvHJ5v4ojMDWyjzcdPYTK8vFrUy","https://xstocks-metadata.backed.fi/logos/tokens/RSx.png","TwentyFourFive",false,0
"XYLx","Xylem xStock","XYL","USD","XsqFzD9CqfpnmTiFH631bcvQcDReVTMFZMSjk5aXQZL","https://xstocks-metadata.backed.fi/logos/tokens/XYLx.png","TwentyFourFive",false,0
"WSMx","Williams-Sonoma xStock","WSM","USD","XsxjGDiXTcvRjbHgAkngyJgix766hJHKB3XLzNiRSro","https://xstocks-metadata.backed.fi/logos/tokens/WSMx.png","TwentyFourFive",false,0
"SOFIx","SoFi Technologies xStock","SOFI","USD","Xsipo31rLh5EqPMR2cArn6kVPAD83C6rxbmCrT9Wu5u","https://xstocks-metadata.backed.fi/logos/tokens/SOFIx.png","TwentyFourFive",false,0
"ULTAx","Ulta Beauty xStock","ULTA","USD","Xse5GAs99zAj5bzMAbwjooLn4AHn1Ny6nUcN6vt5vrR","https://xstocks-metadata.backed.fi/logos/tokens/ULTAx.png","TwentyFourFive",false,0
"TPLx","Texas Pacific Land xStock","TPL","USD","XsNpiekiQLb87S2VqmaYjez6sNSrjoK78nCPAF8uaCF","https://xstocks-metadata.backed.fi/logos/tokens/TPLx.png","TwentyFourFive",false,0
"DLTRx","Dollar Tree xStock","DLTR","USD","XsPWGRNQF1Thif9qaadTNtF8xfHTb8sjvw1NC46hkED","https://xstocks-metadata.backed.fi/logos/tokens/DLTRx.png","TwentyFourFive",false,0
"XPOx","XPO xStock","XPO","USD","XsJF1CN5uFwF5eD7b8htZDeYzY9o4kdepkvBdsa32ZT","https://xstocks-metadata.backed.fi/logos/tokens/XPOx.png","TwentyFourFive",false,0
"GISx","General Mills xStock","GIS","USD","XsKfQxVh7wasRmzPQEs4qvnmayt5KTX1CqvQdJ8XcSJ","https://xstocks-metadata.backed.fi/logos/tokens/GISx.png","TwentyFourFive",false,0
"AKAMx","Akamai Technologies xStock","AKAM","USD","XsJW9EhZBVQawVj1aGFweU2LwQjZCvyHVYb3vXq8s99","https://xstocks-metadata.backed.fi/logos/tokens/AKAMx.png","TwentyFourFive",false,0
"RGLDx","Royal Gold xStock","RGLD","USD","XsgiYbKzzyYzuxRj1R4E6rvfVccASCGepmWEMpJdFG2","https://xstocks-metadata.backed.fi/logos/tokens/RGLDx.png","TwentyFourFive",false,0
"CPRTx","Copart xStock","CPRT","USD","XshHba6o5aAUPJFL19gmvSn4KRk6N44JVgiFt6UoRsB","https://xstocks-metadata.backed.fi/logos/tokens/CPRTx.png","TwentyFourFive",false,0
"IFFx","International Flavors & Fragrances xStock","IFF","USD","XsXhUW1Mcpff3vCZWb7v3USU5Zpg1nvFPyfzF3XD6NP","https://xstocks-metadata.backed.fi/logos/tokens/IFFx.png","TwentyFourFive",false,0
"FEx","FirstEnergy xStock","FE","USD","XsLpCFJxUb43H6da8YzrS4j79wuddw8Z4GETup7hKMc","https://xstocks-metadata.backed.fi/logos/tokens/FEx.png","TwentyFourFive",false,0
"LPLAx","LPL Financial xStock","LPLA","USD","Xsk7doh3Qsz51GJdGFUdXcW4PFSKgfj1KGMy6jjbk6J","https://xstocks-metadata.backed.fi/logos/tokens/LPLAx.png","TwentyFourFive",false,0
"RJFx","Raymond James Financial xStock","RJF","USD","XsgQwodongKCYRux621fuQzxQRv3fyXQKyPzc2CJ7Ys","https://xstocks-metadata.backed.fi/logos/tokens/RJFx.png","TwentyFourFive",false,0
"SNAx","Snap-on xStock","SNA","USD","XsKxGKYM3RsRvdgzAZXAh7HZiReynB5pxvoTLRMJiF9","https://xstocks-metadata.backed.fi/logos/tokens/SNAx.png","TwentyFourFive",false,0
"HSYx","The Hershey xStock","HSY","USD","XscEuBenD5X7CMVdh6MKzTSBQLsKNqmsoLiXHrQMitH","https://xstocks-metadata.backed.fi/logos/tokens/HSYx.png","TwentyFourFive",false,0
"ENTGx","Entegris xStock","ENTG","USD","XsD6kFBZCYumf4awQ9tgFFh8m2HGJBtTFdLYt7HcwRr","https://xstocks-metadata.backed.fi/logos/tokens/ENTGx.png","TwentyFourFive",false,0
"PPLx","PPL xStock","PPL","USD","Xs12SMK4MA7sLVS8eTged2pXns736u3qe2a1a9io6he","https://xstocks-metadata.backed.fi/logos/tokens/PPLx.png","TwentyFourFive",false,0
"MTSIx","MACOM Technology Solutions xStock","MTSI","USD","XsGkSoEbLmqH2GCixj1MdGYHDbRaJdgnnDPrYhMuLxA","https://xstocks-metadata.backed.fi/logos/tokens/MTSIx.png","TwentyFourFive",false,0
"FTAIx","FTAI Aviation xStock","FTAI","USD","XsX857TxHhoS3CbRt58me2xx8zcAn6n5kMJScZKrHJa","https://xstocks-metadata.backed.fi/logos/tokens/FTAIx.png","TwentyFourFive",false,0
"NRGx","NRG Energy xStock","NRG","USD","XsZ9qtReiaokaUfW3bEUx2AU4Zmcjk9Y95nEtFMqEXn","https://xstocks-metadata.backed.fi/logos/tokens/NRGx.png","TwentyFourFive",false,0
"HUBBx","Hubbell xStock","HUBB","USD","XsCz2AUyFUuadE9zxfs7ywkbMvaQNeVTeNBK15L43Qc","https://xstocks-metadata.backed.fi/logos/tokens/HUBBx.png","TwentyFourFive",false,0
"EIXx","Edison International xStock","EIX","USD","Xsm4TwT5UtCCjkcrj2eMZDPNCTdBeJacMmRCrxoXpZ8","https://xstocks-metadata.backed.fi/logos/tokens/EIXx.png","TwentyFourFive",false,0
"FICOx","Fair Isaac xStock","FICO","USD","XsiZh3X1uThVm4bNh8PzyXVNe3v11oS6v2DCGdkboUL","https://xstocks-metadata.backed.fi/logos/tokens/FICOx.png","TwentyFourFive",false,0
"CRSx","Carpenter Technology xStock","CRS","USD","Xs8FjYWcxTREaUj5hv77f4M2UCreGfP7HegLvqzX56X","https://xstocks-metadata.backed.fi/logos/tokens/CRSx.png","TwentyFourFive",false,0
"PPGx","PPG Industries xStock","PPG","USD","XsoCb51izF2MpU5XghroQDRxtJ2vtcMY9v5Mk1pqaBr","https://xstocks-metadata.backed.fi/logos/tokens/PPGx.png","TwentyFourFive",false,0
"FSLRx","First Solar xStock","FSLR","USD","XsSbcq8MZso4DLAMgtRKjzCvgozdh4sje8PLj45kxJZ","https://xstocks-metadata.backed.fi/logos/tokens/FSLRx.png","TwentyFourFive",false,0
"ATOx","Atmos Energy xStock","ATO","USD","Xsz1UqWKSjB4X7zcvXV6XVL5eBA2YaRqEjXZVP6GXwZ","https://xstocks-metadata.backed.fi/logos/tokens/ATOx.png","TwentyFourFive",false,0
"LIIx","Lennox International xStock","LII","USD","Xs4MEQwg4mtEjAbtBzKsmrDccxX64Y4emF2yJptPJ3q","https://xstocks-metadata.backed.fi/logos/tokens/LIIx.png","TwentyFourFive",false,0
"LYVx","Live Nation Entertainment xStock","LYV","USD","XsFU9pEZTmFTwGowKZkVtagbF5ivCJ4WTyPEZrzVFzY","https://xstocks-metadata.backed.fi/logos/tokens/LYVx.png","TwentyFourFive",false,0
"BSPx","Bending Spoons xStock","BSP","USD","XsYMHtwJcWon5GkPHzdDbCCztKtKzEurJnbydxgjsqS","https://xstocks-metadata.backed.fi/logos/tokens/BSPx.png","TwentyFourFive",false,16
"DXCMx","DexCom xStock","DXCM","USD","Xsspestq9YiZofYG2pvuHgYM1aKdRNocveBodzrGjbg","https://xstocks-metadata.backed.fi/logos/tokens/DXCMx.png","TwentyFourFive",false,0
"EQTx","EQT xStock","EQT","USD","XsvS1ZY358vAjNJ7s3fz13s64ZqYF36rgUDR8yVJkuA","https://xstocks-metadata.backed.fi/logos/tokens/EQTx.png","TwentyFourFive",false,0
"NTRSx","Northern Trust xStock","NTRS","USD","XsRx9hY5BQWniDRahLNtV4uyyvQcnaRgrqw5ops842R","https://xstocks-metadata.backed.fi/logos/tokens/NTRSx.png","TwentyFourFive",false,0
"Ax","Agilent Technologies xStock","A","USD","Xs5drDwMFxkcChq5cU49EX2oTQUVWQ64qsSL5bVQoS3","https://xstocks-metadata.backed.fi/logos/tokens/Ax.png","TwentyFourFive",false,0
"MLMx","Martin Marietta Materials xStock","MLM","USD","Xsvi61uutcLdAsa5NxJ2c9geLgzUFM3tMtpJ44eoegt","https://xstocks-metadata.backed.fi/logos/tokens/MLMx.png","TwentyFourFive",false,0
"CNPx","CenterPoint Energy xStock","CNP","USD","Xsx9i1A6e4xc9r5Gxxy4uZV4YSmwAXBJScvGLRv4nH2","https://xstocks-metadata.backed.fi/logos/tokens/CNPx.png","TwentyFourFive",false,0
"MSCIx","MSCI xStock","MSCI","USD","Xs4BPW5YU7RsXMmCt6CyDphWH3YLtyaXDXEzZDmj33G","https://xstocks-metadata.backed.fi/logos/tokens/MSCIx.png","TwentyFourFive",false,0
"KVUEx","Kenvue xStock","KVUE","USD","XsDDkXqF1sr1ixW4Y93Geqfd2LbrWxokCjQf9poGN3c","https://xstocks-metadata.backed.fi/logos/tokens/KVUEx.png","TwentyFourFive",false,0
"RVMDx","Revolution Medicines xStock","RVMD","USD","XsCRJ3YusYCZ8ihZbmdao46y3ddSibxPK29UsitD9J9","https://xstocks-metadata.backed.fi/logos/tokens/RVMDx.png","TwentyFourFive",false,0
"TDYx","Teledyne Technologies xStock","TDY","USD","XsBKXQehs7BBCZ8YbJ8X5B37BE1ymf9KyMJwbj6Jpoy","https://xstocks-metadata.backed.fi/logos/tokens/TDYx.png","TwentyFourFive",false,0
"PCGx","PG&E xStock","PCG","USD","XsPq3VY73br4wpgi2a4b3jAdvuhstpknXVJ2fA4vNmk","https://xstocks-metadata.backed.fi/logos/tokens/PCGx.png","TwentyFourFive",false,0
"IQVx","IQVIA xStock","IQV","USD","Xstzb2X8HbtJVUephHsF7XknnwiBRYMxWoLyfUBWaoC","https://xstocks-metadata.backed.fi/logos/tokens/IQVx.png","TwentyFourFive",false,0
"WECx","WEC Energy xStock","WEC","USD","Xsxq7WqXpiNFrdWSd6CA27LXmCsCrGyC9C3uaebmaqU","https://xstocks-metadata.backed.fi/logos/tokens/WECx.png","TwentyFourFive",false,0
"PAYXx","Paychex xStock","PAYX","USD","Xsuo3Vd8T7MVAx3miKJ1beX4sGutzdL3GJsjk1yFbxA","https://xstocks-metadata.backed.fi/logos/tokens/PAYXx.png","TwentyFourFive",false,0
"CASYx","Casey's General Stores xStock","CASY","USD","XsDBYWqoxayY5cqFWs6jNJn4wv5vbP3RkTNqceEQRGW","https://xstocks-metadata.backed.fi/logos/tokens/CASYx.png","TwentyFourFive",false,0
"NTRAx","Natera xStock","NTRA","USD","Xsw75QJKjhyvcSFDnqrtXn7amNhCVgeoaoo3rp3sDak","https://xstocks-metadata.backed.fi/logos/tokens/NTRAx.png","TwentyFourFive",false,0
"AEEx","Ameren xStock","AEE","USD","XssLKajmwH79hK14cqp65fFg2Eyteh23nmSaJpKRmzx","https://xstocks-metadata.backed.fi/logos/tokens/AEEx.png","TwentyFourFive",false,0
"VICIx","VICI Properties xStock","VICI","USD","XsN9HmM3TqbY317obKz1fYbRvR81MT9qbL5eUSiGto3","https://xstocks-metadata.backed.fi/logos/tokens/VICIx.png","TwentyFourFive",false,0
"FANGx","Diamondback Energy xStock","FANG","USD","XsdLjeamzdsWW5aBhsGVAaQFcZtCL6yF9nhtWfszGT3","https://xstocks-metadata.backed.fi/logos/tokens/FANGx.png","TwentyFourFive",false,0
"OTISx","Otis Worldwide xStock","OTIS","USD","XszGT2Jo6bZz2SZBmhPstvo2xSs37q67nUJS7gtAfvx","https://xstocks-metadata.backed.fi/logos/tokens/OTISx.png","TwentyFourFive",false,0
"STLDx","Steel Dynamics xStock","STLD","USD","Xsw7mKDicsyZ7dgSMfFxhX5nbgat3uG9V1nCxDy6Gvp","https://xstocks-metadata.backed.fi/logos/tokens/STLDx.png","TwentyFourFive",false,0
"DOVx","Dover xStock","DOV","USD","XsXG3ytqNM8wMwxbZnbZjY3wFua4nU58ZR6Lwr5wSDp","https://xstocks-metadata.backed.fi/logos/tokens/DOVx.png","TwentyFourFive",false,0
"FERGx","Ferguson Enterprises xStock","FERG","USD","XsfdW27Z6gk5otDjYw5R2ad7PP1dKoR1Qx2ayurRBGc","https://xstocks-metadata.backed.fi/logos/tokens/FERGx.png","TwentyFourFive",false,0
"CFGx","Citizens Financial xStock","CFG","USD","Xsp9avBowUQeip8NfLXcwfw5VT74kc72BafgYPXN74a","https://xstocks-metadata.backed.fi/logos/tokens/CFGx.png","TwentyFourFive",false,0
"RMDx","ResMed xStock","RMD","USD","XsjsQvjH8BEXCjrgNiVhmhFiYPcNRXGj262fDupfV1A","https://xstocks-metadata.backed.fi/logos/tokens/RMDx.png","TwentyFourFive",false,0
"Qx","Qnity Electronics xStock","Q","USD","XsqUtYxpP7o3b2yupu7WZ2bi9u68W7VHQTFNR36mz96","https://xstocks-metadata.backed.fi/logos/tokens/Qx.png","TwentyFourFive",false,0
"EMEx","EMCOR xStock","EME","USD","XsHsi7FvQo4T7AkmtyszYkhNdKDCVgrJFS7CWGeaeM8","https://xstocks-metadata.backed.fi/logos/tokens/EMEx.png","TwentyFourFive",false,0
"KMBx","Kimberly-Clark xStock","KMB","USD","XsNnfg6KXzaRsH8PE9T9YEahq3MQpSZ3dQAa4hcL1SN","https://xstocks-metadata.backed.fi/logos/tokens/KMBx.png","TwentyFourFive",false,0
"IRx","Ingersoll Rand xStock","IR","USD","XsWx5RzivC8d5XwnLiMcgQqqhXiDnrTDwFCDap1o6NW","https://xstocks-metadata.backed.fi/logos/tokens/IRx.png","TwentyFourFive",false,0
"EXCx","Exelon xStock","EXC","USD","XswJRi3vQhng81dGRXnaUjpyCzM89pwvYyHveT2xzEB","https://xstocks-metadata.backed.fi/logos/tokens/EXCx.png","TwentyFourFive",false,0
"GEHCx","GE HealthCare Technologies xStock","GEHC","USD","XsQoxoLVogLGYRRRcFwjdcFQVLxFpCuYfDtvh3vJ2Ft","https://xstocks-metadata.backed.fi/logos/tokens/GEHCx.png","TwentyFourFive",false,0
"HIGx","The Hartford Insurance xStock","HIG","USD","XsLw8Pw975zbR4QPQkAorVYM6qQq21jSztyDoskVz5x","https://xstocks-metadata.backed.fi/logos/tokens/HIGx.png","TwentyFourFive",false,0
"IRMx","Iron Mountain xStock","IRM","USD","XssP4Vb5pahDsdKUXy74gD34DzotHCYKGXegd1KHdiA","https://xstocks-metadata.backed.fi/logos/tokens/IRMx.png","TwentyFourFive",false,0
"EXRx","Extra Space Storage xStock","EXR","USD","XseFccApcVhrqASiXFM97ZkX7a2uDWbUWjC4T82LgAT","https://xstocks-metadata.backed.fi/logos/tokens/EXRx.png","TwentyFourFive",false,0
"DTEx","DTE Energy xStock","DTE","USD","XsVK4gk4X1ANBSKF9DGjy9WseKhBfMUuEmP8v7J8u2G","https://xstocks-metadata.backed.fi/logos/tokens/DTEx.png","TwentyFourFive",false,0
"OXYx","Occidental Petroleum xStock","OXY","USD","XsRNiTxDeRvxTEMTV5BC98N7cTZXxjNdLnudR8YeB2b","https://xstocks-metadata.backed.fi/logos/tokens/OXYx.png","TwentyFourFive",false,0
"TTWOx","Take-Two Interactive Software xStock","TTWO","USD","XssvmC28hqLgtT5kf8R8eAv3mejy4XftJ6MXB8QywTa","https://xstocks-metadata.backed.fi/logos/tokens/TTWOx.png","TwentyFourFive",false,0
"KRx","The Kroger xStock","KR","USD","XsHyXCSuYHca6SxpSLb2taKiWkoJA48pVcnqyFguHf5","https://xstocks-metadata.backed.fi/logos/tokens/KRx.png","TwentyFourFive",false,0
"NTAPx","NetApp xStock","NTAP","USD","XsjLc87ewHkMhsxhNRLy4TZFG64ycoZb23hLc2WW7iZ","https://xstocks-metadata.backed.fi/logos/tokens/NTAPx.png","TwentyFourFive",false,0
"PRUx","Prudential Financial xStock","PRU","USD","XsPhDoJMMgARN4eB8apaPNFUjVBKqx3WtRS4ddBwKVw","https://xstocks-metadata.backed.fi/logos/tokens/PRUx.png","TwentyFourFive",false,0
"EDx","Consolidated Edison xStock","ED","USD","XsESyqE7kRmE1RVQDmo4aiMGMXogeY1Sdo8FQKwAmco","https://xstocks-metadata.backed.fi/logos/tokens/EDx.png","TwentyFourFive",false,0
"CWx","Curtiss-Wright xStock","CW","USD","XsWCYadcnfTLH3W8sBbJZepwotUkfV1qg7QQmzVo8M8","https://xstocks-metadata.backed.fi/logos/tokens/CWx.png","TwentyFourFive",false,0
"WATx","Waters xStock","WAT","USD","XsGmxpiwpg9oBuRoyczLkXs7j82v9Rb4BTHwTkvXnNA","https://xstocks-metadata.backed.fi/logos/tokens/WATx.png","TwentyFourFive",false,0
"HALx","Halliburton xStock","HAL","USD","XsYq2q3UxkwdHmhxJf5wbuXfDWuy5mYP5xsDBVEDK8Q","https://xstocks-metadata.backed.fi/logos/tokens/HALx.png","TwentyFourFive",false,0
"BIIBx","Biogen xStock","BIIB","USD","Xsv9aoiWTdvBzVpvetL7LBkuS9xvceDdbLkfqMbTVDx","https://xstocks-metadata.backed.fi/logos/tokens/BIIBx.png","TwentyFourFive",false,0
"CNCx","Centene xStock","CNC","USD","XsegJtRFtvC3qqhNYdN2QXxumd2fjvWQmithQZ33ehS","https://xstocks-metadata.backed.fi/logos/tokens/CNCx.png","TwentyFourFive",false,0
"IDXXx","IDEXX Laboratories xStock","IDXX","USD","Xs2AVjDnFK6ShEvX6QfSFodHpy8znSBhimB4kvTFTa1","https://xstocks-metadata.backed.fi/logos/tokens/IDXXx.png","TwentyFourFive",false,0
"AXONx","Axon Enterprise xStock","AXON","USD","Xshh7vNfHqyqbnfuvhn8o53wXcuUbBYKASPq8DEHPbx","https://xstocks-metadata.backed.fi/logos/tokens/AXONx.png","TwentyFourFive",false,0
"CMGx","Chipotle Mexican Grill xStock","CMG","USD","XsR1ktNCRYDoDNxhaSxF6NX2HyT4ACSQBgPRLpXTWmm","https://xstocks-metadata.backed.fi/logos/tokens/CMGx.png","TwentyFourFive",false,0
"HUMx","Humana xStock","HUM","USD","XseFxRyaaJixiAzKBrSZAAKSLMQKVYceUGadwUAsQ7L","https://xstocks-metadata.backed.fi/logos/tokens/HUMx.png","TwentyFourFive",false,0
"ROPx","Roper Technologies xStock","ROP","USD","XsCbNmXqgaDVDTpXaATSrki9ATKwu1wzfhcYwPriMns","https://xstocks-metadata.backed.fi/logos/tokens/ROPx.png","TwentyFourFive",false,0
"ADMx","Archer-Daniels-Midland xStock","ADM","USD","XsK6kBQe7QDQVmW1PupBZCc4oBpPbsRdPgvqCqvfCXX","https://xstocks-metadata.backed.fi/logos/tokens/ADMx.png","TwentyFourFive",false,0
"CCIx","Crown Castle xStock","CCI","USD","XsbPN4VFi14geuC8D2Tb2u37kQM83VSkfMUyvXsWWoC","https://xstocks-metadata.backed.fi/logos/tokens/CCIx.png","TwentyFourFive",false,0
"DHIx","D.R. Horton xStock","DHI","USD","XsiNAvTHpvygKjMqb8Hz5Nqeo8NTAsWzT6DYLH287FA","https://xstocks-metadata.backed.fi/logos/tokens/DHIx.png","TwentyFourFive",false,0
"BDXx","Becton Dickinson xStock","BDX","USD","Xs3yrczxLidKAArdTKepU5NV8KUmwFM11NMyYbGqWDZ","https://xstocks-metadata.backed.fi/logos/tokens/BDXx.png","TwentyFourFive",false,0
"PSAx","Public Storage xStock","PSA","USD","XsBLm8wotoJMHjonHcr1btz9RwLa3EWjhtbs3DbQphg","https://xstocks-metadata.backed.fi/logos/tokens/PSAx.png","TwentyFourFive",false,0
"VMCx","Vulcan Materials xStock","VMC","USD","XsAtnoftgxL6kJErDeCL8m2e364mAYgEbSfSKxi4ctJ","https://xstocks-metadata.backed.fi/logos/tokens/VMCx.png","TwentyFourFive",false,0
"ALNYx","Alnylam Pharmaceuticals xStock","ALNY","USD","Xs1asXCeRWVFLE3mun2UZhaY9VEDYfyjUhp5mjkjX7b","https://xstocks-metadata.backed.fi/logos/tokens/ALNYx.png","TwentyFourFive",false,0
"AMPx","Ameriprise Financial xStock","AMP","USD","XsqWwT9y8ajA8LXQEy7msQmM6ExkP8Va3XYcr7oVhXg","https://xstocks-metadata.backed.fi/logos/tokens/AMPx.png","TwentyFourFive",false,0
"SYYx","Sysco xStock","SYY","USD","XszobR4az4oYsssmwsFov326662q84g7UPXzRgrGvfS","https://xstocks-metadata.backed.fi/logos/tokens/SYYx.png","TwentyFourFive",false,0
"MTBx","M&T Bank xStock","MTB","USD","XsMXtu6uQkfvxCYURytUcQvhFCoqvphtoezVBh42CfZ","https://xstocks-metadata.backed.fi/logos/tokens/MTBx.png","TwentyFourFive",false,0
"AFLx","Aflac xStock","AFL","USD","XsQ2JJPzG5EMvkRPSshA1mmpVvGPKBNYQmvuEnzpJhZ","https://xstocks-metadata.backed.fi/logos/tokens/AFLx.png","TwentyFourFive",false,0
"CORx","Cencora xStock","COR","USD","Xsst4VThLi3nvYTsNCVwJi1z23LfXrdyKmhArkrSn1n","https://xstocks-metadata.backed.fi/logos/tokens/CORx.png","TwentyFourFive",false,0
"VTRx","Ventas xStock","VTR","USD","XsEvH8WR4t5FU5GT1cfsmPnvrmEknd4UXA68uJ1F25L","https://xstocks-metadata.backed.fi/logos/tokens/VTRx.png","TwentyFourFive",false,0
"TPRx","Tapestry xStock","TPR","USD","Xs2zWfkYjSCCW4fdC1L36rz77YzTcQtji7ewjWPvuWW","https://xstocks-metadata.backed.fi/logos/tokens/TPRx.png","TwentyFourFive",false,0
"HBANx","Huntington Bancshares xStock","HBAN","USD","XsuFbhEyBaWikFEfA3QM92rr9VVYm79Lip4cC5rnSp5","https://xstocks-metadata.backed.fi/logos/tokens/HBANx.png","TwentyFourFive",false,0
"FASTx","Fastenal xStock","FAST","USD","Xs58AdBQTkqkejRvfMrGMQMML1m5xMQKVfKgPmqNhwg","https://xstocks-metadata.backed.fi/logos/tokens/FASTx.png","TwentyFourFive",false,0
"XELx","Xcel Energy xStock","XEL","USD","Xsr6MgLKmoEmN4aL78MQ2q98R8wJnZ3FaCZUMwkNbNU","https://xstocks-metadata.backed.fi/logos/tokens/XELx.png","TwentyFourFive",false,0
"UALx","United Airlines xStock","UAL","USD","XsKq6Ac27X857u18jH8MrWQ3bEA5ZfUSGriawpyu8xw","https://xstocks-metadata.backed.fi/logos/tokens/UALx.png","TwentyFourFive",false,0
"ODFLx","Old Dominion Freight Line xStock","ODFL","USD","XsuEQKUzuiMTMwFTm6MHBeTvknFU585gwu9u4CNKjQD","https://xstocks-metadata.backed.fi/logos/tokens/ODFLx.png","TwentyFourFive",false,0
"ETRx","Entergy xStock","ETR","USD","XssZsJPrzg7n9Sc1stfPcB4vygcVeMfz5uZK2gPwNdv","https://xstocks-metadata.backed.fi/logos/tokens/ETRx.png","TwentyFourFive",false,0
"ONx","ON Semiconductor xStock","ON","USD","XsTzZxvfNdVESw8oEn7cNPnfQ4SGk7ncBSezfU6dxa7","https://xstocks-metadata.backed.fi/logos/tokens/ONx.png","TwentyFourFive",false,0
"YUMx","Yum Brands xStock","YUM","USD","XsNor8pbicnexAYvgvq3p8EXwyRj9UzjYu92ZnrJLqC","https://xstocks-metadata.backed.fi/logos/tokens/YUMx.png","TwentyFourFive",false,0
"PEGx","Public Service Enterprise xStock","PEG","USD","XsUytoK53kCKfXC61Dn3ZM8sjyVBUpScF111pfMG69U","https://xstocks-metadata.backed.fi/logos/tokens/PEGx.png","TwentyFourFive",false,0
"CTVAx","Corteva xStock","CTVA","USD","XsJXYLby91CWhGhTXds9oxjoc8EdsLy2iuxmq55U1Y3","https://xstocks-metadata.backed.fi/logos/tokens/CTVAx.png","TwentyFourFive",false,0
"MCHPx","Microchip Technology xStock","MCHP","USD","Xs9GioXYhWaR1Pt7HLiNRgkHynWdPPWcdZWdUCHkZNj","https://xstocks-metadata.backed.fi/logos/tokens/MCHPx.png","TwentyFourFive",false,0
"JBLx","Jabil xStock","JBL","USD","XsnZQ49Abxr3RJgRSxYd4azhUg4MQVT3amiyaq84oA1","https://xstocks-metadata.backed.fi/logos/tokens/JBLx.png","TwentyFourFive",false,0
"WABx","Westinghouse Air Brake Technologies xStock","WAB","USD","XsGFoZFgiRxDk49QCAQUArX84V88t7Bz3fsExp7HLuX","https://xstocks-metadata.backed.fi/logos/tokens/WABx.png","TwentyFourFive",false,0
"OKEx","ONEOK xStock","OKE","USD","XspDMNC416uCcUbngqyAwzk1phuRYdmm6AMsWo3EHd4","https://xstocks-metadata.backed.fi/logos/tokens/OKEx.png","TwentyFourFive",false,0
"STTx","State Street xStock","STT","USD","Xs6QWdM8Lgdf3gUfmhZfZDu8DKcoMyxjgyU46R28RUR","https://xstocks-metadata.backed.fi/logos/tokens/STTx.png","TwentyFourFive",false,0
"KDPx","Keurig Dr Pepper xStock","KDP","USD","XsdvuTpWkg6TSzpGJrdEwUwtWT7UrUzMxYTLhUZs9s9","https://xstocks-metadata.backed.fi/logos/tokens/KDPx.png","TwentyFourFive",false,0
"AIGx","American International xStock","AIG","USD","XsTg4SHooxeYYvQK5Q2wdKBKY46UdtZkF2LfNwbHEtu","https://xstocks-metadata.backed.fi/logos/tokens/AIGx.png","TwentyFourFive",false,0
"RSGx","Republic Services xStock","RSG","USD","XsUkTUDE9hCG9GLEpw3STiGuf58hYmpymiF3z1nPh3A","https://xstocks-metadata.backed.fi/logos/tokens/RSGx.png","TwentyFourFive",false,0
"METx","MetLife xStock","MET","USD","XsGhGG2TNXuJLFL5q7pAomKtMVc2YvVqs4G1hyBZLfw","https://xstocks-metadata.backed.fi/logos/tokens/METx.png","TwentyFourFive",false,0
"EWx","Edwards Lifesciences xStock","EW","USD","XsSfT8eYeR2NqYFwCNLRNfDARHUTXvLeSnGbw2UKqrA","https://xstocks-metadata.backed.fi/logos/tokens/EWx.png","TwentyFourFive",false,0
"CARRx","Carrier Global xStock","CARR","USD","XsvQh2FdVWMpbNsnYAbDNg38GtAWBEjcweJR42yRTgy","https://xstocks-metadata.backed.fi/logos/tokens/CARRx.png","TwentyFourFive",false,0
"CAHx","Cardinal Health xStock","CAH","USD","XsrstNGy7STAR22txNru2ahbEwdBadFJwYRCBNEQYBS","https://xstocks-metadata.backed.fi/logos/tokens/CAHx.png","TwentyFourFive",false,0
"DALx","Delta Air Lines xStock","DAL","USD","XsQVuhV5fBEb3b8TauFuRimcXSJdVrKqFgQTVqLZiq9","https://xstocks-metadata.backed.fi/logos/tokens/DALx.png","TwentyFourFive",false,0
"ADSKx","Autodesk xStock","ADSK","USD","Xs2jBYo5VxMmuNjpBnMShsLB26dtK75bt42ag93ZdHU","https://xstocks-metadata.backed.fi/logos/tokens/ADSKx.png","TwentyFourFive",false,0
"ALABx","Astera Labs xStock","ALAB","USD","XsuJLDjTibUFnh1gNgnXeDSjQTVffnaWFKzUht5rVvc","https://xstocks-metadata.backed.fi/logos/tokens/ALABx.png","TwentyFourFive",false,0
"AZOx","AutoZone xStock","AZO","USD","XsfLtqmidw4ouMrdWvH5usSs3r77Usm6rXGygxhRTjz","https://xstocks-metadata.backed.fi/logos/tokens/AZOx.png","TwentyFourFive",false,0
"AMEx","AMETEK xStock","AME","USD","XsVNxwvuQghf6TYBmCck75ddYD3KiWozujR8C67bPXC","https://xstocks-metadata.backed.fi/logos/tokens/AMEx.png","TwentyFourFive",false,0
"FITBx","Fifth Third Bancorp xStock","FITB","USD","XsVsC5yPcJKdeuZDejjymo2KJTuE3zdXZoSVuTXA7qv","https://xstocks-metadata.backed.fi/logos/tokens/FITBx.png","TwentyFourFive",false,0
"TRGPx","Targa Resources xStock","TRGP","USD","XsmhtZrbnheSvztwRW82ZqZqMjaRnAQqyWERFh1A4Kr","https://xstocks-metadata.backed.fi/logos/tokens/TRGPx.png","TwentyFourFive",false,0
"DVNx","Devon Energy xStock","DVN","USD","Xs8WNVWbYNsHsqEu9WTb9AazMfG7wFxFat11V6mVK1x","https://xstocks-metadata.backed.fi/logos/tokens/DVNx.png","TwentyFourFive",false,0
"AJGx","Arthur J. Gallagher xStock","AJG","USD","XsYka4UhXnzoqmdPCfqX8EZBQcN2MkrG4gJt4SxGvsN","https://xstocks-metadata.backed.fi/logos/tokens/AJGx.png","TwentyFourFive",false,0
"ROKx","Rockwell Automation xStock","ROK","USD","XsnR8Rtrd8yFDGP3g2HwLdGiw58UcXjggXzgkL3pNYz","https://xstocks-metadata.backed.fi/logos/tokens/ROKx.png","TwentyFourFive",false,0
"Ox","Realty Income xStock","O","USD","XsyMphR2LaL2YBiorsZYFhdN96xKTSi64L3pmiAHLc3","https://xstocks-metadata.backed.fi/logos/tokens/Ox.png","TwentyFourFive",false,0
"REGNx","Regeneron Pharmaceuticals xStock","REGN","USD","XsWkTtvUXJgrvxvgGuHRRqk6iwDuviEQZw4uJFUUGgX","https://xstocks-metadata.backed.fi/logos/tokens/REGNx.png","TwentyFourFive",false,0
"CIENx","Ciena xStock","CIEN","USD","XsE5qZhg6oL1ypWwtwXPQtW1EpFSvRmLXk9ceX9TtZx","https://xstocks-metadata.backed.fi/logos/tokens/CIENx.png","TwentyFourFive",false,0
"Dx","Dominion Energy xStock","D","USD","XsiYzgRPqPjAaJjpDMo2CaQ7c9khuCwD7Hj1po2dxSj","https://xstocks-metadata.backed.fi/logos/tokens/Dx.png","TwentyFourFive",false,0
"MCOx","Moody's xStock","MCO","USD","XseTVygt2sUPQsfYbYVMXzV1AeMRE6Usj9DEWwStMe3","https://xstocks-metadata.backed.fi/logos/tokens/MCOx.png","TwentyFourFive",false,0
"SREx","Sempra xStock","SRE","USD","XsbicvsCUHE9ja8gTsjzruDxQTKeyij94i3phx3NuNf","https://xstocks-metadata.backed.fi/logos/tokens/SREx.png","TwentyFourFive",false,0
"TRVx","The Travelers Companies xStock","TRV","USD","Xsxd1sqLaPsmmmYTZHr2GnNufXXiH5rZcahP99TyeDr","https://xstocks-metadata.backed.fi/logos/tokens/TRVx.png","TwentyFourFive",false,0
"EOGx","EOG Resources xStock","EOG","USD","XsfBx5h3LBhypgy7goD4i8nAfLU8ZZ5QBSQUtASRVox","https://xstocks-metadata.backed.fi/logos/tokens/EOGx.png","TwentyFourFive",false,0
"LHXx","L3Harris Technologies xStock","LHX","USD","XssE4tb3kc3f5V5cRL6dsuffP9wDm915W4bAsyNf62A","https://xstocks-metadata.backed.fi/logos/tokens/LHXx.png","TwentyFourFive",false,0
"SPGx","Simon Property xStock","SPG","USD","XsUXFEjcDYrp7NuzHtC88JLyirmnLpA8nde1e8eRxEn","https://xstocks-metadata.backed.fi/logos/tokens/SPGx.png","TwentyFourFive",false,0
